month,town,flat_type,block,street_name,floor_area_sqm,flat_model,lease_commence_date,num_transactions,min_price,max_price,avg_price,total_price
1990-02,KALLANG/WHAMPOA,5 ROOM,101,AH HOOD RD,118,IMPROVED,1981,37,142500,525000,377500,13967500
1990-01,KALLANG/WHAMPOA,5 ROOM,103,AH HOOD RD,122,IMPROVED,1981,45,142000,500000,348896,15700300
1991-05,BUKIT MERAH,3 ROOM,137,ALEXANDRA RD,72,IMPROVED,1972,21,40160,230000,123993,2603860
1990-05,BUKIT MERAH,3 ROOM,138,ALEXANDRA RD,72,IMPROVED,1972,38,45000,225000,112805,4286600
1990-03,GEYLANG,3 ROOM,101,ALJUNIED CRES,67,NEW GENERATION,1978,88,45000,335000,159617,14046300
1990-01,GEYLANG,3 ROOM,102,ALJUNIED CRES,67,NEW GENERATION,1978,69,45000,322000,136428,9413500
1990-07,GEYLANG,4 ROOM,104,ALJUNIED CRES,92,NEW GENERATION,1978,35,93000,355000,235600,8246000
1991-07,GEYLANG,5 ROOM,105,ALJUNIED CRES,121,IMPROVED,1979,34,118000,450000,334294,11366000
1990-01,GEYLANG,3 ROOM,106,ALJUNIED CRES,67,NEW GENERATION,1979,77,46000,345000,143165,11023688
1990-07,GEYLANG,4 ROOM,107,ALJUNIED CRES,91,NEW GENERATION,1981,25,87000,351000,233320,5833000
1990-01,GEYLANG,3 ROOM,108,ALJUNIED CRES,68,NEW GENERATION,1981,42,54000,370000,148445,6234680
1990-02,GEYLANG,2 ROOM,109,ALJUNIED CRES,45,IMPROVED,1986,102,28700,206000,99071,10105250
1990-07,GEYLANG,5 ROOM,110,ALJUNIED CRES,121,IMPROVED,1980,45,100000,490000,330644,14879000
1990-08,GEYLANG,3 ROOM,111,ALJUNIED CRES,67,NEW GENERATION,1978,49,56000,293000,153612,7527000
1990-01,GEYLANG,3 ROOM,112,ALJUNIED CRES,67,NEW GENERATION,1980,44,58000,290000,151959,6686200
1990-04,GEYLANG,3 ROOM,95,ALJUNIED CRES,59,IMPROVED,1975,82,33000,220000,114789,9412700
1990-03,GEYLANG,3 ROOM,97,ALJUNIED CRES,65,IMPROVED,1975,60,33000,213000,112375,6742500
1990-01,GEYLANG,3 ROOM,98,ALJUNIED CRES,76,IMPROVED,1975,74,33000,215000,116303,8606400
1990-01,GEYLANG,3 ROOM,99,ALJUNIED CRES,67,NEW GENERATION,1978,81,45000,326000,139969,11337500
1990-04,GEYLANG,5 ROOM,125,ALJUNIED RD,121,IMPROVED,1983,42,138800,495000,348245,14626300
1990-08,GEYLANG,5 ROOM,126,ALJUNIED RD,121,IMPROVED,1983,48,120000,500000,335454,16101788
1990-07,ANG MO KIO,4 ROOM,205,ANG MO KIO AVE 1,98,NEW GENERATION,1977,35,68000,350000,204080,7142800
1990-08,ANG MO KIO,4 ROOM,207,ANG MO KIO AVE 1,97,NEW GENERATION,1976,31,72000,360000,218339,6768500
1990-04,ANG MO KIO,3 ROOM,208,ANG MO KIO AVE 1,73,NEW GENERATION,1976,87,34000,270000,146868,12777500
1990-07,ANG MO KIO,3 ROOM,215,ANG MO KIO AVE 1,88,NEW GENERATION,1976,75,35000,279000,125425,9406840
1990-01,ANG MO KIO,3 ROOM,216,ANG MO KIO AVE 1,73,NEW GENERATION,1976,86,34000,290000,134534,11569900
1990-07,ANG MO KIO,3 ROOM,218,ANG MO KIO AVE 1,67,NEW GENERATION,1976,81,34000,288000,132148,10704000
1990-01,ANG MO KIO,3 ROOM,219,ANG MO KIO AVE 1,82,NEW GENERATION,1977,88,34000,350000,131049,11532300
1990-01,ANG MO KIO,3 ROOM,220,ANG MO KIO AVE 1,67,NEW GENERATION,1977,61,34000,300000,136041,8298500
1996-07,ANG MO KIO,4 ROOM,221,ANG MO KIO AVE 1,112,MODEL A,1993,22,220000,520000,357455,7864000
1994-01,ANG MO KIO,5 ROOM,222,ANG MO KIO AVE 1,126,IMPROVED,1993,28,250000,540000,364393,10203000
1990-01,ANG MO KIO,3 ROOM,223,ANG MO KIO AVE 1,67,NEW GENERATION,1978,89,36000,315000,146409,13030400
1990-02,ANG MO KIO,4 ROOM,225,ANG MO KIO AVE 1,92,NEW GENERATION,1978,105,38000,270000,126153,13246040
1990-02,ANG MO KIO,4 ROOM,226,ANG MO KIO AVE 1,91,NEW GENERATION,1978,34,70500,321000,171418,5828200
1990-07,ANG MO KIO,4 ROOM,303,ANG MO KIO AVE 1,97,NEW GENERATION,1977,65,70000,360000,208974,13583300
1990-03,ANG MO KIO,4 ROOM,304,ANG MO KIO AVE 1,97,NEW GENERATION,1977,54,70000,360000,214349,11574860
1990-03,ANG MO KIO,5 ROOM,305,ANG MO KIO AVE 1,123,STANDARD,1977,53,65000,475000,289781,15358400
1990-07,ANG MO KIO,5 ROOM,306,ANG MO KIO AVE 1,123,STANDARD,1977,50,60000,465000,271606,13580300
1990-02,ANG MO KIO,3 ROOM,307,ANG MO KIO AVE 1,67,NEW GENERATION,1977,81,35000,378000,146674,11880600
1990-01,ANG MO KIO,3 ROOM,308,ANG MO KIO AVE 1,82,NEW GENERATION,1976,67,35000,332000,134624,9019800
1990-01,ANG MO KIO,1 ROOM,309,ANG MO KIO AVE 1,31,IMPROVED,1977,231,5600,142000,48797,11272040
1990-03,ANG MO KIO,3 ROOM,316,ANG MO KIO AVE 1,67,NEW GENERATION,1977,54,40000,363000,127463,6883000
1990-04,ANG MO KIO,3 ROOM,319,ANG MO KIO AVE 1,73,NEW GENERATION,1977,115,38000,310000,134707,15491288
1990-01,ANG MO KIO,3 ROOM,320,ANG MO KIO AVE 1,73,NEW GENERATION,1977,59,33600,328000,141625,8355900
1990-08,ANG MO KIO,3 ROOM,321,ANG MO KIO AVE 1,73,NEW GENERATION,1977,69,45000,272000,143429,9896600
1990-01,ANG MO KIO,3 ROOM,330,ANG MO KIO AVE 1,68,NEW GENERATION,1981,120,34000,263000,126108,15132920
1990-03,ANG MO KIO,3 ROOM,331,ANG MO KIO AVE 1,68,NEW GENERATION,1981,120,35000,330000,143571,17228500
1990-04,ANG MO KIO,3 ROOM,332,ANG MO KIO AVE 1,68,NEW GENERATION,1981,107,34000,305000,124805,13354188
1990-01,ANG MO KIO,3 ROOM,333,ANG MO KIO AVE 1,68,NEW GENERATION,1981,97,43000,270000,138370,13421900
1990-04,ANG MO KIO,4 ROOM,334,ANG MO KIO AVE 1,92,NEW GENERATION,1982,25,70000,350000,208112,5202800
1990-01,ANG MO KIO,4 ROOM,335,ANG MO KIO AVE 1,91,NEW GENERATION,1982,36,65000,360000,254578,9164800
1990-01,ANG MO KIO,4 ROOM,336,ANG MO KIO AVE 1,91,NEW GENERATION,1982,40,68000,350000,238210,9528400
1993-10,ANG MO KIO,4 ROOM,337,ANG MO KIO AVE 1,92,NEW GENERATION,1982,29,170000,343000,263655,7646000
1990-01,ANG MO KIO,5 ROOM,401,ANG MO KIO AVE 10,119,IMPROVED,1979,38,100000,492000,283434,10770500
1990-04,ANG MO KIO,5 ROOM,402,ANG MO KIO AVE 10,119,IMPROVED,1979,41,105000,515000,335412,13751900
1990-01,ANG MO KIO,3 ROOM,403,ANG MO KIO AVE 10,67,NEW GENERATION,1979,62,35000,320000,139532,8651000
1990-01,ANG MO KIO,3 ROOM,404,ANG MO KIO AVE 10,67,NEW GENERATION,1979,57,43800,292000,141721,8078100
1990-01,ANG MO KIO,3 ROOM,405,ANG MO KIO AVE 10,67,NEW GENERATION,1979,74,37000,280000,124965,9247400
1990-11,ANG MO KIO,3 ROOM,407,ANG MO KIO AVE 10,68,NEW GENERATION,1980,3,40000,83000,56667,170000
1991-10,ANG MO KIO,3 ROOM,408,ANG MO KIO AVE 10,68,NEW GENERATION,1980,2,35000,144000,89500,179000
1990-11,ANG MO KIO,4 ROOM,411,ANG MO KIO AVE 10,92,NEW GENERATION,1979,29,66000,360000,223590,6484100
1990-03,ANG MO KIO,4 ROOM,412,ANG MO KIO AVE 10,92,NEW GENERATION,1979,33,71000,345000,220752,7284800
1990-06,ANG MO KIO,4 ROOM,413,ANG MO KIO AVE 10,92,NEW GENERATION,1979,37,70000,335000,208197,7703300
1990-01,ANG MO KIO,4 ROOM,414,ANG MO KIO AVE 10,92,NEW GENERATION,1979,56,70500,350000,210868,11808600
1990-02,ANG MO KIO,4 ROOM,415,ANG MO KIO AVE 10,92,NEW GENERATION,1979,81,60000,338000,204685,16579500
1990-02,ANG MO KIO,4 ROOM,416,ANG MO KIO AVE 10,99,NEW GENERATION,1979,98,34500,330000,138765,13599000
1990-01,ANG MO KIO,3 ROOM,417,ANG MO KIO AVE 10,89,NEW GENERATION,1979,108,35000,315000,136832,14777900
1990-01,ANG MO KIO,3 ROOM,418,ANG MO KIO AVE 10,74,NEW GENERATION,1979,113,38000,313000,125319,14161000
1990-01,ANG MO KIO,3 ROOM,419,ANG MO KIO AVE 10,74,NEW GENERATION,1979,103,34000,310000,136329,14041888
1990-03,ANG MO KIO,3 ROOM,421,ANG MO KIO AVE 10,74,NEW GENERATION,1979,74,35000,309000,138828,10273300
1990-02,ANG MO KIO,5 ROOM,431,ANG MO KIO AVE 10,119,IMPROVED,1979,42,110000,518000,349083,14661500
1990-03,ANG MO KIO,3 ROOM,432,ANG MO KIO AVE 10,67,NEW GENERATION,1979,48,34000,328000,147021,7057000
1990-01,ANG MO KIO,3 ROOM,433,ANG MO KIO AVE 10,67,NEW GENERATION,1979,64,37700,308000,137239,8783300
1990-01,ANG MO KIO,3 ROOM,434,ANG MO KIO AVE 10,67,NEW GENERATION,1979,59,37000,330000,151547,8941300
1990-01,ANG MO KIO,3 ROOM,435,ANG MO KIO AVE 10,67,NEW GENERATION,1979,108,35000,363800,136407,14732000
1990-02,ANG MO KIO,4 ROOM,436,ANG MO KIO AVE 10,92,NEW GENERATION,1979,36,70000,360000,208883,7519800
1990-08,ANG MO KIO,5 ROOM,437,ANG MO KIO AVE 10,119,IMPROVED,1979,35,90000,520000,343351,12017300
1990-01,ANG MO KIO,4 ROOM,438,ANG MO KIO AVE 10,92,NEW GENERATION,1979,37,51000,335000,215684,7980300
1990-01,ANG MO KIO,5 ROOM,439,ANG MO KIO AVE 10,119,IMPROVED,1979,60,110000,498000,321411,19284688
1990-03,ANG MO KIO,3 ROOM,440,ANG MO KIO AVE 10,67,NEW GENERATION,1979,93,34000,316000,127230,11832400
1990-01,ANG MO KIO,3 ROOM,441,ANG MO KIO AVE 10,67,NEW GENERATION,1979,76,38000,322000,134372,10212300
1990-01,ANG MO KIO,3 ROOM,442,ANG MO KIO AVE 10,67,NEW GENERATION,1979,97,35888,318000,135455,13139138
1990-01,ANG MO KIO,3 ROOM,443,ANG MO KIO AVE 10,67,NEW GENERATION,1979,109,34000,312000,118442,12910200
1990-01,ANG MO KIO,3 ROOM,444,ANG MO KIO AVE 10,67,NEW GENERATION,1979,115,35000,315000,130567,15015160
1990-03,ANG MO KIO,3 ROOM,445,ANG MO KIO AVE 10,82,NEW GENERATION,1979,126,43000,325000,140955,17760380
1992-02,ANG MO KIO,3 ROOM,446,ANG MO KIO AVE 10,68,NEW GENERATION,1979,7,40500,183000,126643,886500
1990-02,ANG MO KIO,3 ROOM,447,ANG MO KIO AVE 10,68,NEW GENERATION,1979,13,34000,203000,129362,1681700
1990-03,ANG MO KIO,3 ROOM,448,ANG MO KIO AVE 10,68,NEW GENERATION,1979,6,40000,146000,89000,534000
1990-05,ANG MO KIO,4 ROOM,449,ANG MO KIO AVE 10,94,NEW GENERATION,1979,11,45000,250000,119636,1316000
1990-01,ANG MO KIO,3 ROOM,450,ANG MO KIO AVE 10,83,NEW GENERATION,1979,13,47000,206000,113169,1471200
1991-10,ANG MO KIO,3 ROOM,451,ANG MO KIO AVE 10,68,NEW GENERATION,1979,6,34000,233000,135833,815000
1990-08,ANG MO KIO,3 ROOM,452,ANG MO KIO AVE 10,68,NEW GENERATION,1979,12,42000,180000,103958,1247500
1991-07,ANG MO KIO,3 ROOM,453,ANG MO KIO AVE 10,83,NEW GENERATION,1979,8,47000,175000,106125,849000
1990-02,ANG MO KIO,3 ROOM,454,ANG MO KIO AVE 10,67,NEW GENERATION,1980,75,34000,327000,134809,10110700
1990-01,ANG MO KIO,3 ROOM,455,ANG MO KIO AVE 10,67,NEW GENERATION,1980,28,40000,331888,136489,3821688
1990-01,ANG MO KIO,4 ROOM,456,ANG MO KIO AVE 10,100,NEW GENERATION,1980,85,34000,280000,137271,11668000
1990-02,ANG MO KIO,3 ROOM,457,ANG MO KIO AVE 10,75,NEW GENERATION,1980,105,43000,328000,136013,14281350
1990-03,ANG MO KIO,5 ROOM,458,ANG MO KIO AVE 10,120,IMPROVED,1980,57,110000,480000,322621,18389400
1990-01,ANG MO KIO,5 ROOM,459,ANG MO KIO AVE 10,120,IMPROVED,1980,45,109000,512000,309367,13921500
1990-01,ANG MO KIO,5 ROOM,460,ANG MO KIO AVE 10,120,IMPROVED,1980,39,110000,510000,308618,12036100
1990-02,ANG MO KIO,3 ROOM,461,ANG MO KIO AVE 10,82,NEW GENERATION,1980,60,35000,306000,143601,8616088
1990-03,ANG MO KIO,3 ROOM,462,ANG MO KIO AVE 10,68,NEW GENERATION,1980,49,34000,280000,140755,6897000
1990-01,ANG MO KIO,3 ROOM,463,ANG MO KIO AVE 10,68,NEW GENERATION,1980,114,35000,280000,124434,14185500
1990-03,ANG MO KIO,3 ROOM,464,ANG MO KIO AVE 10,68,NEW GENERATION,1980,17,46000,306000,124482,2116200
1990-01,ANG MO KIO,3 ROOM,465,ANG MO KIO AVE 10,68,NEW GENERATION,1980,90,34000,325000,132460,11921400
1990-01,ANG MO KIO,3 ROOM,466,ANG MO KIO AVE 10,82,NEW GENERATION,1984,108,37500,335000,149818,16180300
1990-07,ANG MO KIO,4 ROOM,467,ANG MO KIO AVE 10,92,NEW GENERATION,1979,61,52000,343000,225607,13762000
1990-07,ANG MO KIO,3 ROOM,468,ANG MO KIO AVE 10,67,NEW GENERATION,1979,23,36000,285000,128630,2958500
1990-02,ANG MO KIO,4 ROOM,470,ANG MO KIO AVE 10,92,NEW GENERATION,1979,56,52250,350000,220935,12372350
1990-01,ANG MO KIO,3 ROOM,471,ANG MO KIO AVE 10,67,NEW GENERATION,1979,90,38000,272000,135339,12180500
1990-07,ANG MO KIO,4 ROOM,472,ANG MO KIO AVE 10,92,NEW GENERATION,1979,65,60000,320000,207035,13457300
1990-01,ANG MO KIO,4 ROOM,473,ANG MO KIO AVE 10,91,NEW GENERATION,1984,67,52000,300000,150867,10108100
1990-01,ANG MO KIO,3 ROOM,474,ANG MO KIO AVE 10,67,NEW GENERATION,1984,78,37500,330000,152573,11900700
1990-05,ANG MO KIO,3 ROOM,475,ANG MO KIO AVE 10,82,NEW GENERATION,1979,83,43300,309000,143194,11885100
1990-02,ANG MO KIO,4 ROOM,476,ANG MO KIO AVE 10,91,NEW GENERATION,1979,93,33600,273000,118916,11059200
1992-06,ANG MO KIO,3 ROOM,529,ANG MO KIO AVE 10,85,NEW GENERATION,1980,2,73000,238000,155500,311000
1993-09,ANG MO KIO,3 ROOM,530,ANG MO KIO AVE 10,69,NEW GENERATION,1980,2,80000,165000,122500,245000
1991-05,ANG MO KIO,3 ROOM,531,ANG MO KIO AVE 10,85,NEW GENERATION,1980,2,56900,115000,85950,171900
1997-10,ANG MO KIO,3 ROOM,532,ANG MO KIO AVE 10,85,NEW GENERATION,1980,1,216000,216000,216000,216000
1990-01,ANG MO KIO,3 ROOM,534,ANG MO KIO AVE 10,68,NEW GENERATION,1980,90,35000,263000,131189,11807000
1990-03,ANG MO KIO,3 ROOM,536,ANG MO KIO AVE 10,68,NEW GENERATION,1980,88,34000,328000,121997,10735700
1990-02,ANG MO KIO,5 ROOM,539,ANG MO KIO AVE 10,118,IMPROVED,1980,57,109000,520000,328349,18715900
1990-06,ANG MO KIO,3 ROOM,540,ANG MO KIO AVE 10,68,NEW GENERATION,1981,112,34500,328000,134862,15104560
1990-04,ANG MO KIO,3 ROOM,541,ANG MO KIO AVE 10,68,NEW GENERATION,1981,117,33600,334000,129483,15149500
1990-01,ANG MO KIO,3 ROOM,542,ANG MO KIO AVE 10,68,NEW GENERATION,1981,79,35000,320000,137811,10887100
1991-05,ANG MO KIO,4 ROOM,543,ANG MO KIO AVE 10,92,NEW GENERATION,1981,37,72000,350000,238968,8841800
1990-01,ANG MO KIO,4 ROOM,544,ANG MO KIO AVE 10,92,NEW GENERATION,1981,39,71800,338000,201544,7860200
1990-01,ANG MO KIO,5 ROOM,545,ANG MO KIO AVE 10,118,IMPROVED,1981,76,90000,500000,313909,23857100
1990-02,ANG MO KIO,4 ROOM,546,ANG MO KIO AVE 10,92,NEW GENERATION,1981,34,70000,322000,190868,6489500
1990-10,ANG MO KIO,4 ROOM,547,ANG MO KIO AVE 10,92,NEW GENERATION,1981,24,71000,327000,212083,5090000
1990-01,ANG MO KIO,3 ROOM,548,ANG MO KIO AVE 10,68,NEW GENERATION,1981,7,44000,226000,118571,830000
1990-03,ANG MO KIO,3 ROOM,549,ANG MO KIO AVE 10,68,NEW GENERATION,1981,71,39000,281000,139380,9896000
1990-01,ANG MO KIO,3 ROOM,550,ANG MO KIO AVE 10,82,NEW GENERATION,1981,97,39000,343000,133613,12960500
1990-04,ANG MO KIO,5 ROOM,551,ANG MO KIO AVE 10,118,IMPROVED,1981,55,90000,498000,324273,17835000
1990-03,ANG MO KIO,5 ROOM,552,ANG MO KIO AVE 10,119,IMPROVED,1980,49,109000,513000,323011,15827520
1990-07,ANG MO KIO,5 ROOM,553,ANG MO KIO AVE 10,119,IMPROVED,1980,55,110000,560000,346838,19076100
1990-08,ANG MO KIO,3 ROOM,554,ANG MO KIO AVE 10,68,NEW GENERATION,1981,17,47200,315000,152600,2594200
1990-11,ANG MO KIO,3 ROOM,555,ANG MO KIO AVE 10,68,NEW GENERATION,1980,3,37000,190000,120000,360000
1990-04,ANG MO KIO,3 ROOM,556,ANG MO KIO AVE 10,68,NEW GENERATION,1980,76,35000,290000,134029,10186200
1990-03,ANG MO KIO,3 ROOM,557,ANG MO KIO AVE 10,68,NEW GENERATION,1980,72,40000,265000,126587,9114280
1990-01,ANG MO KIO,3 ROOM,558,ANG MO KIO AVE 10,82,NEW GENERATION,1980,103,35000,305000,130676,13459600
1990-01,ANG MO KIO,3 ROOM,559,ANG MO KIO AVE 10,68,NEW GENERATION,1980,95,36000,330000,132496,12587100
1990-01,ANG MO KIO,3 ROOM,560,ANG MO KIO AVE 10,67,NEW GENERATION,1980,112,34000,295000,138652,15529000
1990-02,ANG MO KIO,3 ROOM,561,ANG MO KIO AVE 10,68,NEW GENERATION,1980,83,34000,320000,141410,11737000
1990-02,ANG MO KIO,3 ROOM,575,ANG MO KIO AVE 10,67,NEW GENERATION,1980,75,35000,330000,147575,11068100
1990-04,ANG MO KIO,3 ROOM,576,ANG MO KIO AVE 10,67,NEW GENERATION,1980,59,40000,339800,139268,8216800
1990-08,ANG MO KIO,3 ROOM,577,ANG MO KIO AVE 10,67,NEW GENERATION,1980,79,34000,257000,145076,11461000
1990-04,ANG MO KIO,3 ROOM,578,ANG MO KIO AVE 10,82,NEW GENERATION,1980,79,34000,322000,149468,11808000
1990-02,ANG MO KIO,3 ROOM,248,ANG MO KIO AVE 2,82,NEW GENERATION,1978,105,36000,385000,141113,14816880
1990-01,ANG MO KIO,5 ROOM,259,ANG MO KIO AVE 2,135,MODEL A,1982,55,160000,603000,410376,22570688
1990-01,ANG MO KIO,5 ROOM,101,ANG MO KIO AVE 3,117,STANDARD,1978,41,95000,465000,296378,12151500
1996-08,ANG MO KIO,4 ROOM,102,ANG MO KIO AVE 3,112,MODEL A,1993,22,263000,555000,361364,7950000
1990-01,ANG MO KIO,4 ROOM,103,ANG MO KIO AVE 3,90,NEW GENERATION,1978,64,39000,295000,146694,9388400
1990-06,ANG MO KIO,3 ROOM,119,ANG MO KIO AVE 3,67,NEW GENERATION,1978,81,38000,355000,137620,11147200
1990-01,ANG MO KIO,4 ROOM,120,ANG MO KIO AVE 3,83,NEW GENERATION,1978,68,35000,323000,150154,10210500
1990-01,ANG MO KIO,3 ROOM,121,ANG MO KIO AVE 3,67,NEW GENERATION,1978,106,35000,320000,136993,14521270
1990-03,ANG MO KIO,3 ROOM,122,ANG MO KIO AVE 3,82,NEW GENERATION,1978,82,38000,325000,152421,12498500
1990-01,ANG MO KIO,3 ROOM,126,ANG MO KIO AVE 3,82,NEW GENERATION,1978,85,35000,331500,136212,11578000
1990-01,ANG MO KIO,3 ROOM,127,ANG MO KIO AVE 3,67,NEW GENERATION,1978,78,34000,353000,142169,11089200
1990-01,ANG MO KIO,3 ROOM,128,ANG MO KIO AVE 3,67,NEW GENERATION,1978,74,37000,343000,143520,10620500
1990-01,ANG MO KIO,3 ROOM,129,ANG MO KIO AVE 3,73,NEW GENERATION,1979,146,34000,307000,129234,18868100
1990-01,ANG MO KIO,3 ROOM,130,ANG MO KIO AVE 3,88,NEW GENERATION,1979,116,33800,270000,125231,14526800
1990-07,ANG MO KIO,4 ROOM,131,ANG MO KIO AVE 3,98,NEW GENERATION,1979,44,71800,335000,194525,8559100
1990-05,ANG MO KIO,5 ROOM,132,ANG MO KIO AVE 3,123,STANDARD,1979,50,68000,455000,256206,12810300
1992-11,ANG MO KIO,3 ROOM,133,ANG MO KIO AVE 3,73,NEW GENERATION,1979,11,47000,265000,152782,1680600
1990-02,ANG MO KIO,4 ROOM,134,ANG MO KIO AVE 3,98,NEW GENERATION,1978,67,70000,340000,210194,14083000
1990-02,ANG MO KIO,3 ROOM,201,ANG MO KIO AVE 3,67,NEW GENERATION,1977,82,35000,247000,134368,11018150
1990-01,ANG MO KIO,3 ROOM,202,ANG MO KIO AVE 3,67,NEW GENERATION,1977,69,41000,295000,134029,9248000
1990-12,ANG MO KIO,4 ROOM,204,ANG MO KIO AVE 3,92,NEW GENERATION,1977,30,72000,340000,231810,6954300
1990-01,ANG MO KIO,4 ROOM,209,ANG MO KIO AVE 3,91,NEW GENERATION,1977,45,72000,340000,225233,10135500
1990-02,ANG MO KIO,4 ROOM,210,ANG MO KIO AVE 3,91,NEW GENERATION,1977,57,70000,362000,214560,12229900
1990-01,ANG MO KIO,3 ROOM,211,ANG MO KIO AVE 3,67,NEW GENERATION,1977,140,34000,285000,130723,18301200
1990-02,ANG MO KIO,3 ROOM,212,ANG MO KIO AVE 3,67,NEW GENERATION,1977,136,38000,320000,138287,18806980
1990-03,ANG MO KIO,3 ROOM,213,ANG MO KIO AVE 3,67,NEW GENERATION,1976,89,34000,318000,126420,11251400
1990-03,ANG MO KIO,3 ROOM,214,ANG MO KIO AVE 3,67,NEW GENERATION,1976,72,34000,298000,133400,9604800
1990-04,ANG MO KIO,4 ROOM,229,ANG MO KIO AVE 3,91,NEW GENERATION,1978,50,70000,330000,195260,9763000
1990-01,ANG MO KIO,3 ROOM,230,ANG MO KIO AVE 3,82,NEW GENERATION,1978,85,34000,325000,129059,10970000
1990-01,ANG MO KIO,4 ROOM,231,ANG MO KIO AVE 3,92,NEW GENERATION,1977,32,72000,338000,226953,7262500
1990-01,ANG MO KIO,3 ROOM,232,ANG MO KIO AVE 3,67,NEW GENERATION,1977,73,34000,283000,123797,9037200
1991-05,ANG MO KIO,3 ROOM,233,ANG MO KIO AVE 3,67,NEW GENERATION,1977,53,38000,296500,159890,8474188
1996-11,ANG MO KIO,4 ROOM,234,ANG MO KIO AVE 3,102,MODEL A,1993,25,242900,542000,378276,9456900
1990-01,ANG MO KIO,3 ROOM,235,ANG MO KIO AVE 3,67,NEW GENERATION,1977,113,34000,300000,125488,14180100
1990-01,ANG MO KIO,3 ROOM,247,ANG MO KIO AVE 3,82,NEW GENERATION,1978,122,35000,310000,123313,15044200
1990-02,ANG MO KIO,3 ROOM,301,ANG MO KIO AVE 3,73,NEW GENERATION,1978,88,35000,330000,148315,13051700
1990-02,ANG MO KIO,4 ROOM,302,ANG MO KIO AVE 3,98,NEW GENERATION,1978,119,34000,360000,135835,16164400
1990-08,ANG MO KIO,5 ROOM,311,ANG MO KIO AVE 3,123,IMPROVED,1978,34,96000,550000,307765,10464000
1990-02,ANG MO KIO,5 ROOM,312,ANG MO KIO AVE 3,123,IMPROVED,1978,32,85000,550000,320578,10258500
1990-01,ANG MO KIO,3 ROOM,313,ANG MO KIO AVE 3,73,NEW GENERATION,1978,106,33600,385000,162510,17226100
1990-09,ANG MO KIO,3 ROOM,322,ANG MO KIO AVE 3,73,NEW GENERATION,1977,47,33600,328000,153328,7206400
1990-01,ANG MO KIO,4 ROOM,324,ANG MO KIO AVE 3,98,NEW GENERATION,1978,52,78000,388000,244892,12734380
1990-05,ANG MO KIO,4 ROOM,325,ANG MO KIO AVE 3,98,NEW GENERATION,1978,36,70000,385000,226611,8158000
1990-02,ANG MO KIO,4 ROOM,326,ANG MO KIO AVE 3,92,NEW GENERATION,1977,42,72000,351000,219538,9220588
1990-06,ANG MO KIO,4 ROOM,327,ANG MO KIO AVE 3,98,NEW GENERATION,1977,33,70000,350000,237470,7836518
1990-02,ANG MO KIO,3 ROOM,328,ANG MO KIO AVE 3,88,NEW GENERATION,1978,75,33600,325000,147673,11075500
1990-01,ANG MO KIO,3 ROOM,329,ANG MO KIO AVE 3,73,NEW GENERATION,1978,74,35000,355000,155236,11487500
1990-01,ANG MO KIO,3 ROOM,343,ANG MO KIO AVE 3,73,NEW GENERATION,1978,84,40000,375000,154506,12978500
1990-01,ANG MO KIO,4 ROOM,344,ANG MO KIO AVE 3,98,NEW GENERATION,1978,45,52000,403000,213940,9627300
1990-01,ANG MO KIO,3 ROOM,345,ANG MO KIO AVE 3,73,NEW GENERATION,1978,90,34000,385000,169211,15229000
1990-01,ANG MO KIO,3 ROOM,346,ANG MO KIO AVE 3,73,NEW GENERATION,1978,76,35000,375000,164089,12470800
1990-02,ANG MO KIO,3 ROOM,348,ANG MO KIO AVE 3,73,NEW GENERATION,1978,82,35000,305000,142933,11720500
1990-04,ANG MO KIO,3 ROOM,422,ANG MO KIO AVE 3,73,NEW GENERATION,1979,88,35000,298000,144737,12736888
1996-01,ANG MO KIO,4 ROOM,423,ANG MO KIO AVE 3,108,MODEL A,1993,16,263000,420000,341875,5470000
1990-01,ANG MO KIO,3 ROOM,424,ANG MO KIO AVE 3,73,NEW GENERATION,1979,108,34000,315000,149492,16145108
1990-01,ANG MO KIO,3 ROOM,425,ANG MO KIO AVE 3,67,NEW GENERATION,1979,70,34000,337000,139254,9747800
1990-06,ANG MO KIO,4 ROOM,426,ANG MO KIO AVE 3,92,NEW GENERATION,1978,58,70000,338000,226436,13133300
1990-01,ANG MO KIO,4 ROOM,427,ANG MO KIO AVE 3,92,NEW GENERATION,1978,52,61000,350000,215587,11210500
1990-01,ANG MO KIO,4 ROOM,428,ANG MO KIO AVE 3,92,NEW GENERATION,1978,53,57000,415000,212721,11274200
1991-01,ANG MO KIO,4 ROOM,429,ANG MO KIO AVE 3,92,NEW GENERATION,1978,36,92000,348000,238125,8572500
1990-01,ANG MO KIO,5 ROOM,430,ANG MO KIO AVE 3,119,IMPROVED,1979,35,120000,565000,364829,12769000
1990-07,ANG MO KIO,4 ROOM,562,ANG MO KIO AVE 3,92,NEW GENERATION,1980,28,70000,340000,215636,6037800
1990-03,ANG MO KIO,4 ROOM,563,ANG MO KIO AVE 3,92,NEW GENERATION,1980,33,57000,329000,215197,7101500
1990-01,ANG MO KIO,3 ROOM,564,ANG MO KIO AVE 3,68,NEW GENERATION,1985,117,39500,320000,149029,17436340
1990-02,ANG MO KIO,4 ROOM,565,ANG MO KIO AVE 3,92,NEW GENERATION,1980,93,34500,333000,138399,12871128
1990-01,ANG MO KIO,3 ROOM,570,ANG MO KIO AVE 3,67,NEW GENERATION,1979,136,35000,328000,130671,17771200
1990-02,ANG MO KIO,3 ROOM,571,ANG MO KIO AVE 3,67,NEW GENERATION,1979,140,34000,345000,134869,18881625
1990-03,ANG MO KIO,4 ROOM,572,ANG MO KIO AVE 3,92,NEW GENERATION,1979,48,65000,370000,236604,11357000
1990-01,ANG MO KIO,4 ROOM,573,ANG MO KIO AVE 3,92,NEW GENERATION,1979,44,70000,350000,222307,9781500
1990-02,ANG MO KIO,3 ROOM,584,ANG MO KIO AVE 3,67,NEW GENERATION,1979,61,34000,325000,142385,8685500
1990-01,ANG MO KIO,4 ROOM,585,ANG MO KIO AVE 3,91,NEW GENERATION,1979,80,35000,358000,157441,12595300
1990-01,ANG MO KIO,3 ROOM,586,ANG MO KIO AVE 3,67,NEW GENERATION,1979,86,34000,338000,142197,12228900
1990-03,ANG MO KIO,3 ROOM,587,ANG MO KIO AVE 3,81,NEW GENERATION,1979,69,40000,318000,148786,10266200
1990-01,ANG MO KIO,4 ROOM,105,ANG MO KIO AVE 4,92,NEW GENERATION,1978,40,60000,330000,200288,8011500
1990-03,ANG MO KIO,3 ROOM,106,ANG MO KIO AVE 4,89,NEW GENERATION,1978,82,36000,310000,120567,9886500
1990-03,ANG MO KIO,3 ROOM,107,ANG MO KIO AVE 4,74,NEW GENERATION,1978,71,40000,318000,140813,9997700
1990-03,ANG MO KIO,3 ROOM,108,ANG MO KIO AVE 4,67,NEW GENERATION,1978,80,34000,324000,145941,11675300
1990-04,ANG MO KIO,3 ROOM,109,ANG MO KIO AVE 4,67,NEW GENERATION,1978,102,36000,345000,140077,14287900
1990-01,ANG MO KIO,3 ROOM,110,ANG MO KIO AVE 4,67,NEW GENERATION,1978,95,34000,300000,139403,13243320
1990-02,ANG MO KIO,5 ROOM,111,ANG MO KIO AVE 4,117,IMPROVED,1978,44,70000,485000,283205,12461000
1990-03,ANG MO KIO,3 ROOM,112,ANG MO KIO AVE 4,74,NEW GENERATION,1978,81,39000,291000,128264,10389400
1990-05,ANG MO KIO,4 ROOM,113,ANG MO KIO AVE 4,92,NEW GENERATION,1978,33,72000,339000,225055,7426800
1990-08,ANG MO KIO,3 ROOM,114,ANG MO KIO AVE 4,74,NEW GENERATION,1978,52,35000,313000,139817,7270500
1990-01,ANG MO KIO,3 ROOM,117,ANG MO KIO AVE 4,74,NEW GENERATION,1978,118,35000,312000,147345,17386700
1990-02,ANG MO KIO,3 ROOM,118,ANG MO KIO AVE 4,74,NEW GENERATION,1978,95,34000,338000,125951,11965300
1990-02,ANG MO KIO,3 ROOM,155,ANG MO KIO AVE 4,68,NEW GENERATION,1981,86,34000,291000,135236,11630300
1990-01,ANG MO KIO,3 ROOM,156,ANG MO KIO AVE 4,68,NEW GENERATION,1981,92,36000,305000,132922,12228800
1990-02,ANG MO KIO,2 ROOM,170,ANG MO KIO AVE 4,45,IMPROVED,1986,97,22200,198000,92267,8949880
1990-02,ANG MO KIO,5 ROOM,171,ANG MO KIO AVE 4,127,IMPROVED,1982,50,120000,563000,344140,17207000
1990-03,ANG MO KIO,2 ROOM,172,ANG MO KIO AVE 4,45,IMPROVED,1986,108,22500,185800,93731,10122950
1990-03,ANG MO KIO,3 ROOM,173,ANG MO KIO AVE 4,83,NEW GENERATION,1982,68,57000,350000,203020,13805388
1990-04,ANG MO KIO,2 ROOM,174,ANG MO KIO AVE 4,45,IMPROVED,1986,107,22000,191000,91332,9772500
1991-02,ANG MO KIO,4 ROOM,175,ANG MO KIO AVE 4,91,NEW GENERATION,1981,50,51300,325000,228798,11439900
1996-07,ANG MO KIO,5 ROOM,176,ANG MO KIO AVE 4,119,IMPROVED,1993,18,310000,610000,446500,8037000
1990-03,ANG MO KIO,4 ROOM,177,ANG MO KIO AVE 4,91,NEW GENERATION,1981,66,70000,330000,210364,13884000
1990-01,ANG MO KIO,3 ROOM,178,ANG MO KIO AVE 4,68,NEW GENERATION,1981,95,37500,328000,138025,13112380
1990-01,ANG MO KIO,3 ROOM,252,ANG MO KIO AVE 4,67,NEW GENERATION,1977,74,35000,315000,124562,9217600
1990-01,ANG MO KIO,4 ROOM,254,ANG MO KIO AVE 4,97,NEW GENERATION,1977,66,70000,353000,231773,15297000
1990-02,ANG MO KIO,3 ROOM,255,ANG MO KIO AVE 4,73,NEW GENERATION,1977,80,38000,355000,128714,10297100
1990-02,ANG MO KIO,3 ROOM,256,ANG MO KIO AVE 4,73,NEW GENERATION,1977,88,33800,340000,141724,12471700
1991-08,ANG MO KIO,3 ROOM,258,ANG MO KIO AVE 4,73,NEW GENERATION,1977,21,35000,262000,126190,2650000
1990-01,ANG MO KIO,3 ROOM,607,ANG MO KIO AVE 4,68,NEW GENERATION,1980,113,34000,375000,140731,15902600
1996-07,ANG MO KIO,4 ROOM,609,ANG MO KIO AVE 4,107,MODEL A,1993,29,260000,553000,379459,11004300
1990-01,ANG MO KIO,3 ROOM,610,ANG MO KIO AVE 4,82,NEW GENERATION,1980,181,34000,339800,148103,26806560
1990-02,ANG MO KIO,4 ROOM,612,ANG MO KIO AVE 4,91,NEW GENERATION,1980,99,60000,345000,214354,21221000
1996-04,ANG MO KIO,EXECUTIVE,615,ANG MO KIO AVE 4,149,APARTMENT,1996,2,595000,605000,600000,1200000
1996-05,ANG MO KIO,EXECUTIVE,616,ANG MO KIO AVE 4,148,MAISONETTE,1996,2,503000,550000,526500,1053000
1990-03,ANG MO KIO,3 ROOM,624,ANG MO KIO AVE 4,68,NEW GENERATION,1980,100,34000,363000,136948,13694800
1990-03,ANG MO KIO,3 ROOM,631,ANG MO KIO AVE 4,67,NEW GENERATION,1985,107,38000,316000,135402,14488050
1990-02,ANG MO KIO,3 ROOM,644,ANG MO KIO AVE 4,75,NEW GENERATION,1980,107,34000,335000,120964,12943188
1990-01,ANG MO KIO,4 ROOM,150,ANG MO KIO AVE 5,93,NEW GENERATION,1981,68,35000,310000,140328,9542300
1990-06,ANG MO KIO,4 ROOM,151,ANG MO KIO AVE 5,93,NEW GENERATION,1981,55,33700,320000,144485,7946700
1990-01,ANG MO KIO,3 ROOM,152,ANG MO KIO AVE 5,68,NEW GENERATION,1981,68,35000,283000,147812,10051250
1990-06,ANG MO KIO,3 ROOM,153,ANG MO KIO AVE 5,68,NEW GENERATION,1981,58,37000,318000,140278,8136100
1990-04,ANG MO KIO,4 ROOM,154,ANG MO KIO AVE 5,93,NEW GENERATION,1981,80,34000,351000,135262,10821000
1990-01,ANG MO KIO,4 ROOM,179,ANG MO KIO AVE 5,91,NEW GENERATION,1981,73,55000,328000,197740,14435000
1990-01,ANG MO KIO,3 ROOM,180,ANG MO KIO AVE 5,68,NEW GENERATION,1981,145,33600,310000,124665,18076450
1990-09,ANG MO KIO,3 ROOM,181,ANG MO KIO AVE 5,68,NEW GENERATION,1981,44,35000,265000,128830,5668500
1990-03,ANG MO KIO,4 ROOM,182,ANG MO KIO AVE 5,93,NEW GENERATION,1981,79,37000,291000,118967,9398400
1990-02,ANG MO KIO,5 ROOM,501,ANG MO KIO AVE 5,121,IMPROVED,1981,67,72000,480000,310296,20789800
1990-02,ANG MO KIO,3 ROOM,502,ANG MO KIO AVE 5,68,NEW GENERATION,1981,87,37000,332000,122374,10646500
1990-01,ANG MO KIO,3 ROOM,503,ANG MO KIO AVE 5,68,NEW GENERATION,1981,120,34000,292800,135080,16209600
1990-04,ANG MO KIO,5 ROOM,520,ANG MO KIO AVE 5,118,IMPROVED,1980,41,78300,510000,341490,14001100
1990-11,ANG MO KIO,5 ROOM,521,ANG MO KIO AVE 5,118,IMPROVED,1980,45,120000,525000,343773,15469800
1992-07,ANG MO KIO,4 ROOM,522,ANG MO KIO AVE 5,91,NEW GENERATION,1980,19,80000,360000,236926,4501600
1990-02,ANG MO KIO,3 ROOM,523,ANG MO KIO AVE 5,68,NEW GENERATION,1980,102,34000,272000,132090,13473180
1990-01,ANG MO KIO,3 ROOM,524,ANG MO KIO AVE 5,68,NEW GENERATION,1980,96,35000,280000,121604,11674000
1990-05,ANG MO KIO,3 ROOM,533,ANG MO KIO AVE 5,67,NEW GENERATION,1980,67,34000,330000,144178,9659900
1990-03,ANG MO KIO,3 ROOM,535,ANG MO KIO AVE 5,67,NEW GENERATION,1980,76,34000,315000,137233,10429700
1990-05,ANG MO KIO,4 ROOM,537,ANG MO KIO AVE 5,92,NEW GENERATION,1980,55,72000,345000,217867,11982700
1990-01,ANG MO KIO,3 ROOM,538,ANG MO KIO AVE 5,68,NEW GENERATION,1980,111,33600,320000,121818,13521800
1990-01,ANG MO KIO,3 ROOM,601,ANG MO KIO AVE 5,67,NEW GENERATION,1980,110,36000,303000,131272,14439960
1990-03,ANG MO KIO,3 ROOM,602,ANG MO KIO AVE 5,67,NEW GENERATION,1980,81,34000,296000,134078,10860300
1990-01,ANG MO KIO,3 ROOM,603,ANG MO KIO AVE 5,67,NEW GENERATION,1980,64,34000,305000,142255,9104300
1990-01,ANG MO KIO,3 ROOM,604,ANG MO KIO AVE 5,67,NEW GENERATION,1980,91,34000,270000,125914,11458168
1990-02,ANG MO KIO,3 ROOM,605,ANG MO KIO AVE 5,67,NEW GENERATION,1980,81,34000,320000,126842,10274188
1990-03,ANG MO KIO,3 ROOM,606,ANG MO KIO AVE 5,67,NEW GENERATION,1980,80,34000,320000,130986,10478900
1990-01,ANG MO KIO,3 ROOM,608,ANG MO KIO AVE 5,82,NEW GENERATION,1980,72,40000,310000,138528,9974000
1990-01,ANG MO KIO,3 ROOM,611,ANG MO KIO AVE 5,67,NEW GENERATION,1980,69,34000,333000,138072,9527000
1990-02,ANG MO KIO,5 ROOM,642,ANG MO KIO AVE 5,121,IMPROVED,1980,66,67000,468000,280886,18538500
1990-01,ANG MO KIO,3 ROOM,643,ANG MO KIO AVE 5,75,NEW GENERATION,1980,126,35000,319000,130821,16483400
1990-02,ANG MO KIO,5 ROOM,648,ANG MO KIO AVE 5,121,IMPROVED,1980,88,109000,520000,316125,27819000
1990-06,ANG MO KIO,3 ROOM,649,ANG MO KIO AVE 5,75,NEW GENERATION,1980,133,34000,365000,142738,18984100
1990-01,ANG MO KIO,4 ROOM,124,ANG MO KIO AVE 6,92,NEW GENERATION,1979,92,35000,325000,131039,12055600
1990-04,ANG MO KIO,3 ROOM,633,ANG MO KIO AVE 6,82,NEW GENERATION,1985,90,38000,343000,166267,14963988
1990-05,ANG MO KIO,4 ROOM,634,ANG MO KIO AVE 6,91,NEW GENERATION,1980,52,65000,375000,231569,12041600
1990-06,ANG MO KIO,3 ROOM,635,ANG MO KIO AVE 6,68,NEW GENERATION,1980,95,38000,300000,142069,13496560
1990-06,ANG MO KIO,4 ROOM,636,ANG MO KIO AVE 6,91,NEW GENERATION,1980,43,70000,360000,231742,9964888
1990-01,ANG MO KIO,3 ROOM,637,ANG MO KIO AVE 6,68,NEW GENERATION,1980,119,34000,333000,140508,16720500
1990-01,ANG MO KIO,4 ROOM,638,ANG MO KIO AVE 6,91,NEW GENERATION,1980,47,72000,344000,231528,10881800
1990-01,ANG MO KIO,3 ROOM,639,ANG MO KIO AVE 6,68,NEW GENERATION,1980,89,35000,343700,149389,13295588
1990-01,ANG MO KIO,4 ROOM,640,ANG MO KIO AVE 6,91,NEW GENERATION,1980,48,60000,370000,218042,10465998
1990-01,ANG MO KIO,4 ROOM,646,ANG MO KIO AVE 6,103,NEW GENERATION,1980,119,34000,323000,153535,18270700
1990-04,ANG MO KIO,5 ROOM,714,ANG MO KIO AVE 6,119,IMPROVED,1980,52,120000,520000,347621,18076300
1990-01,ANG MO KIO,5 ROOM,716,ANG MO KIO AVE 6,119,IMPROVED,1980,40,110000,558000,327845,13113800
1990-02,ANG MO KIO,5 ROOM,725,ANG MO KIO AVE 6,119,IMPROVED,1980,30,109600,552000,358963,10768900
1990-04,ANG MO KIO,5 ROOM,729,ANG MO KIO AVE 6,119,IMPROVED,1980,41,110000,490000,348931,14306160
1991-01,ANG MO KIO,3 ROOM,504,ANG MO KIO AVE 8,68,NEW GENERATION,1980,93,38000,330000,146685,13641700
1990-01,ANG MO KIO,3 ROOM,505,ANG MO KIO AVE 8,68,NEW GENERATION,1980,81,34500,305000,121958,9878600
1990-02,ANG MO KIO,3 ROOM,506,ANG MO KIO AVE 8,68,NEW GENERATION,1980,93,35000,310000,128173,11920100
1990-04,ANG MO KIO,3 ROOM,507,ANG MO KIO AVE 8,81,NEW GENERATION,1980,81,35000,260000,138577,11224700
1990-03,ANG MO KIO,3 ROOM,509,ANG MO KIO AVE 8,67,NEW GENERATION,1980,77,33600,350000,145714,11219999
1990-10,ANG MO KIO,4 ROOM,511,ANG MO KIO AVE 8,91,NEW GENERATION,1980,22,70000,305000,220523,4851500
1990-02,ANG MO KIO,3 ROOM,512,ANG MO KIO AVE 8,68,NEW GENERATION,1980,65,46000,312000,137143,8914300
1990-01,ANG MO KIO,3 ROOM,513,ANG MO KIO AVE 8,67,NEW GENERATION,1984,87,41000,339500,153870,13386680
1999-11,ANG MO KIO,3 ROOM,709,ANG MO KIO AVE 8,82,NEW GENERATION,1980,2,190000,215000,202500,405000
1991-07,ANG MO KIO,5 ROOM,710,ANG MO KIO AVE 8,117,IMPROVED,1980,48,109600,558000,377075,18099600
1990-01,ANG MO KIO,5 ROOM,620,ANG MO KIO AVE 9,121,IMPROVED,1980,70,100000,472000,316216,22135099
1990-02,ANG MO KIO,3 ROOM,621,ANG MO KIO AVE 9,68,NEW GENERATION,1980,73,34000,320000,142532,10404800
1990-01,ANG MO KIO,5 ROOM,622,ANG MO KIO AVE 9,121,IMPROVED,1980,57,70000,480000,295779,16859400
1990-04,ANG MO KIO,3 ROOM,623,ANG MO KIO AVE 9,68,NEW GENERATION,1980,65,34000,338000,152705,9925800
1990-02,ANG MO KIO,3 ROOM,625,ANG MO KIO AVE 9,68,NEW GENERATION,1980,76,39000,355000,148000,11248000
1996-05,ANG MO KIO,4 ROOM,627,ANG MO KIO AVE 9,112,MODEL A,1993,16,286000,493000,390500,6248000
1999-12,ANG MO KIO,EXECUTIVE,104A,ANG MO KIO ST 11,146,APARTMENT,1996,2,557000,590000,573500,1147000
1995-12,ANG MO KIO,5 ROOM,253,ANG MO KIO ST 21,138,MODEL A,1996,13,402000,510000,453308,5893000
1999-07,ANG MO KIO,5 ROOM,253A,ANG MO KIO ST 21,137,MODEL A,1996,7,430000,483000,450429,3153000
1998-07,ANG MO KIO,5 ROOM,317,ANG MO KIO ST 31,138,MODEL A,1994,23,300000,512000,434957,10004000
1990-01,CENTRAL AREA,4 ROOM,232,BAIN ST,82,IMPROVED,1980,35,78000,430000,277386,9708500
1990-08,CENTRAL AREA,4 ROOM,233,BAIN ST,82,IMPROVED,1980,27,86000,418000,308095,8318576
1990-03,GEYLANG,3 ROOM,19,BALAM RD,60.3,STANDARD,1967,47,18000,185000,85649,4025500
1990-06,GEYLANG,3 ROOM,20,BALAM RD,60.3,STANDARD,1967,46,22500,163000,95974,4414800
1990-01,GEYLANG,3 ROOM,21,BALAM RD,60.3,STANDARD,1967,65,19000,170000,81923,5325000
1991-04,GEYLANG,3 ROOM,22,BALAM RD,60,STANDARD,1967,61,22000,156000,93356,5694688
1990-01,GEYLANG,3 ROOM,23,BALAM RD,60,STANDARD,1967,46,20000,195000,89228,4104500
1991-01,GEYLANG,3 ROOM,24,BALAM RD,60,STANDARD,1967,59,17000,163000,91725,5411800
1990-02,GEYLANG,2 ROOM,30,BALAM RD,46,STANDARD,1973,62,13600,182000,72456,4492300
1990-04,GEYLANG,4 ROOM,31,BALAM RD,104,NEW GENERATION,1985,74,73000,368000,220277,16300500
1990-02,GEYLANG,3 ROOM,32,BALAM RD,57,STANDARD,1973,68,13500,183000,71216,4842700
1999-07,GEYLANG,4 ROOM,33,BALAM RD,105,MODEL A,1996,9,312000,480088,376565,3389088
1993-04,BUKIT PANJANG,4 ROOM,246,BANGKIT RD,104,MODEL A,1988,42,80000,405000,250452,10519000
1993-03,BUKIT PANJANG,EXECUTIVE,248,BANGKIT RD,145,MAISONETTE,1988,43,173000,480000,295577,12709800
1992-10,BUKIT PANJANG,4 ROOM,249,BANGKIT RD,103,MODEL A,1989,51,70000,270000,166496,8491288
1993-01,BUKIT PANJANG,3 ROOM,250,BANGKIT RD,73,MODEL A,1988,60,57000,275000,167252,10035100
1993-02,BUKIT PANJANG,4 ROOM,251,BANGKIT RD,103,MODEL A,1988,61,84000,310000,181107,11047500
1993-01,BUKIT PANJANG,3 ROOM,252,BANGKIT RD,73,MODEL A,1989,55,50000,288000,169064,9298500
1993-07,BUKIT PANJANG,EXECUTIVE,253,BANGKIT RD,143,APARTMENT,1988,54,150000,487000,303491,16388500
1992-09,BUKIT PANJANG,EXECUTIVE,254,BANGKIT RD,146,MAISONETTE,1988,46,202000,585000,398921,18350350
1993-02,BUKIT PANJANG,5 ROOM,255,BANGKIT RD,128,IMPROVED,1988,38,115000,385000,263471,10011888
1994-04,BUKIT PANJANG,4 ROOM,257,BANGKIT RD,106,MODEL A,1989,43,145000,368000,248512,10686000
1993-06,BUKIT PANJANG,5 ROOM,270,BANGKIT RD,122,IMPROVED,1988,53,140000,423000,255628,13548288
1993-12,BUKIT PANJANG,4 ROOM,271,BANGKIT RD,104,MODEL A,1988,13,158000,296000,231308,3007000
1993-07,BUKIT PANJANG,5 ROOM,272,BANGKIT RD,122,IMPROVED,1988,37,142000,425000,285662,10569500
1993-06,BUKIT PANJANG,5 ROOM,273,BANGKIT RD,122,IMPROVED,1988,48,155000,498000,268539,12889888
1991-06,BUKIT PANJANG,4 ROOM,274,BANGKIT RD,84,SIMPLIFIED,1987,45,68000,288000,190340,8565300
1992-03,BUKIT PANJANG,4 ROOM,275,BANGKIT RD,84,SIMPLIFIED,1988,44,50000,303000,184489,8117500
1993-07,BUKIT PANJANG,EXECUTIVE,276,BANGKIT RD,146,MAISONETTE,1988,49,151000,590000,302235,14809500
1993-05,BUKIT PANJANG,5 ROOM,277,BANGKIT RD,121,IMPROVED,1988,44,152000,420000,262250,11539000
1990-01,KALLANG/WHAMPOA,3 ROOM,1,BEACH RD,68,IMPROVED,1979,45,40000,215000,126529,5693800
1991-06,KALLANG/WHAMPOA,4 ROOM,15,BEACH RD,77,IMPROVED,1975,26,90000,365000,231346,6015000
1990-03,KALLANG/WHAMPOA,4 ROOM,17,BEACH RD,77,IMPROVED,1975,37,80000,330000,214338,7930500
1990-01,KALLANG/WHAMPOA,3 ROOM,2,BEACH RD,68,IMPROVED,1979,46,40000,225000,128726,5921400
1990-03,KALLANG/WHAMPOA,3 ROOM,3,BEACH RD,68,IMPROVED,1979,48,41500,230000,133631,6414300
1990-04,BEDOK,3 ROOM,423,BEDOK NTH AVE 1,67,NEW GENERATION,1979,101,39000,338000,141055,14246550
1990-01,BEDOK,3 ROOM,424,BEDOK NTH AVE 1,81,NEW GENERATION,1979,87,37000,325000,134001,11658100
1990-02,BEDOK,3 ROOM,519,BEDOK NTH AVE 1,67,NEW GENERATION,1979,98,34100,308000,140203,13739900
1990-10,BEDOK,3 ROOM,520,BEDOK NTH AVE 1,67,NEW GENERATION,1979,92,34000,308000,140132,12892188
1990-07,BEDOK,3 ROOM,521,BEDOK NTH AVE 1,67,NEW GENERATION,1979,60,43000,245000,128133,7688000
1990-03,BEDOK,3 ROOM,522,BEDOK NTH AVE 1,67,NEW GENERATION,1979,88,40000,265000,133284,11728950
1990-02,BEDOK,3 ROOM,548,BEDOK NTH AVE 1,68,NEW GENERATION,1980,101,34000,325000,131813,13313100
1990-10,BEDOK,3 ROOM,549,BEDOK NTH AVE 1,67,NEW GENERATION,1984,88,47000,330000,149410,13148100
1990-02,BEDOK,3 ROOM,550,BEDOK NTH AVE 1,68,NEW GENERATION,1980,129,34000,252000,128840,16620300
1990-06,BEDOK,5 ROOM,552,BEDOK NTH AVE 1,121,IMPROVED,1980,52,90000,480000,291875,15177500
1990-06,BEDOK,5 ROOM,553,BEDOK NTH AVE 1,121,IMPROVED,1980,53,98000,500000,307236,16283500
1990-02,BEDOK,4 ROOM,408,BEDOK NTH AVE 2,92,NEW GENERATION,1980,42,56500,352000,236393,9928500
1990-06,BEDOK,3 ROOM,409,BEDOK NTH AVE 2,68,NEW GENERATION,1980,87,40000,323000,153661,13368500
1990-06,BEDOK,3 ROOM,410,BEDOK NTH AVE 2,68,NEW GENERATION,1980,69,34000,257000,148283,10231500
1991-01,BEDOK,4 ROOM,411,BEDOK NTH AVE 2,92,NEW GENERATION,1980,35,70000,335000,217529,7613500
1990-01,BEDOK,3 ROOM,412,BEDOK NTH AVE 2,67,NEW GENERATION,1979,74,35000,325000,138471,10246880
1990-04,BEDOK,5 ROOM,413,BEDOK NTH AVE 2,119,IMPROVED,1979,54,100000,500000,312015,16848800
1990-09,BEDOK,5 ROOM,414,BEDOK NTH AVE 2,119,IMPROVED,1978,55,110000,536000,325736,17915480
1990-02,BEDOK,5 ROOM,415,BEDOK NTH AVE 2,119,IMPROVED,1978,54,104000,503000,318958,17223730
1990-01,BEDOK,3 ROOM,416,BEDOK NTH AVE 2,67,NEW GENERATION,1978,100,35000,325000,137107,13710700
1990-01,BEDOK,5 ROOM,417,BEDOK NTH AVE 2,119,IMPROVED,1978,58,110000,535000,331131,19205600
1990-01,BEDOK,3 ROOM,418,BEDOK NTH AVE 2,67,NEW GENERATION,1978,97,34000,325000,139233,13505580
1990-09,BEDOK,4 ROOM,512,BEDOK NTH AVE 2,92,NEW GENERATION,1979,70,58500,355000,210930,14765100
1990-03,BEDOK,4 ROOM,513,BEDOK NTH AVE 2,92,NEW GENERATION,1979,58,62000,320000,210438,12205388
1991-05,BEDOK,3 ROOM,515,BEDOK NTH AVE 2,82,NEW GENERATION,1979,28,35000,290000,143714,4024000
1990-08,BEDOK,5 ROOM,516,BEDOK NTH AVE 2,119,IMPROVED,1979,37,80000,515000,329311,12184500
1990-01,BEDOK,4 ROOM,517,BEDOK NTH AVE 2,92,NEW GENERATION,1979,50,69000,345000,206160,10308000
1991-09,BEDOK,4 ROOM,518,BEDOK NTH AVE 2,92,NEW GENERATION,1979,64,60000,330000,209602,13414500
1990-01,BEDOK,4 ROOM,131,BEDOK NTH AVE 3,92,NEW GENERATION,1978,56,52000,325000,208582,11680600
1990-01,BEDOK,4 ROOM,133,BEDOK NTH AVE 3,92,NEW GENERATION,1978,68,60000,350000,212719,14464900
1990-01,BEDOK,3 ROOM,136,BEDOK NTH AVE 3,67,NEW GENERATION,1979,17,41000,240000,127147,2161500
1990-01,BEDOK,5 ROOM,137,BEDOK NTH AVE 3,117,STANDARD,1979,59,70000,440000,261671,15438560
1990-01,BEDOK,5 ROOM,139,BEDOK NTH AVE 3,117,STANDARD,1979,77,75000,440000,262966,20248400
1990-01,BEDOK,3 ROOM,401,BEDOK NTH AVE 3,67,NEW GENERATION,1979,104,35000,305000,141208,14685600
1990-01,BEDOK,3 ROOM,402,BEDOK NTH AVE 3,67,NEW GENERATION,1979,95,35000,330000,142580,13545100
1990-01,BEDOK,4 ROOM,403,BEDOK NTH AVE 3,92,NEW GENERATION,1980,59,71000,328000,204441,12062008
1990-01,BEDOK,4 ROOM,404,BEDOK NTH AVE 3,92,NEW GENERATION,1980,43,71000,350000,226928,9757920
1990-05,BEDOK,5 ROOM,405,BEDOK NTH AVE 3,118,IMPROVED,1980,63,110000,543000,323968,20410000
1990-07,BEDOK,5 ROOM,406,BEDOK NTH AVE 3,118,IMPROVED,1980,51,110000,515000,317743,16204888
1990-02,BEDOK,5 ROOM,407,BEDOK NTH AVE 3,118,IMPROVED,1980,56,90000,470000,318889,17857798
1990-01,BEDOK,5 ROOM,505,BEDOK NTH AVE 3,119,IMPROVED,1978,54,110000,505000,321322,17351388
1990-03,BEDOK,5 ROOM,506,BEDOK NTH AVE 3,119,IMPROVED,1978,59,109000,500000,312176,18418400
1990-01,BEDOK,4 ROOM,507,BEDOK NTH AVE 3,92,NEW GENERATION,1978,84,52000,328000,206562,17351200
1990-01,BEDOK,4 ROOM,508,BEDOK NTH AVE 3,92,NEW GENERATION,1978,96,70000,337000,214329,20575600
1990-01,BEDOK,3 ROOM,100,BEDOK NTH AVE 4,82,NEW GENERATION,1978,151,33600,308000,131101,19796250
1990-03,BEDOK,3 ROOM,102,BEDOK NTH AVE 4,67,NEW GENERATION,1977,113,35000,310000,140653,15893800
1990-02,BEDOK,3 ROOM,103,BEDOK NTH AVE 4,67,NEW GENERATION,1977,75,34000,336000,151327,11349500
1990-01,BEDOK,3 ROOM,104,BEDOK NTH AVE 4,67,NEW GENERATION,1977,114,34000,319000,140849,16056750
1990-01,BEDOK,3 ROOM,105,BEDOK NTH AVE 4,67,NEW GENERATION,1977,112,34000,305000,134919,15110880
1990-05,BEDOK,3 ROOM,92,BEDOK NTH AVE 4,67,NEW GENERATION,1979,84,34000,290000,137533,11552800
1990-01,BEDOK,4 ROOM,93,BEDOK NTH AVE 4,92,NEW GENERATION,1979,72,53000,325000,207924,14970500
1994-08,BEDOK,EXECUTIVE,94B,BEDOK NTH AVE 4,143,APARTMENT,1993,28,429000,620000,517421,14487800
1996-04,BEDOK,EXECUTIVE,94C,BEDOK NTH AVE 4,141,APARTMENT,1993,35,407000,633000,516357,18072500
1995-11,BEDOK,5 ROOM,94D,BEDOK NTH AVE 4,124,IMPROVED,1993,34,342000,457000,413641,14063800
1998-01,BEDOK,5 ROOM,94E,BEDOK NTH AVE 4,124,IMPROVED,1993,17,340000,470000,407988,6935800
1990-01,BEDOK,4 ROOM,95,BEDOK NTH AVE 4,92,NEW GENERATION,1979,90,68000,350000,208171,18735388
1990-01,BEDOK,5 ROOM,96,BEDOK NTH AVE 4,123,STANDARD,1978,58,96300,468000,318350,18464300
1990-02,BEDOK,5 ROOM,97,BEDOK NTH AVE 4,125,STANDARD,1978,69,96600,505000,293675,20263600
1990-02,BEDOK,5 ROOM,98,BEDOK NTH AVE 4,120,STANDARD,1978,57,96000,505000,301104,17162900
1990-04,BEDOK,5 ROOM,99,BEDOK NTH AVE 4,123,STANDARD,1978,58,90000,530000,314402,18235300
1990-01,BEDOK,3 ROOM,107,BEDOK NTH RD,81,NEW GENERATION,1977,101,35000,320000,138780,14016800
1990-06,BEDOK,3 ROOM,108,BEDOK NTH RD,67,NEW GENERATION,1977,111,40000,302000,139777,15515200
1990-03,BEDOK,3 ROOM,109,BEDOK NTH RD,67,NEW GENERATION,1977,112,36000,303000,138318,15491650
1990-01,BEDOK,3 ROOM,110,BEDOK NTH RD,67,NEW GENERATION,1977,119,33600,313000,138555,16488000
1990-01,BEDOK,5 ROOM,111,BEDOK NTH RD,117,STANDARD,1978,64,71000,480000,294878,18872171
1990-05,BEDOK,5 ROOM,112,BEDOK NTH RD,117,STANDARD,1978,68,91000,455000,270032,18362200
1990-01,BEDOK,3 ROOM,115,BEDOK NTH RD,88,NEW GENERATION,1978,122,30000,320000,137963,16831500
1990-01,BEDOK,3 ROOM,116,BEDOK NTH RD,88,NEW GENERATION,1978,142,37000,255000,137807,19568600
1990-01,BEDOK,3 ROOM,117,BEDOK NTH RD,73,NEW GENERATION,1978,149,34000,300000,137303,20458080
1990-05,BEDOK,4 ROOM,119,BEDOK NTH RD,92,NEW GENERATION,1978,81,52000,340000,203923,16517800
1990-01,BEDOK,4 ROOM,121,BEDOK NTH RD,92,NEW GENERATION,1978,76,65000,345000,199558,15166400
1990-01,BEDOK,3 ROOM,124,BEDOK NTH RD,82,NEW GENERATION,1978,127,34000,315000,132144,16782280
1990-01,BEDOK,3 ROOM,125,BEDOK NTH RD,67,NEW GENERATION,1978,107,34000,303000,138775,14848900
1991-01,BEDOK,4 ROOM,421,BEDOK NTH RD,92,NEW GENERATION,1979,79,70000,342000,222200,17553800
1990-01,BEDOK,4 ROOM,422,BEDOK NTH RD,92,NEW GENERATION,1979,89,71600,360000,211566,18829400
1990-01,BEDOK,3 ROOM,425,BEDOK NTH RD,67,NEW GENERATION,1979,105,36000,339000,144549,15177650
1990-02,BEDOK,3 ROOM,426,BEDOK NTH RD,82,NEW GENERATION,1979,98,34000,320000,137993,13523350
1990-01,BEDOK,4 ROOM,427,BEDOK NTH RD,92,NEW GENERATION,1979,100,55000,350000,212704,21270400
1990-07,BEDOK,4 ROOM,428,BEDOK NTH RD,92,NEW GENERATION,1979,102,51300,355000,220416,22482400
1990-03,BEDOK,4 ROOM,705,BEDOK NTH RD,91,NEW GENERATION,1980,69,52000,355000,190884,13171000
1992-02,BEDOK,4 ROOM,706,BEDOK NTH RD,91,NEW GENERATION,1980,53,51000,305000,215255,11408500
1990-01,BEDOK,4 ROOM,707,BEDOK NTH RD,91,NEW GENERATION,1980,52,62000,320000,205567,10689500
1990-01,BEDOK,4 ROOM,708,BEDOK NTH RD,92,NEW GENERATION,1980,59,52000,355000,221811,13086820
1990-06,BEDOK,3 ROOM,74,BEDOK NTH RD,59,IMPROVED,1978,118,25000,210000,114457,13505900
1990-01,BEDOK,3 ROOM,75,BEDOK NTH RD,59,IMPROVED,1978,131,25100,208000,107034,14021488
1990-01,BEDOK,3 ROOM,76,BEDOK NTH RD,59,IMPROVED,1978,126,26000,215000,106199,13381100
1990-03,BEDOK,3 ROOM,77,BEDOK NTH RD,69,IMPROVED,1986,97,28500,198000,111866,10851000
1990-01,BEDOK,4 ROOM,78,BEDOK NTH RD,91,NEW GENERATION,1978,57,62000,338000,187670,10697188
1990-01,BEDOK,4 ROOM,79,BEDOK NTH RD,91,NEW GENERATION,1978,84,57000,358000,202633,17021200
1990-01,BEDOK,4 ROOM,80,BEDOK NTH RD,91,NEW GENERATION,1978,68,55000,347000,218901,14885300
1990-04,BEDOK,4 ROOM,81,BEDOK NTH RD,91,NEW GENERATION,1978,81,55000,360000,209519,16971000
1990-01,BEDOK,4 ROOM,82,BEDOK NTH RD,92,NEW GENERATION,1978,82,55000,325300,207846,17043388
1990-02,BEDOK,3 ROOM,83,BEDOK NTH RD,68,NEW GENERATION,1978,226,34000,300000,128384,29014688
1990-03,BEDOK,3 ROOM,201,BEDOK NTH ST 1,73,NEW GENERATION,1979,82,35000,270000,147303,12078850
1990-01,BEDOK,3 ROOM,202,BEDOK NTH ST 1,67,NEW GENERATION,1979,87,33600,292000,133413,11606900
1990-01,BEDOK,3 ROOM,213,BEDOK NTH ST 1,68,NEW GENERATION,1980,60,40000,260000,137975,8278500
1990-07,BEDOK,3 ROOM,214,BEDOK NTH ST 1,83,NEW GENERATION,1980,43,50000,242500,155291,6677500
1990-01,BEDOK,3 ROOM,218,BEDOK NTH ST 1,68,NEW GENERATION,1980,28,40000,230000,112304,3144500
1990-01,BEDOK,3 ROOM,419,BEDOK NTH ST 1,68,NEW GENERATION,1979,129,38000,333000,153459,19796268
1990-02,BEDOK,3 ROOM,420,BEDOK NTH ST 1,68,NEW GENERATION,1979,136,35000,321000,146769,19960600
1990-01,BEDOK,5 ROOM,118,BEDOK NTH ST 2,123,STANDARD,1978,85,70000,448000,267511,22738400
1990-01,BEDOK,5 ROOM,120,BEDOK NTH ST 2,117,STANDARD,1978,84,52000,465000,288939,24270900
1990-02,BEDOK,3 ROOM,122,BEDOK NTH ST 2,67,NEW GENERATION,1978,136,34000,315000,123854,16844100
1990-08,BEDOK,3 ROOM,123,BEDOK NTH ST 2,67,NEW GENERATION,1978,23,34000,205000,128957,2966000
1990-01,BEDOK,4 ROOM,126,BEDOK NTH ST 2,83,NEW GENERATION,1978,86,35000,297000,147345,12671700
1990-02,BEDOK,3 ROOM,127,BEDOK NTH ST 2,67,NEW GENERATION,1978,134,34000,310000,144838,19408288
1990-01,BEDOK,3 ROOM,128,BEDOK NTH ST 2,67,NEW GENERATION,1978,98,40000,320000,134910,13221200
1990-01,BEDOK,3 ROOM,129,BEDOK NTH ST 2,67,NEW GENERATION,1978,85,38000,310000,149264,12687450
1990-01,BEDOK,4 ROOM,130,BEDOK NTH ST 2,92,NEW GENERATION,1978,67,70000,330000,210199,14083300
1990-01,BEDOK,4 ROOM,132,BEDOK NTH ST 2,92,NEW GENERATION,1978,82,65000,347500,213961,17544800
1990-01,BEDOK,4 ROOM,134,BEDOK NTH ST 2,92,NEW GENERATION,1978,102,34000,310000,148748,15172260
1990-02,BEDOK,3 ROOM,135,BEDOK NTH ST 2,67,NEW GENERATION,1978,99,40000,328000,146220,14475800
1990-01,BEDOK,3 ROOM,138,BEDOK NTH ST 2,67,NEW GENERATION,1978,149,33600,332000,144250,21493300
1990-01,BEDOK,3 ROOM,501,BEDOK NTH ST 3,70,IMPROVED,1978,105,25500,210000,103841,10903350
1990-01,BEDOK,3 ROOM,502,BEDOK NTH ST 3,59,IMPROVED,1978,113,25100,215000,110564,12493750
1990-01,BEDOK,3 ROOM,503,BEDOK NTH ST 3,59,IMPROVED,1978,100,26000,190000,102439,10243888
1990-01,BEDOK,3 ROOM,504,BEDOK NTH ST 3,70,IMPROVED,1978,117,25100,188000,97929,11457740
1990-07,BEDOK,3 ROOM,509,BEDOK NTH ST 3,67,NEW GENERATION,1979,36,42000,230000,124908,4496700
1990-01,BEDOK,3 ROOM,510,BEDOK NTH ST 3,67,NEW GENERATION,1979,54,34000,283000,116720,6302900
1991-07,BEDOK,4 ROOM,523,BEDOK NTH ST 3,92,NEW GENERATION,1979,54,70600,325000,222517,12015900
1991-08,BEDOK,4 ROOM,524,BEDOK NTH ST 3,92,NEW GENERATION,1979,80,53000,330000,207525,16602000
1990-01,BEDOK,3 ROOM,525,BEDOK NTH ST 3,67,NEW GENERATION,1979,181,33600,330000,136526,24711200
1990-02,BEDOK,4 ROOM,526,BEDOK NTH ST 3,92,NEW GENERATION,1979,145,33888,320000,133803,19401488
1991-10,BEDOK,3 ROOM,527,BEDOK NTH ST 3,68,NEW GENERATION,1979,21,38000,300000,137071,2878500
1990-03,BEDOK,3 ROOM,528,BEDOK NTH ST 3,68,NEW GENERATION,1979,114,35000,293000,145850,16626900
1990-01,BEDOK,3 ROOM,529,BEDOK NTH ST 3,68,NEW GENERATION,1979,189,33600,300000,124000,23435988
1990-02,BEDOK,3 ROOM,530,BEDOK NTH ST 3,68,NEW GENERATION,1979,153,35000,320000,133213,20381580
1990-11,BEDOK,3 ROOM,531,BEDOK NTH ST 3,68,NEW GENERATION,1979,23,34000,310000,151283,3479500
1990-01,BEDOK,3 ROOM,532,BEDOK NTH ST 3,68,NEW GENERATION,1980,137,34000,323000,148171,20299490
1990-01,BEDOK,3 ROOM,533,BEDOK NTH ST 3,68,NEW GENERATION,1980,149,34000,238000,122098,18192600
1990-01,BEDOK,2 ROOM,534,BEDOK NTH ST 3,45,IMPROVED,1986,264,22200,208500,91865,24252350
1990-02,BEDOK,2 ROOM,535,BEDOK NTH ST 3,45,IMPROVED,1986,104,22200,202000,93236,9696500
1990-01,BEDOK,3 ROOM,536,BEDOK NTH ST 3,68,NEW GENERATION,1980,107,34000,310000,135642,14513700
1990-01,BEDOK,3 ROOM,537,BEDOK NTH ST 3,83,NEW GENERATION,1980,57,35000,230000,117495,6697200
1990-01,BEDOK,3 ROOM,540,BEDOK NTH ST 3,68,NEW GENERATION,1980,69,34000,248000,129670,8947200
1990-08,BEDOK,3 ROOM,542,BEDOK NTH ST 3,67,NEW GENERATION,1985,114,37400,301000,136777,15592588
1990-01,BEDOK,4 ROOM,543,BEDOK NTH ST 3,92,NEW GENERATION,1980,67,65000,330000,203090,13607000
1990-02,BEDOK,3 ROOM,545,BEDOK NTH ST 3,68,NEW GENERATION,1980,109,34000,305000,137026,14935800
1990-08,BEDOK,3 ROOM,546,BEDOK NTH ST 3,68,NEW GENERATION,1980,94,33600,315000,144703,13602100
1990-01,BEDOK,4 ROOM,547,BEDOK NTH ST 3,92,NEW GENERATION,1980,126,57000,335000,208335,26250168
1990-02,BEDOK,3 ROOM,554,BEDOK NTH ST 3,68,NEW GENERATION,1980,167,35000,285000,134082,22391640
1990-04,BEDOK,3 ROOM,84,BEDOK NTH ST 4,67,NEW GENERATION,1978,56,33600,290000,133076,7452250
1991-07,BEDOK,3 ROOM,86,BEDOK NTH ST 4,67,NEW GENERATION,1978,16,45000,277000,121438,1943000
1990-01,BEDOK,3 ROOM,87,BEDOK NTH ST 4,67,NEW GENERATION,1978,15,47000,270000,120813,1812200
1990-04,BEDOK,3 ROOM,88,BEDOK NTH ST 4,67,NEW GENERATION,1978,27,40000,295000,132796,3585500
1990-01,BEDOK,4 ROOM,89,BEDOK NTH ST 4,89,NEW GENERATION,1978,28,40000,224000,115929,3246000
1990-03,BEDOK,5 ROOM,90,BEDOK NTH ST 4,117,STANDARD,1978,86,80000,490000,286605,24648000
1990-02,BEDOK,5 ROOM,91,BEDOK NTH ST 4,117,STANDARD,1978,91,71000,460000,261859,23829188
1990-06,BEDOK,5 ROOM,101,BEDOK RESERVOIR RD,123,IMPROVED,1985,92,60000,456000,267658,24624580
1992-08,BEDOK,3 ROOM,102,BEDOK RESERVOIR RD,73,NEW GENERATION,1985,15,63000,280000,165800,2487000
1990-03,BEDOK,4 ROOM,103,BEDOK RESERVOIR RD,96,NEW GENERATION,1985,121,41000,320000,161232,19509048
1990-06,BEDOK,5 ROOM,104,BEDOK RESERVOIR RD,121,IMPROVED,1985,57,110000,475000,285272,16260500
1990-02,BEDOK,3 ROOM,105,BEDOK RESERVOIR RD,70,NEW GENERATION,1985,89,40000,320000,157067,13978956
1990-03,BEDOK,4 ROOM,106,BEDOK RESERVOIR RD,91,NEW GENERATION,1985,74,65000,335000,212580,15730888
1990-07,BEDOK,4 ROOM,107,BEDOK RESERVOIR RD,93,NEW GENERATION,1985,84,50000,300000,157651,13242688
1990-07,BEDOK,4 ROOM,108,BEDOK RESERVOIR RD,93,NEW GENERATION,1985,102,50000,342500,160820,16403600
1990-07,BEDOK,3 ROOM,109,BEDOK RESERVOIR RD,73,NEW GENERATION,1985,20,50000,300000,150755,3015100
1991-01,BEDOK,4 ROOM,110,BEDOK RESERVOIR RD,93,NEW GENERATION,1985,48,70000,330000,206250,9900000
1991-10,BEDOK,3 ROOM,111,BEDOK RESERVOIR RD,67,NEW GENERATION,1985,10,48000,352000,158200,1582000
1990-01,BEDOK,5 ROOM,112,BEDOK RESERVOIR RD,121,IMPROVED,1985,49,78000,468000,294955,14452800
1990-05,BEDOK,3 ROOM,113,BEDOK RESERVOIR RD,73,NEW GENERATION,1985,52,42000,325000,164298,8543500
1990-11,BEDOK,EXECUTIVE,114,BEDOK RESERVOIR RD,150,MAISONETTE,1985,79,135000,560000,357392,28234000
1990-05,BEDOK,EXECUTIVE,115,BEDOK RESERVOIR RD,150,MAISONETTE,1985,68,142000,564000,371675,25273900
1990-07,BEDOK,3 ROOM,116,BEDOK RESERVOIR RD,67,NEW GENERATION,1986,86,39000,343800,161329,13874288
1990-11,BEDOK,4 ROOM,117,BEDOK RESERVOIR RD,93,NEW GENERATION,1985,55,47000,320000,144767,7962160
1990-10,BEDOK,4 ROOM,118,BEDOK RESERVOIR RD,91,NEW GENERATION,1985,21,79900,305000,227900,4785900
1991-12,BEDOK,4 ROOM,119,BEDOK RESERVOIR RD,91,NEW GENERATION,1985,26,59000,322000,209519,5447500
1991-02,BEDOK,4 ROOM,120,BEDOK RESERVOIR RD,91,NEW GENERATION,1985,73,58000,325000,211418,15433488
1990-05,BEDOK,3 ROOM,121,BEDOK RESERVOIR RD,67,NEW GENERATION,1985,52,39000,300000,147860,7688700
1992-04,BEDOK,4 ROOM,122,BEDOK RESERVOIR RD,84,SIMPLIFIED,1987,69,71800,365000,218951,15107600
1992-07,BEDOK,4 ROOM,123,BEDOK RESERVOIR RD,103,MODEL A,1987,46,100000,362500,227828,10480100
1992-02,BEDOK,4 ROOM,124,BEDOK RESERVOIR RD,84,SIMPLIFIED,1987,47,71800,310000,207587,9756600
1991-02,BEDOK,4 ROOM,125,BEDOK RESERVOIR RD,84,SIMPLIFIED,1987,67,71800,350000,214785,14390600
1993-05,BEDOK,3 ROOM,126,BEDOK RESERVOIR RD,70,SIMPLIFIED,1987,17,50000,300000,179147,3045500
1992-06,BEDOK,4 ROOM,127,BEDOK RESERVOIR RD,89,SIMPLIFIED,1986,24,41000,304000,150479,3611500
1991-01,BEDOK,5 ROOM,128,BEDOK RESERVOIR RD,122,IMPROVED,1986,78,70000,438000,238904,18634500
1992-01,BEDOK,3 ROOM,129,BEDOK RESERVOIR RD,64,SIMPLIFIED,1986,9,46000,212000,137111,1234000
1991-09,BEDOK,EXECUTIVE,130,BEDOK RESERVOIR RD,143,MAISONETTE,1987,43,150000,608000,409729,17618350
1990-06,BEDOK,5 ROOM,131,BEDOK RESERVOIR RD,122,IMPROVED,1987,44,70000,448800,234893,10335300
1992-09,BEDOK,4 ROOM,132,BEDOK RESERVOIR RD,103,MODEL A,1987,50,89000,350000,222816,11140800
1991-09,BEDOK,4 ROOM,133,BEDOK RESERVOIR RD,84,SIMPLIFIED,1987,56,52000,400000,214621,12018800
1991-02,BEDOK,4 ROOM,134,BEDOK RESERVOIR RD,84,SIMPLIFIED,1987,73,59000,345000,205458,14998400
1991-01,BEDOK,4 ROOM,135,BEDOK RESERVOIR RD,84,SIMPLIFIED,1987,56,55000,380000,222138,12439700
1991-08,BEDOK,4 ROOM,136,BEDOK RESERVOIR RD,83,SIMPLIFIED,1988,37,55000,293000,172378,6378000
1991-08,BEDOK,EXECUTIVE,137,BEDOK RESERVOIR RD,143,MAISONETTE,1987,43,179000,575000,391477,16833500
1991-09,BEDOK,4 ROOM,138,BEDOK RESERVOIR RD,89,SIMPLIFIED,1986,21,42000,348000,187024,3927500
1993-03,BEDOK,3 ROOM,139,BEDOK RESERVOIR RD,64,SIMPLIFIED,1988,41,50000,300000,175205,7183388
1991-06,BEDOK,4 ROOM,140,BEDOK RESERVOIR RD,84,SIMPLIFIED,1986,56,56000,485000,235852,13207688
1991-04,BEDOK,4 ROOM,141,BEDOK RESERVOIR RD,84,SIMPLIFIED,1986,83,56000,450000,223499,18550380
1991-08,BEDOK,4 ROOM,142,BEDOK RESERVOIR RD,110,MODEL A,1986,88,72000,463800,240386,21153980
1993-07,BEDOK,4 ROOM,143,BEDOK RESERVOIR RD,104,MODEL A,1987,27,76000,315000,180519,4874000
1993-06,BEDOK,4 ROOM,144,BEDOK RESERVOIR RD,104,MODEL A,1987,26,72000,263000,171004,4446099
1990-11,BEDOK,EXECUTIVE,145,BEDOK RESERVOIR RD,143,MAISONETTE,1987,52,180000,610000,409846,21311999
1991-08,BEDOK,4 ROOM,146,BEDOK RESERVOIR RD,84,SIMPLIFIED,1986,92,60000,449000,241670,22233680
1990-08,BEDOK,4 ROOM,147,BEDOK RESERVOIR RD,84,SIMPLIFIED,1987,94,57000,470000,230659,21681980
1991-07,BEDOK,4 ROOM,148,BEDOK RESERVOIR RD,84,SIMPLIFIED,1987,68,68000,360000,225243,15316500
1991-06,BEDOK,4 ROOM,149,BEDOK RESERVOIR RD,84,SIMPLIFIED,1987,68,72000,335000,211902,14409350
1993-03,BEDOK,4 ROOM,150,BEDOK RESERVOIR RD,84,SIMPLIFIED,1988,43,55000,305000,174816,7517100
1993-08,BEDOK,3 ROOM,151,BEDOK RESERVOIR RD,63,SIMPLIFIED,1988,43,60000,306000,176512,7590000
1990-06,BEDOK,5 ROOM,601,BEDOK RESERVOIR RD,123,IMPROVED,1982,81,72000,460000,276900,22428888
1990-01,BEDOK,5 ROOM,602,BEDOK RESERVOIR RD,121,IMPROVED,1982,63,74000,425000,282873,17821000
1990-01,BEDOK,5 ROOM,603,BEDOK RESERVOIR RD,120,IMPROVED,1982,37,96000,428000,255119,9439400
1990-04,BEDOK,5 ROOM,604,BEDOK RESERVOIR RD,121,IMPROVED,1982,56,70000,448800,277716,15552100
1990-01,BEDOK,5 ROOM,605,BEDOK RESERVOIR RD,121,IMPROVED,1982,91,80000,450000,281804,25644200
1990-01,BEDOK,3 ROOM,606,BEDOK RESERVOIR RD,67,NEW GENERATION,1982,48,35000,305000,138385,6642500
1990-02,BEDOK,5 ROOM,607,BEDOK RESERVOIR RD,121,IMPROVED,1983,51,79000,447000,290517,14816388
1990-02,BEDOK,3 ROOM,608,BEDOK RESERVOIR RD,67,NEW GENERATION,1982,60,38000,335000,138463,8307800
1990-01,BEDOK,4 ROOM,609,BEDOK RESERVOIR RD,91,NEW GENERATION,1982,103,39000,260000,144666,14900576
1992-08,BEDOK,3 ROOM,610,BEDOK RESERVOIR RD,67,NEW GENERATION,1982,10,71000,268000,132900,1329000
1996-03,BEDOK,5 ROOM,611,BEDOK RESERVOIR RD,127,IMPROVED,1993,26,230000,440000,348538,9062000
1990-02,BEDOK,5 ROOM,612,BEDOK RESERVOIR RD,125,IMPROVED,1981,41,109000,460000,278117,11402800
1990-01,BEDOK,5 ROOM,613,BEDOK RESERVOIR RD,121,IMPROVED,1981,97,70700,435000,255456,24779200
1990-03,BEDOK,3 ROOM,614,BEDOK RESERVOIR RD,67,NEW GENERATION,1981,67,34000,288000,144864,9705888
1990-01,BEDOK,3 ROOM,615,BEDOK RESERVOIR RD,68,NEW GENERATION,1981,92,34000,315000,141668,13033460
1990-01,BEDOK,3 ROOM,616,BEDOK RESERVOIR RD,68,NEW GENERATION,1982,113,37500,310000,139618,15776800
1990-07,BEDOK,2 ROOM,617,BEDOK RESERVOIR RD,45,IMPROVED,1986,56,23000,190000,85641,4795900
1990-05,BEDOK,3 ROOM,618,BEDOK RESERVOIR RD,60,IMPROVED,1986,71,24000,195000,85648,6080988
1990-08,BEDOK,3 ROOM,619,BEDOK RESERVOIR RD,68,NEW GENERATION,1981,40,41000,305000,147802,5912100
1990-01,BEDOK,2 ROOM,620,BEDOK RESERVOIR RD,45,IMPROVED,1986,193,22200,192000,90880,17539900
1990-02,BEDOK,5 ROOM,621,BEDOK RESERVOIR RD,121,IMPROVED,1983,69,88000,430000,283158,19537900
1990-01,BEDOK,4 ROOM,622,BEDOK RESERVOIR RD,91,NEW GENERATION,1981,75,52000,318000,197301,14797600
1990-10,BEDOK,4 ROOM,623,BEDOK RESERVOIR RD,91,NEW GENERATION,1981,56,71000,328000,216398,12118300
1990-08,BEDOK,4 ROOM,624,BEDOK RESERVOIR RD,104,NEW GENERATION,1981,13,40000,325000,158505,2060560
1993-02,BEDOK,3 ROOM,625,BEDOK RESERVOIR RD,68,NEW GENERATION,1981,14,47000,295000,152607,2136500
1990-02,BEDOK,4 ROOM,626,BEDOK RESERVOIR RD,91,NEW GENERATION,1981,70,55000,330000,194515,13616068
1990-07,BEDOK,4 ROOM,627,BEDOK RESERVOIR RD,92,NEW GENERATION,1981,57,70000,332000,216447,12337500
1990-12,BEDOK,3 ROOM,628,BEDOK RESERVOIR RD,67,NEW GENERATION,1983,62,38700,315000,146903,9108000
1996-02,BEDOK,5 ROOM,629,BEDOK RESERVOIR RD,138,MODEL A,1993,43,362000,720000,533452,22938438
1997-08,BEDOK,EXECUTIVE,633,BEDOK RESERVOIR RD,144,APARTMENT,1993,27,420000,608000,522400,14104800
1994-09,BEDOK,EXECUTIVE,634,BEDOK RESERVOIR RD,142,APARTMENT,1993,27,380000,590000,500403,13510880
1997-08,BEDOK,EXECUTIVE,635,BEDOK RESERVOIR RD,144,APARTMENT,1993,17,438000,650000,514235,8742000
1993-01,BEDOK,EXECUTIVE,636,BEDOK RESERVOIR RD,144,APARTMENT,1993,26,295000,645000,526115,13679000
1997-09,BEDOK,EXECUTIVE,637,BEDOK RESERVOIR RD,142,APARTMENT,1993,27,430000,565000,493148,13315000
1998-04,BEDOK,EXECUTIVE,638,BEDOK RESERVOIR RD,146,APARTMENT,1993,16,465000,530000,484625,7754000
1998-04,BEDOK,EXECUTIVE,639,BEDOK RESERVOIR RD,143,APARTMENT,1993,18,468000,553000,502111,9038000
1998-07,BEDOK,EXECUTIVE,640,BEDOK RESERVOIR RD,144,APARTMENT,1993,16,440000,550000,491250,7860000
1998-04,BEDOK,EXECUTIVE,641,BEDOK RESERVOIR RD,148,APARTMENT,1993,15,468000,528000,497787,7466800
1998-07,BEDOK,EXECUTIVE,642,BEDOK RESERVOIR RD,145,APARTMENT,1993,16,460000,535000,488581,7817300
1994-03,BEDOK,EXECUTIVE,643,BEDOK RESERVOIR RD,145,APARTMENT,1993,19,405000,640000,504947,9594000
1997-07,BEDOK,EXECUTIVE,644,BEDOK RESERVOIR RD,144,APARTMENT,1993,25,457000,580000,514680,12867000
1991-01,BEDOK,3 ROOM,701,BEDOK RESERVOIR RD,68,NEW GENERATION,1980,64,36000,312000,151469,9694000
1990-01,BEDOK,3 ROOM,702,BEDOK RESERVOIR RD,68,NEW GENERATION,1980,79,35000,304000,131259,10369500
1990-04,BEDOK,4 ROOM,703,BEDOK RESERVOIR RD,93,NEW GENERATION,1980,76,37000,327000,132422,10064100
1990-07,BEDOK,3 ROOM,704,BEDOK RESERVOIR RD,68,NEW GENERATION,1981,74,34000,295000,133239,9859700
1990-02,BEDOK,4 ROOM,709,BEDOK RESERVOIR RD,93,NEW GENERATION,1981,150,36000,305000,134035,20105200
1990-01,BEDOK,5 ROOM,710,BEDOK RESERVOIR RD,121,IMPROVED,1980,66,70000,448000,267724,17669800
1990-05,BEDOK,5 ROOM,711,BEDOK RESERVOIR RD,121,IMPROVED,1980,76,78300,510000,303309,23051500
1990-01,BEDOK,3 ROOM,712,BEDOK RESERVOIR RD,68,NEW GENERATION,1981,86,35000,315000,131141,11278090
1990-01,BEDOK,4 ROOM,713,BEDOK RESERVOIR RD,93,NEW GENERATION,1981,83,35000,310000,136311,11313800
1990-03,BEDOK,5 ROOM,714,BEDOK RESERVOIR RD,121,IMPROVED,1980,43,110000,458000,298616,12840500
1990-03,BEDOK,5 ROOM,715,BEDOK RESERVOIR RD,121,IMPROVED,1980,50,70000,500000,291158,14557900
1990-01,BEDOK,EXECUTIVE,716,BEDOK RESERVOIR RD,143,APARTMENT,1984,63,178800,665000,379684,23920080
1990-05,BEDOK,4 ROOM,717,BEDOK RESERVOIR RD,111,MODEL A,1984,110,80000,570000,313425,34476788
1990-01,BEDOK,4 ROOM,718,BEDOK RESERVOIR RD,104,MODEL A,1984,139,70500,535000,245147,34075450
1990-02,BEDOK,EXECUTIVE,719,BEDOK RESERVOIR RD,143,APARTMENT,1984,71,178900,650000,384920,27329300
1990-08,BEDOK,4 ROOM,720,BEDOK RESERVOIR RD,104,MODEL A,1984,53,90000,488000,250711,13287700
1990-07,BEDOK,EXECUTIVE,721,BEDOK RESERVOIR RD,148,MAISONETTE,1984,89,150000,600000,383455,34127500
1990-01,BEDOK,5 ROOM,722,BEDOK RESERVOIR RD,139,MODEL A-MAISONETTE,1984,96,72000,530000,318740,30599000
1990-02,BEDOK,5 ROOM,723,BEDOK RESERVOIR RD,139,MODEL A-MAISONETTE,1984,70,84000,545000,284659,19926100
1990-01,BEDOK,4 ROOM,724,BEDOK RESERVOIR RD,103,MODEL A,1984,62,80000,371250,235372,14593050
1990-01,BEDOK,EXECUTIVE,725,BEDOK RESERVOIR RD,151,MAISONETTE,1984,69,180000,624000,414924,28629770
1991-02,BEDOK,3 ROOM,740,BEDOK RESERVOIR RD,81,NEW GENERATION,1986,24,38000,200000,125167,3004000
1992-12,BEDOK,3 ROOM,742,BEDOK RESERVOIR RD,67,NEW GENERATION,1986,22,52360,255000,129925,2858360
1992-03,BEDOK,3 ROOM,744,BEDOK RESERVOIR RD,67,NEW GENERATION,1986,27,42000,233000,148352,4005500
1990-03,BEDOK,3 ROOM,1,BEDOK STH AVE 1,59,IMPROVED,1976,90,26000,220000,125413,11287200
1990-01,BEDOK,3 ROOM,2,BEDOK STH AVE 1,65,IMPROVED,1976,124,25200,220000,115771,14355628
1990-01,BEDOK,3 ROOM,22,BEDOK STH AVE 1,73,NEW GENERATION,1977,80,34900,335000,140952,11276200
1991-03,BEDOK,3 ROOM,23,BEDOK STH AVE 1,73,NEW GENERATION,1977,89,35000,345000,154753,13773000
1990-02,BEDOK,3 ROOM,3,BEDOK STH AVE 1,59,IMPROVED,1976,100,25500,222000,110598,11059800
1990-02,BEDOK,3 ROOM,4,BEDOK STH AVE 1,65,IMPROVED,1976,114,25200,213000,114979,13107596
1999-07,BEDOK,EXECUTIVE,10B,BEDOK STH AVE 2,141,APARTMENT,1995,7,500000,570000,528000,3696000
1999-07,BEDOK,EXECUTIVE,10C,BEDOK STH AVE 2,142,APARTMENT,1995,1,530000,530000,530000,530000
1999-07,BEDOK,EXECUTIVE,10D,BEDOK STH AVE 2,141,APARTMENT,1995,15,480000,618000,556399,8345988
1997-08,BEDOK,EXECUTIVE,10E,BEDOK STH AVE 2,144,APARTMENT,1993,21,440000,638000,550048,11551000
1994-03,BEDOK,EXECUTIVE,10F,BEDOK STH AVE 2,142,APARTMENT,1993,15,370000,610000,520733,7811000
1995-11,BEDOK,5 ROOM,14,BEDOK STH AVE 2,123,IMPROVED,1995,9,385000,490000,437889,3941000
1990-01,BEDOK,5 ROOM,31,BEDOK STH AVE 2,118,STANDARD,1978,75,85000,560000,317132,23784900
1990-02,BEDOK,5 ROOM,32,BEDOK STH AVE 2,118,STANDARD,1978,60,100000,480000,326497,19589800
1990-01,BEDOK,3 ROOM,33,BEDOK STH AVE 2,73,NEW GENERATION,1978,108,43000,325000,145498,15713800
1990-01,BEDOK,4 ROOM,34,BEDOK STH AVE 2,90,IMPROVED,1977,120,45000,300000,175070,21008340
1990-01,BEDOK,4 ROOM,35,BEDOK STH AVE 2,90,IMPROVED,1977,104,48000,335000,179404,18658000
1990-01,BEDOK,4 ROOM,36,BEDOK STH AVE 2,84,IMPROVED,1977,100,56000,315000,184925,18492500
1990-02,BEDOK,4 ROOM,37,BEDOK STH AVE 2,84,IMPROVED,1977,68,45000,303000,191897,13049000
1990-03,BEDOK,4 ROOM,5,BEDOK STH AVE 2,82,IMPROVED,1976,60,43000,320000,194942,11696500
1990-03,BEDOK,4 ROOM,6,BEDOK STH AVE 2,82,IMPROVED,1976,45,56000,350000,191940,8637300
1991-01,BEDOK,4 ROOM,7,BEDOK STH AVE 2,82,IMPROVED,1976,45,43000,318000,189762,8539300
1990-01,BEDOK,4 ROOM,8,BEDOK STH AVE 2,82,IMPROVED,1976,59,43000,305000,188268,11107800
1997-08,BEDOK,5 ROOM,9,BEDOK STH AVE 2,124,IMPROVED,1993,18,383000,530000,464444,8360000
1990-08,BEDOK,EXECUTIVE,155,BEDOK STH AVE 3,146,MAISONETTE,1985,5,180000,650000,476600,2383000
1990-11,BEDOK,5 ROOM,156,BEDOK STH AVE 3,122,IMPROVED,1985,34,72000,446888,250073,8502488
1990-02,BEDOK,4 ROOM,157,BEDOK STH AVE 3,83,SIMPLIFIED,1985,52,55000,362000,218958,11385800
1990-10,BEDOK,3 ROOM,158,BEDOK STH AVE 3,64,SIMPLIFIED,1985,8,46500,275000,155812,1246500
1990-02,BEDOK,4 ROOM,159,BEDOK STH AVE 3,105,MODEL A,1985,61,55000,365000,221177,13491800
1991-01,BEDOK,EXECUTIVE,160,BEDOK STH AVE 3,146,MAISONETTE,1986,44,178780,659000,388234,17082280
1990-11,BEDOK,EXECUTIVE,161,BEDOK STH AVE 3,146,MAISONETTE,1985,20,180000,640000,392100,7842000
1990-01,BEDOK,4 ROOM,166,BEDOK STH AVE 3,105,MODEL A,1985,57,70000,388000,209605,11947500
1990-12,BEDOK,EXECUTIVE,167,BEDOK STH AVE 3,146,MAISONETTE,1986,52,210000,620000,447048,23246500
1991-08,BEDOK,3 ROOM,168,BEDOK STH AVE 3,64,SIMPLIFIED,1986,8,38500,302000,144812,1158500
1990-02,BEDOK,4 ROOM,169,BEDOK STH AVE 3,105,MODEL A,1985,51,70000,375000,225016,11475800
1990-01,BEDOK,3 ROOM,46,BEDOK STH AVE 3,67,NEW GENERATION,1978,114,34000,355000,142439,16238000
1990-05,BEDOK,5 ROOM,66,BEDOK STH AVE 3,120,STANDARD,1977,41,98000,538000,312317,12805000
1990-02,BEDOK,5 ROOM,67,BEDOK STH AVE 3,123,STANDARD,1977,49,110000,500000,322418,15798500
1990-11,BEDOK,5 ROOM,68,BEDOK STH AVE 3,123,STANDARD,1977,38,105000,515000,337118,12810500
1990-01,BEDOK,3 ROOM,69,BEDOK STH AVE 3,67,NEW GENERATION,1978,79,34000,330000,138006,10902500
1990-01,BEDOK,5 ROOM,72,BEDOK STH AVE 3,125,STANDARD,1978,46,96600,500000,325883,14990600
1990-01,BEDOK,4 ROOM,15,BEDOK STH RD,88,IMPROVED,1976,52,50000,336000,191781,9972600
1990-08,BEDOK,EXECUTIVE,162,BEDOK STH RD,146,MAISONETTE,1985,18,210000,580000,418850,7539300
1990-05,BEDOK,4 ROOM,163,BEDOK STH RD,83,SIMPLIFIED,1985,42,72000,350000,215214,9039000
1990-11,BEDOK,5 ROOM,164,BEDOK STH RD,122,IMPROVED,1986,53,72000,453000,251761,13343340
1990-01,BEDOK,4 ROOM,165,BEDOK STH RD,83,SIMPLIFIED,1985,66,55000,350000,208838,13783300
1990-10,BEDOK,5 ROOM,170,BEDOK STH RD,122,IMPROVED,1986,56,75000,458000,267502,14980100
1990-11,BEDOK,4 ROOM,171,BEDOK STH RD,84,SIMPLIFIED,1985,43,60000,470000,257537,11074100
1990-11,BEDOK,4 ROOM,172,BEDOK STH RD,84,SIMPLIFIED,1985,54,62000,460000,250472,13525500
1990-01,BEDOK,3 ROOM,18,BEDOK STH RD,65,IMPROVED,1976,125,25500,202000,110232,13779050
1990-04,BEDOK,5 ROOM,19,BEDOK STH RD,117,STANDARD,1976,47,96000,525000,329383,15481000
1990-04,BEDOK,5 ROOM,20,BEDOK STH RD,119,STANDARD,1976,44,96000,530000,311600,13710400
1990-02,BEDOK,5 ROOM,21,BEDOK STH RD,114,STANDARD,1976,44,95000,500000,318409,14010000
1990-10,BEDOK,3 ROOM,39,BEDOK STH RD,67,NEW GENERATION,1978,88,35000,320000,138978,12230100
1990-02,BEDOK,3 ROOM,40,BEDOK STH RD,82,NEW GENERATION,1978,89,35000,350000,150273,13374300
1990-01,BEDOK,4 ROOM,41,BEDOK STH RD,84,IMPROVED,1977,46,56000,300000,185163,8517500
1990-01,BEDOK,4 ROOM,42,BEDOK STH RD,84,IMPROVED,1977,68,49000,328000,177387,12062300
1990-03,BEDOK,4 ROOM,43,BEDOK STH RD,84,IMPROVED,1977,46,41100,322500,185802,8546900
1990-08,BEDOK,4 ROOM,44,BEDOK STH RD,84,IMPROVED,1977,50,56000,308000,191914,9595700
1990-02,BEDOK,3 ROOM,70,BEDOK STH RD,67,NEW GENERATION,1978,91,35000,290000,140988,12829888
1990-01,BEDOK,4 ROOM,71,BEDOK STH RD,92,NEW GENERATION,1978,81,34000,310000,141168,11434600
1990-09,KALLANG/WHAMPOA,3 ROOM,23,BENDEMEER RD,68,IMPROVED,1972,38,43500,220000,125637,4774188
1990-01,KALLANG/WHAMPOA,3 ROOM,24,BENDEMEER RD,78,IMPROVED,1972,28,40000,230000,115816,3242850
1990-01,KALLANG/WHAMPOA,3 ROOM,26,BENDEMEER RD,71,IMPROVED,1972,36,48000,276000,133742,4814700
1990-01,KALLANG/WHAMPOA,3 ROOM,28,BENDEMEER RD,71,IMPROVED,1972,26,41000,302000,137554,3576401
1990-03,KALLANG/WHAMPOA,3 ROOM,30,BENDEMEER RD,68,IMPROVED,1972,44,35000,218000,127425,5606700
1990-02,KALLANG/WHAMPOA,3 ROOM,43,BENDEMEER RD,63,STANDARD,1981,85,23000,190000,102229,8689500
1990-01,KALLANG/WHAMPOA,3 ROOM,44,BENDEMEER RD,63,STANDARD,1981,91,21500,185000,103515,9419900
1990-01,KALLANG/WHAMPOA,3 ROOM,45,BENDEMEER RD,66,IMPROVED,1972,63,36000,215000,111152,7002588
1999-01,KALLANG/WHAMPOA,EXECUTIVE,46,BENDEMEER RD,147,APARTMENT,1994,13,470000,580000,522923,6798000
1990-05,KALLANG/WHAMPOA,3 ROOM,47,BENDEMEER RD,65,IMPROVED,1974,47,33000,190000,111830,5256000
1998-10,KALLANG/WHAMPOA,EXECUTIVE,48,BENDEMEER RD,146,APARTMENT,1994,9,472500,575000,519889,4679000
1990-06,BUKIT MERAH,2 ROOM,24,BEO CRES,48,STANDARD,1971,48,16000,200200,84428,4052560
1990-01,BUKIT MERAH,3 ROOM,36,BEO CRES,59,STANDARD,1971,40,15500,154000,84288,3371500
1991-01,BUKIT MERAH,2 ROOM,38,BEO CRES,51,STANDARD,1971,30,17000,186000,88550,2656500
1990-01,BUKIT MERAH,2 ROOM,40,BEO CRES,51,STANDARD,1971,38,19000,188000,94350,3585300
1992-02,BISHAN,4 ROOM,145,BISHAN ST 11,85,SIMPLIFIED,1987,49,70000,583000,312986,15336300
1992-03,BISHAN,4 ROOM,146,BISHAN ST 11,87,SIMPLIFIED,1987,65,82000,575000,291182,18926800
1992-05,BISHAN,5 ROOM,147,BISHAN ST 11,122,IMPROVED,1987,49,132000,523000,277235,13584501
1992-10,BISHAN,MULTI GENERATION,148,BISHAN ST 11,165,MULTI GENERATION,1987,36,90000,655000,379772,13671800
1991-10,BISHAN,5 ROOM,149,BISHAN ST 11,122,IMPROVED,1987,33,82000,550000,317727,10485000
1994-09,BISHAN,4 ROOM,150,BISHAN ST 11,93,SIMPLIFIED,1989,7,175000,350000,235571,1649000
1994-03,BISHAN,4 ROOM,150A,BISHAN ST 11,84,SIMPLIFIED,1989,17,100000,330000,236741,4024600
1994-03,BISHAN,3 ROOM,151,BISHAN ST 11,64,SIMPLIFIED,1989,13,90000,318000,206308,2682000
1994-05,BISHAN,3 ROOM,152,BISHAN ST 11,64,SIMPLIFIED,1988,3,100000,273000,211667,635000
1995-01,BISHAN,4 ROOM,501,BISHAN ST 11,115,MODEL A,1989,18,230000,535000,390944,7037000
1995-11,BISHAN,5 ROOM,502,BISHAN ST 11,123,IMPROVED,1989,2,360000,430000,395000,790000
1993-08,BISHAN,4 ROOM,503,BISHAN ST 11,113,MODEL A,1989,16,210000,470000,363500,5816000
1992-06,BISHAN,4 ROOM,506,BISHAN ST 11,115,MODEL A,1989,12,160000,560000,436333,5236000
1991-09,BISHAN,5 ROOM,101,BISHAN ST 12,121,IMPROVED,1987,42,139000,650000,416110,17476600
1991-08,BISHAN,5 ROOM,102,BISHAN ST 12,121,IMPROVED,1987,58,180000,900000,424776,24637000
1991-11,BISHAN,EXECUTIVE,103,BISHAN ST 12,163,MAISONETTE,1986,41,180000,720000,424978,17424100
1992-01,BISHAN,4 ROOM,104,BISHAN ST 12,84,SIMPLIFIED,1985,16,62000,318000,176281,2820500
1991-01,BISHAN,4 ROOM,105,BISHAN ST 12,104,MODEL A,1985,68,52000,425000,209081,14217500
1990-10,BISHAN,4 ROOM,106,BISHAN ST 12,84,SIMPLIFIED,1985,64,64000,432000,255000,16320000
1991-01,BISHAN,4 ROOM,107,BISHAN ST 12,84,SIMPLIFIED,1985,53,80000,410000,262019,13886999
1990-08,BISHAN,4 ROOM,108,BISHAN ST 12,104,MODEL A,1985,20,52000,380000,215485,4309700
1990-08,BISHAN,4 ROOM,109,BISHAN ST 12,105,MODEL A,1985,62,80000,430000,261468,16211000
1990-11,BISHAN,3 ROOM,110,BISHAN ST 12,64,SIMPLIFIED,1986,56,40000,450000,201175,11265800
1991-01,BISHAN,4 ROOM,111,BISHAN ST 12,105,MODEL A,1986,56,70000,430000,252243,14125600
1991-08,BISHAN,4 ROOM,112,BISHAN ST 12,84,SIMPLIFIED,1985,33,82000,440000,274518,9059100
1990-10,BISHAN,4 ROOM,113,BISHAN ST 12,105,MODEL A,1986,90,61400,428000,252110,22689900
1991-10,BISHAN,4 ROOM,114,BISHAN ST 12,104,MODEL A,1986,57,86000,425000,289584,16506276
1990-12,BISHAN,4 ROOM,115,BISHAN ST 12,104,MODEL A,1986,59,47000,445000,235731,13908100
1990-12,BISHAN,4 ROOM,116,BISHAN ST 12,84,SIMPLIFIED,1985,62,48000,346000,185065,11474000
1992-03,BISHAN,5 ROOM,117,BISHAN ST 12,121,IMPROVED,1987,34,150000,870000,458441,15587000
1994-01,BISHAN,3 ROOM,118,BISHAN ST 12,63,SIMPLIFIED,1986,9,120500,343500,230444,2074000
1991-11,BISHAN,EXECUTIVE,119,BISHAN ST 12,144,APARTMENT,1987,37,205000,710000,498986,18462500
1991-05,BISHAN,4 ROOM,120,BISHAN ST 12,88,SIMPLIFIED,1986,13,83000,364000,194000,2522000
1991-04,BISHAN,4 ROOM,121,BISHAN ST 12,91,SIMPLIFIED,1986,11,53000,282000,140636,1547000
1990-12,BISHAN,4 ROOM,122,BISHAN ST 12,104,MODEL A,1986,63,86000,434000,252679,15918800
1991-01,BISHAN,4 ROOM,123,BISHAN ST 12,84,SIMPLIFIED,1986,48,85000,418000,261655,12559460
1991-07,BISHAN,4 ROOM,124,BISHAN ST 12,83,SIMPLIFIED,1987,46,82000,530000,322343,14827800
1991-10,BISHAN,4 ROOM,125,BISHAN ST 12,83,SIMPLIFIED,1987,44,80000,580000,309818,13632000
1991-08,BISHAN,5 ROOM,126,BISHAN ST 12,121,IMPROVED,1987,59,85000,545000,322053,19001100
1991-05,BISHAN,4 ROOM,127,BISHAN ST 12,83,SIMPLIFIED,1986,65,82000,545000,280649,18242200
1992-01,BISHAN,5 ROOM,128,BISHAN ST 12,121,IMPROVED,1987,58,170000,678500,437074,25350300
1994-05,BISHAN,3 ROOM,129,BISHAN ST 12,70,SIMPLIFIED,1987,5,110000,350000,249400,1247000
1991-03,BISHAN,4 ROOM,130,BISHAN ST 12,105,MODEL A,1986,69,80000,445000,273333,18859960
1990-12,BISHAN,4 ROOM,131,BISHAN ST 12,84,SIMPLIFIED,1986,41,70000,426800,258373,10593299
1992-02,BISHAN,4 ROOM,132,BISHAN ST 12,84,SIMPLIFIED,1987,12,82000,325000,165375,1984500
1992-01,BISHAN,3 ROOM,133,BISHAN ST 12,64,SIMPLIFIED,1987,14,56000,333000,202492,2834888
1992-01,BISHAN,EXECUTIVE,134,BISHAN ST 12,151,APARTMENT,1986,44,255000,680000,521904,22963776
1992-03,BISHAN,5 ROOM,135,BISHAN ST 12,121,IMPROVED,1987,39,180000,590000,400859,15633500
1992-02,BISHAN,5 ROOM,136,BISHAN ST 12,119,IMPROVED,1987,48,70000,540000,307638,14766600
1992-06,BISHAN,MULTI GENERATION,137,BISHAN ST 12,165,MULTI GENERATION,1987,34,280000,760000,538908,18322888
1992-02,BISHAN,5 ROOM,138,BISHAN ST 12,121,IMPROVED,1987,59,82000,560000,311175,18359300
1993-02,BISHAN,4 ROOM,139,BISHAN ST 12,103,MODEL A,1988,5,115000,480000,340400,1702000
1993-04,BISHAN,4 ROOM,140,BISHAN ST 12,104,MODEL A,1988,47,168000,512000,362836,17053300
1993-05,BISHAN,5 ROOM,141,BISHAN ST 12,122,IMPROVED,1988,50,170000,536000,367288,18364388
1993-06,BISHAN,5 ROOM,142,BISHAN ST 12,122,IMPROVED,1988,34,235000,580000,390853,13289000
1993-12,BISHAN,5 ROOM,143,BISHAN ST 12,128,IMPROVED,1988,8,206000,408000,330625,2645000
1993-02,BISHAN,4 ROOM,144,BISHAN ST 12,104,MODEL A,1988,45,105000,569000,364449,16400188
1992-03,BISHAN,5 ROOM,153,BISHAN ST 13,119,IMPROVED,1987,54,82000,560000,326672,17640300
1992-07,BISHAN,4 ROOM,154,BISHAN ST 13,84,SIMPLIFIED,1987,65,82000,535000,299292,19454000
1992-09,BISHAN,5 ROOM,155,BISHAN ST 13,121,IMPROVED,1987,50,223000,618000,401130,20056500
1993-06,BISHAN,5 ROOM,156,BISHAN ST 13,131,IMPROVED,1988,49,235000,600000,427027,20924300
1992-08,BISHAN,5 ROOM,157,BISHAN ST 13,121,IMPROVED,1988,49,139000,570000,408649,20023800
1992-09,BISHAN,5 ROOM,158,BISHAN ST 13,121,IMPROVED,1988,60,110000,595000,436657,26199400
1993-03,BISHAN,EXECUTIVE,159,BISHAN ST 13,149,MAISONETTE,1988,11,325000,640000,481727,5299000
1992-11,BISHAN,EXECUTIVE,160,BISHAN ST 13,144,MAISONETTE,1987,6,297000,690000,514500,3087000
1993-02,BISHAN,5 ROOM,161,BISHAN ST 13,121,IMPROVED,1988,42,140000,560000,420000,17640000
1993-06,BISHAN,EXECUTIVE,162,BISHAN ST 13,144,MAISONETTE,1988,12,345000,655000,508417,6101000
1990-09,BISHAN,5 ROOM,163,BISHAN ST 13,128,IMPROVED,1988,48,160000,635000,453840,21784300
1991-11,BISHAN,5 ROOM,164,BISHAN ST 13,121,IMPROVED,1988,56,180000,565000,414791,23228300
1993-02,BISHAN,5 ROOM,165,BISHAN ST 13,131,IMPROVED,1988,59,230000,595000,437637,25820600
1992-06,BISHAN,4 ROOM,166,BISHAN ST 13,84,SIMPLIFIED,1987,64,122000,550000,320075,20484800
1993-08,BISHAN,4 ROOM,167,BISHAN ST 13,84,SIMPLIFIED,1988,47,130000,557000,328179,15424400
1991-08,BISHAN,5 ROOM,168,BISHAN ST 13,121,IMPROVED,1986,55,139000,792500,405075,22279100
1993-09,BISHAN,EXECUTIVE,169,BISHAN ST 13,153,MAISONETTE,1986,6,333000,660000,542333,3254000
1991-06,BISHAN,5 ROOM,170,BISHAN ST 13,121,IMPROVED,1987,52,70000,580000,333852,17360300
1993-01,BISHAN,4 ROOM,171,BISHAN ST 13,84,SIMPLIFIED,1988,46,95000,330000,222959,10256100
1991-10,BISHAN,5 ROOM,172,BISHAN ST 13,121,IMPROVED,1987,55,82000,520000,300873,16548000
1991-08,BISHAN,5 ROOM,173,BISHAN ST 13,121,IMPROVED,1987,49,140000,840000,375520,18400500
1991-10,BISHAN,EXECUTIVE,174,BISHAN ST 13,152,MAISONETTE,1986,15,288000,664000,529133,7937000
1991-07,BISHAN,4 ROOM,175,BISHAN ST 13,103,MODEL A,1987,51,80000,550000,319614,16300301
1992-12,BISHAN,4 ROOM,176,BISHAN ST 13,88,SIMPLIFIED,1988,50,60000,388000,211246,10562300
1991-08,BISHAN,4 ROOM,177,BISHAN ST 13,83,SIMPLIFIED,1987,50,100000,565000,306327,15316370
1991-10,BISHAN,4 ROOM,178,BISHAN ST 13,103,MODEL A,1987,63,82000,575000,300554,18934888
1990-09,BISHAN,5 ROOM,179,BISHAN ST 13,121,IMPROVED,1987,61,140000,770000,431906,26346288
1992-12,BISHAN,3 ROOM,180,BISHAN ST 13,64,SIMPLIFIED,1988,43,53000,365000,225042,9676800
1991-08,BISHAN,5 ROOM,181,BISHAN ST 13,121,IMPROVED,1987,92,82000,555000,301831,27768488
1991-07,BISHAN,4 ROOM,182,BISHAN ST 13,103,MODEL A,1987,46,80000,550000,321335,14781388
1990-09,BISHAN,5 ROOM,183,BISHAN ST 13,121,IMPROVED,1987,59,139000,690000,440110,25966500
1992-12,BISHAN,4 ROOM,184,BISHAN ST 13,85,SIMPLIFIED,1988,39,45000,318888,215666,8410988
1993-02,BISHAN,3 ROOM,185,BISHAN ST 13,64,SIMPLIFIED,1988,35,53000,370000,206511,7227900
1991-11,BISHAN,EXECUTIVE,186,BISHAN ST 13,146,MAISONETTE,1987,57,225000,718000,512728,29225500
1991-11,BISHAN,EXECUTIVE,187,BISHAN ST 13,146,MAISONETTE,1987,46,205000,740000,508541,23392888
1993-09,BISHAN,3 ROOM,188,BISHAN ST 13,64,SIMPLIFIED,1988,34,90000,325000,223635,7603600
1991-06,BISHAN,4 ROOM,189,BISHAN ST 13,88,SIMPLIFIED,1988,39,70000,350000,209097,8154800
1991-11,BISHAN,5 ROOM,190,BISHAN ST 13,121,IMPROVED,1987,51,160000,800000,442039,22544000
1991-11,BISHAN,4 ROOM,191,BISHAN ST 13,83,SIMPLIFIED,1987,50,85000,585000,354956,17747800
1992-04,BISHAN,5 ROOM,192,BISHAN ST 13,120,IMPROVED,1987,37,192000,740000,460122,17024500
1990-10,BISHAN,4 ROOM,193,BISHAN ST 13,85,SIMPLIFIED,1987,31,50000,376000,218061,6759888
1992-03,BISHAN,5 ROOM,194,BISHAN ST 13,121,IMPROVED,1987,41,200000,720000,469146,19235000
1993-01,BISHAN,4 ROOM,195,BISHAN ST 13,85,SIMPLIFIED,1988,39,87000,360000,243192,9484500
1991-09,BISHAN,4 ROOM,196,BISHAN ST 13,84,SIMPLIFIED,1987,47,70000,590000,329415,15482490
1990-10,BISHAN,5 ROOM,197,BISHAN ST 13,121,IMPROVED,1987,49,82000,560000,307589,15071850
1995-05,BISHAN,4 ROOM,232,BISHAN ST 22,113,MODEL A,1992,32,270000,495000,369697,11830300
1995-07,BISHAN,4 ROOM,233,BISHAN ST 22,110,MODEL A,1992,17,291000,451800,370253,6294300
1995-05,BISHAN,4 ROOM,234,BISHAN ST 22,107,MODEL A,1992,24,307000,565000,383792,9211000
1995-11,BISHAN,4 ROOM,235,BISHAN ST 22,105,MODEL A,1992,22,330000,585000,439459,9668100
1995-08,BISHAN,4 ROOM,236,BISHAN ST 22,107,MODEL A,1992,40,285000,583000,389662,15586500
1995-11,BISHAN,4 ROOM,237,BISHAN ST 22,108,MODEL A,1992,33,319000,640000,434409,14335500
1996-01,BISHAN,EXECUTIVE,238,BISHAN ST 22,146,MAISONETTE,1992,27,455000,710000,604056,16309500
1995-11,BISHAN,4 ROOM,239,BISHAN ST 22,103,MODEL A,1992,32,303000,595000,421219,13479000
1996-05,BISHAN,EXECUTIVE,240,BISHAN ST 22,156,MAISONETTE,1992,4,620000,698000,666500,2666000
1992-07,BISHAN,4 ROOM,241,BISHAN ST 22,116,MODEL A,1992,36,150000,665000,440017,15840600
1992-01,BISHAN,4 ROOM,242,BISHAN ST 22,116,MODEL A,1992,29,130000,605000,458897,13308000
1994-12,BISHAN,4 ROOM,243,BISHAN ST 22,103,MODEL A,1992,47,285000,485000,390809,18368000
1996-03,BISHAN,EXECUTIVE,244,BISHAN ST 22,149,MAISONETTE,1992,5,495000,655000,586600,2933000
1995-07,BISHAN,EXECUTIVE,245,BISHAN ST 22,147,MAISONETTE,1992,40,460000,720000,595320,23812800
1996-02,BISHAN,4 ROOM,246,BISHAN ST 22,107,MODEL A,1992,31,318000,605000,413952,12832500
1997-07,BISHAN,EXECUTIVE,247,BISHAN ST 22,146,MAISONETTE,1992,4,470000,642000,557375,2229500
1996-01,BISHAN,4 ROOM,248,BISHAN ST 22,103,MODEL A,1992,28,340000,485000,412582,11552300
1994-04,BISHAN,5 ROOM,249,BISHAN ST 22,132,MODEL A,1992,33,265000,622000,397333,13112000
1995-12,BISHAN,4 ROOM,250,BISHAN ST 22,105,MODEL A,1992,41,310000,540000,394843,16188576
1995-12,BISHAN,5 ROOM,251,BISHAN ST 22,121,IMPROVED,1992,23,339000,620000,471391,10842000
1996-01,BISHAN,4 ROOM,252,BISHAN ST 22,116,MODEL A,1992,23,345000,465000,401596,9236700
1996-01,BISHAN,5 ROOM,253,BISHAN ST 22,137,MODEL A,1992,24,310000,600000,458896,11013500
1996-01,BISHAN,4 ROOM,254,BISHAN ST 22,115,MODEL A,1992,46,291000,538000,390033,17941500
1993-12,BISHAN,4 ROOM,255,BISHAN ST 22,115,MODEL A,1992,38,200000,596000,411679,15643800
1993-12,BISHAN,4 ROOM,256,BISHAN ST 22,115,MODEL A,1992,19,235000,579000,386316,7340000
1995-10,BISHAN,EXECUTIVE,257,BISHAN ST 22,146,MAISONETTE,1992,33,500000,725000,601258,19841500
1996-07,BISHAN,EXECUTIVE,258,BISHAN ST 22,155,MAISONETTE,1992,6,550000,740000,624333,3746000
1994-05,BISHAN,5 ROOM,259,BISHAN ST 22,133,MODEL A,1992,29,300000,620000,404597,11733300
1996-07,BISHAN,5 ROOM,260,BISHAN ST 22,133,MODEL A,1992,32,309000,625000,428525,13712800
1994-04,BISHAN,EXECUTIVE,261,BISHAN ST 22,151,MAISONETTE,1992,33,410000,728000,617409,20374500
1996-06,BISHAN,4 ROOM,262,BISHAN ST 22,107,MODEL A,1992,29,315000,464000,385052,11166500
1996-04,BISHAN,4 ROOM,263,BISHAN ST 22,103,MODEL A,1992,55,300000,606000,403096,22170300
1996-08,BISHAN,4 ROOM,285,BISHAN ST 22,108,MODEL A,1992,30,371000,868000,455933,13678000
1995-07,BISHAN,EXECUTIVE,201,BISHAN ST 23,147,MAISONETTE,1992,19,522000,740000,615611,11696600
1996-06,BISHAN,EXECUTIVE,202,BISHAN ST 23,149,MAISONETTE,1992,2,620000,670000,645000,1290000
1995-06,BISHAN,4 ROOM,203,BISHAN ST 23,103,MODEL A,1992,18,280000,548000,385889,6946000
1995-09,BISHAN,4 ROOM,204,BISHAN ST 23,116,MODEL A,1992,17,332000,540000,419588,7133000
1994-01,BISHAN,5 ROOM,205,BISHAN ST 23,135,MODEL A,1992,26,333800,613000,414492,10776800
1995-07,BISHAN,4 ROOM,206,BISHAN ST 23,103,MODEL A,1992,21,298000,560000,392571,8244000
1995-10,BISHAN,4 ROOM,207,BISHAN ST 23,103,MODEL A,1992,20,322000,527500,414700,8294000
1995-05,BISHAN,EXECUTIVE,208,BISHAN ST 23,146,MAISONETTE,1992,7,500000,650000,571000,3997000
1995-06,BISHAN,4 ROOM,209,BISHAN ST 23,103,MODEL A,1992,14,345000,516000,408214,5715000
1995-05,BISHAN,4 ROOM,210,BISHAN ST 23,104,MODEL A,1992,20,278000,582000,379525,7590500
1995-08,BISHAN,4 ROOM,211,BISHAN ST 23,103,MODEL A,1992,23,326000,553000,405304,9322000
1995-11,BISHAN,EXECUTIVE,212,BISHAN ST 23,146,MAISONETTE,1992,31,500000,730000,634306,19663500
1995-10,BISHAN,4 ROOM,213,BISHAN ST 23,103,MODEL A,1992,31,313000,665000,421164,13056088
1994-12,BISHAN,4 ROOM,214,BISHAN ST 23,103,MODEL A,1992,32,232000,503000,399438,12782000
1995-11,BISHAN,5 ROOM,215,BISHAN ST 23,133,MODEL A,1992,23,309000,575000,423500,9740500
1995-07,BISHAN,5 ROOM,216,BISHAN ST 23,137,MODEL A,1992,21,298000,605000,418633,8791300
1995-07,BISHAN,4 ROOM,217,BISHAN ST 23,103,MODEL A,1992,17,317000,585000,411147,6989500
1996-05,BISHAN,EXECUTIVE,218,BISHAN ST 23,148,MAISONETTE,1992,6,538000,760000,607333,3644000
1994-01,BISHAN,EXECUTIVE,219,BISHAN ST 23,149,MAISONETTE,1992,36,240000,760000,601125,21640500
1994-10,BISHAN,5 ROOM,220,BISHAN ST 23,139,MODEL A,1992,25,315000,610000,417580,10439500
1995-08,BISHAN,4 ROOM,221,BISHAN ST 23,108,MODEL A,1992,37,245000,650000,438122,16210500
1993-01,BISHAN,EXECUTIVE,222,BISHAN ST 23,146,MAISONETTE,1992,34,250000,743000,604173,20541888
1995-10,BISHAN,4 ROOM,223,BISHAN ST 23,108,MODEL A,1992,42,285000,750000,496464,20851500
1994-04,BISHAN,5 ROOM,224,BISHAN ST 23,136,MODEL A,1992,44,225000,676000,442068,19451000
1995-08,BISHAN,4 ROOM,225,BISHAN ST 23,113,MODEL A,1992,26,300000,515000,383000,9958000
1995-11,BISHAN,4 ROOM,226,BISHAN ST 23,105,MODEL A,1992,42,280000,608000,397072,16677008
1991-11,BISHAN,4 ROOM,227,BISHAN ST 23,103,MODEL A,1992,18,135000,635000,416694,7500500
1995-06,BISHAN,4 ROOM,228,BISHAN ST 23,103,MODEL A,1992,26,265000,580000,409685,10651800
1993-12,BISHAN,4 ROOM,229,BISHAN ST 23,104,MODEL A,1992,46,255000,556000,374974,17248800
1995-03,BISHAN,4 ROOM,230,BISHAN ST 23,107,MODEL A,1992,19,330000,460000,388573,7382880
1995-04,BISHAN,EXECUTIVE,231,BISHAN ST 23,148,MAISONETTE,1992,39,517000,760000,614995,23984800
1996-07,BISHAN,4 ROOM,264,BISHAN ST 24,112,MODEL A,1992,37,280000,605000,390716,14456500
1996-06,BISHAN,4 ROOM,265,BISHAN ST 24,112,MODEL A,1992,42,290000,578000,397619,16700000
1996-08,BISHAN,4 ROOM,266,BISHAN ST 24,112,MODEL A,1992,30,303000,560000,406200,12186000
1996-03,BISHAN,4 ROOM,267,BISHAN ST 24,108,MODEL A,1992,29,320000,450000,380155,11024500
1994-12,BISHAN,5 ROOM,268,BISHAN ST 24,124,IMPROVED,1992,53,300000,566000,393564,20858900
1996-03,BISHAN,4 ROOM,269,BISHAN ST 24,107,MODEL A,1992,28,312000,465000,398036,11145000
1996-05,BISHAN,4 ROOM,270,BISHAN ST 24,108,MODEL A,1992,33,310000,572000,400939,13231000
1996-04,BISHAN,4 ROOM,271,BISHAN ST 24,111,MODEL A,1992,39,290000,550000,392718,15316000
1996-05,BISHAN,4 ROOM,272,BISHAN ST 24,101,MODEL A,1992,34,310000,465000,387364,13170388
1996-10,BISHAN,4 ROOM,278,BISHAN ST 24,108,MODEL A,1992,25,370000,738000,460328,11508188
1996-08,BISHAN,4 ROOM,281,BISHAN ST 24,108,MODEL A,1992,8,315000,410000,345875,2767000
1996-07,BISHAN,4 ROOM,286,BISHAN ST 24,108,MODEL A,1992,39,317000,760000,457949,17860000
1996-08,BISHAN,4 ROOM,287,BISHAN ST 24,107,MODEL A,1992,13,323000,430000,376769,4898000
1990-02,KALLANG/WHAMPOA,4 ROOM,22,BOON KENG RD,89,IMPROVED,1974,47,80000,308000,197974,9304800
1990-01,JURONG WEST,3 ROOM,185,BOON LAY AVE,59,IMPROVED,1975,341,22500,165000,81876,27919688
1990-01,JURONG WEST,3 ROOM,186,BOON LAY AVE,59,IMPROVED,1975,336,22500,195000,87906,29536388
1990-01,JURONG WEST,3 ROOM,187,BOON LAY AVE,68,IMPROVED,1978,290,22500,170000,86632,25123300
1990-03,JURONG WEST,4 ROOM,216,BOON LAY AVE,88,IMPROVED,1975,72,40000,230000,141109,10159880
1990-01,JURONG WEST,4 ROOM,217,BOON LAY AVE,87,IMPROVED,1975,170,40000,235000,135941,23109900
1990-01,JURONG WEST,4 ROOM,219,BOON LAY AVE,87,IMPROVED,1975,102,45000,238000,137940,14069900
1990-01,JURONG WEST,4 ROOM,220,BOON LAY AVE,88,IMPROVED,1975,66,51000,230500,141994,9371600
1990-01,JURONG WEST,3 ROOM,167,BOON LAY DR,70,IMPROVED,1974,73,23400,168000,74371,5429100
1990-01,JURONG WEST,3 ROOM,168,BOON LAY DR,70,IMPROVED,1974,95,23400,170000,85258,8099500
1990-01,JURONG WEST,3 ROOM,169,BOON LAY DR,70,IMPROVED,1974,88,22000,161600,79018,6953600
1990-01,JURONG WEST,3 ROOM,170,BOON LAY DR,70,IMPROVED,1974,97,22600,168000,81321,7888100
1990-02,JURONG WEST,3 ROOM,171,BOON LAY DR,70,IMPROVED,1974,84,23000,168000,80251,6741088
1990-01,JURONG WEST,3 ROOM,172,BOON LAY DR,70,IMPROVED,1974,75,22500,172000,76831,5762300
1990-01,JURONG WEST,5 ROOM,198,BOON LAY DR,112,STANDARD,1976,32,86000,360000,215844,6907000
1990-02,JURONG WEST,5 ROOM,199,BOON LAY DR,121,STANDARD,1976,38,80000,370000,225171,8556500
1990-12,JURONG WEST,5 ROOM,200,BOON LAY DR,121,STANDARD,1976,28,79000,373000,225464,6313000
1990-04,JURONG WEST,5 ROOM,201,BOON LAY DR,122,STANDARD,1976,25,80000,390000,248640,6216000
1990-04,JURONG WEST,5 ROOM,202,BOON LAY DR,120,STANDARD,1976,38,85000,352000,213471,8111900
1990-01,JURONG WEST,5 ROOM,203,BOON LAY DR,122,STANDARD,1976,15,86000,345000,231533,3473000
1990-04,JURONG WEST,5 ROOM,204,BOON LAY DR,120,STANDARD,1976,39,85000,390000,223356,8710900
1990-01,JURONG WEST,5 ROOM,205,BOON LAY DR,128,STANDARD,1976,20,80000,358000,217185,4343700
1990-04,JURONG WEST,5 ROOM,206,BOON LAY DR,111,STANDARD,1976,28,78000,350000,214018,5992500
1999-06,JURONG WEST,4 ROOM,257,BOON LAY DR,115,MODEL A,1995,6,228000,265000,244950,1469700
1999-03,JURONG WEST,4 ROOM,258,BOON LAY DR,115,MODEL A,1995,11,224000,299000,249000,2739000
1999-05,JURONG WEST,4 ROOM,259,BOON LAY DR,112,MODEL A,1995,6,238000,290000,258150,1548900
1999-08,JURONG WEST,4 ROOM,260,BOON LAY DR,109,MODEL A,1995,20,230000,406000,307115,6142300
1994-12,JURONG WEST,5 ROOM,261,BOON LAY DR,126,IMPROVED,1995,14,280000,370000,323778,4532888
1999-04,JURONG WEST,4 ROOM,262,BOON LAY DR,107,MODEL A,1995,25,204000,368000,266292,6657300
1995-06,JURONG WEST,4 ROOM,263,BOON LAY DR,109,MODEL A,1995,26,222300,355000,283550,7372300
1999-03,JURONG WEST,4 ROOM,264,BOON LAY DR,115,MODEL A,1995,13,225000,280000,248615,3232000
1999-03,JURONG WEST,4 ROOM,265,BOON LAY DR,115,MODEL A,1995,14,223800,275000,243886,3414400
1999-02,JURONG WEST,4 ROOM,266,BOON LAY DR,115,MODEL A,1995,17,224000,293000,248471,4224000
1990-02,JURONG WEST,3 ROOM,207,BOON LAY PL,65,IMPROVED,1976,126,22500,163000,88011,11089400
1990-01,JURONG WEST,3 ROOM,208,BOON LAY PL,65,IMPROVED,1976,345,22500,168000,84500,29152650
1990-01,JURONG WEST,3 ROOM,209,BOON LAY PL,65,IMPROVED,1976,241,22500,170000,85140,20518800
1990-01,JURONG WEST,3 ROOM,210,BOON LAY PL,65,IMPROVED,1977,356,22500,160000,86906,30938676
1990-01,JURONG WEST,3 ROOM,211,BOON LAY PL,74,IMPROVED,1976,375,22500,170000,85300,31987600
1990-01,JURONG WEST,3 ROOM,212,BOON LAY PL,65,IMPROVED,1974,85,22500,173000,81041,6888500
1990-01,JURONG WEST,3 ROOM,213,BOON LAY PL,75,IMPROVED,1974,100,22500,155000,79876,7987600
1990-01,JURONG WEST,3 ROOM,214,BOON LAY PL,66,IMPROVED,1974,76,22500,160000,86964,6609300
1990-01,JURONG WEST,3 ROOM,215,BOON LAY PL,66,IMPROVED,1974,70,22500,152000,91797,6425800
1990-04,JURONG WEST,5 ROOM,221,BOON LAY PL,109,STANDARD,1979,35,71000,345000,210137,7354800
1993-04,BISHAN,4 ROOM,446,BRIGHT HILL DR,105,MODEL A,1990,31,160000,590000,355903,11033000
1993-05,BISHAN,5 ROOM,447,BRIGHT HILL DR,120,IMPROVED,1990,32,280000,740000,460353,14731300
1994-07,BISHAN,5 ROOM,448,BRIGHT HILL DR,123,IMPROVED,1990,37,233000,675000,371778,13755800
1990-01,BUKIT BATOK,5 ROOM,103,BT BATOK CTRL,149,MODEL A,1985,64,57000,540000,265469,16990000
1990-04,BUKIT BATOK,4 ROOM,104,BT BATOK CTRL,104,MODEL A,1985,43,88000,356000,219558,9441000
1990-02,BUKIT BATOK,4 ROOM,105,BT BATOK CTRL,104,MODEL A,1985,36,88000,345000,236597,8517500
1990-05,BUKIT BATOK,4 ROOM,106,BT BATOK CTRL,104,MODEL A,1985,57,67000,342000,225065,12828700
1990-01,BUKIT BATOK,EXECUTIVE,120,BT BATOK CTRL,148,APARTMENT,1985,73,159600,620000,369512,26974400
1990-01,BUKIT BATOK,EXECUTIVE,121,BT BATOK CTRL,145,APARTMENT,1985,69,140000,570000,341106,23536300
1990-02,BUKIT BATOK,EXECUTIVE,122,BT BATOK CTRL,156,APARTMENT,1985,74,140000,618000,364242,26953940
1990-01,BUKIT BATOK,4 ROOM,123,BT BATOK CTRL,91,NEW GENERATION,1985,21,71600,305000,187371,3934800
1990-02,BUKIT BATOK,4 ROOM,124,BT BATOK CTRL,93,NEW GENERATION,1985,18,70000,300000,189189,3405400
1990-02,BUKIT BATOK,EXECUTIVE,125,BT BATOK CTRL,150,MAISONETTE,1985,106,137000,585000,358723,38024688
1991-01,BUKIT BATOK,4 ROOM,126,BT BATOK CTRL,93,NEW GENERATION,1985,10,70000,250000,158800,1588000
1990-01,BUKIT BATOK,4 ROOM,225,BT BATOK CTRL,99,NEW GENERATION,1985,77,36000,305000,169252,13032400
1991-01,BUKIT BATOK,4 ROOM,226,BT BATOK CTRL,96,NEW GENERATION,1984,20,47000,298000,146065,2921300
1990-01,BUKIT BATOK,3 ROOM,227,BT BATOK CTRL,67,NEW GENERATION,1985,79,35000,291000,144220,11393400
1990-01,BUKIT BATOK,3 ROOM,228,BT BATOK CTRL,67,NEW GENERATION,1985,100,33400,335000,142792,14279200
1994-06,BUKIT BATOK,5 ROOM,639,BT BATOK CTRL,129,IMPROVED,1989,11,243000,500000,350136,3851500
1995-08,BUKIT BATOK,5 ROOM,642,BT BATOK CTRL,121,IMPROVED,1989,11,290000,530000,382909,4212000
1991-07,BUKIT BATOK,3 ROOM,220,BT BATOK EAST AVE 3,67,NEW GENERATION,1985,15,46000,246000,149967,2249500
1990-01,BUKIT BATOK,EXECUTIVE,221,BT BATOK EAST AVE 3,141,APARTMENT,1985,96,159800,610000,365067,35046466
1990-05,BUKIT BATOK,EXECUTIVE,222,BT BATOK EAST AVE 3,141,APARTMENT,1985,24,160000,555000,346208,8309000
1990-01,BUKIT BATOK,EXECUTIVE,223,BT BATOK EAST AVE 3,141,APARTMENT,1985,83,160000,580000,358184,29729300
1990-04,BUKIT BATOK,3 ROOM,229,BT BATOK EAST AVE 3,72,NEW GENERATION,1985,92,37000,318000,152140,13996900
1990-02,BUKIT BATOK,4 ROOM,230,BT BATOK EAST AVE 3,96,NEW GENERATION,1985,121,33400,330000,135787,16430200
1993-08,BUKIT BATOK,3 ROOM,278,BT BATOK EAST AVE 3,64,SIMPLIFIED,1987,15,70000,238000,116600,1749000
1993-01,BUKIT BATOK,3 ROOM,280,BT BATOK EAST AVE 3,64,SIMPLIFIED,1988,51,35000,272000,137874,7031550
1996-04,BUKIT BATOK,3 ROOM,281,BT BATOK EAST AVE 3,64,SIMPLIFIED,1987,6,103000,177000,133000,798000
1993-06,BUKIT BATOK,3 ROOM,283,BT BATOK EAST AVE 3,64,SIMPLIFIED,1988,34,42000,220000,131982,4487388
1999-10,BUKIT BATOK,5 ROOM,285,BT BATOK EAST AVE 3,130,IMPROVED,1995,7,358800,450000,408686,2860800
1999-11,BUKIT BATOK,5 ROOM,286,BT BATOK EAST AVE 3,127,IMPROVED,1995,6,322000,440000,372500,2235000
1990-02,BUKIT BATOK,5 ROOM,254,BT BATOK EAST AVE 4,125,IMPROVED,1985,57,108000,428000,276332,15750900
1990-06,BUKIT BATOK,3 ROOM,255,BT BATOK EAST AVE 4,75,NEW GENERATION,1985,13,46500,295000,150223,1952900
1990-11,BUKIT BATOK,3 ROOM,256,BT BATOK EAST AVE 4,73,NEW GENERATION,1985,26,35500,310000,149296,3881700
1990-02,BUKIT BATOK,5 ROOM,257,BT BATOK EAST AVE 4,121,IMPROVED,1985,74,55000,435000,253317,18745488
1990-01,BUKIT BATOK,3 ROOM,258,BT BATOK EAST AVE 4,73,MODEL A,1985,74,51000,320000,162964,12059300
1990-06,BUKIT BATOK,3 ROOM,259,BT BATOK EAST AVE 4,69,NEW GENERATION,1985,85,39000,295000,139885,11890260
1990-02,BUKIT BATOK,4 ROOM,260,BT BATOK EAST AVE 4,103,MODEL A,1985,84,55000,315000,159454,13394100
1990-11,BUKIT BATOK,4 ROOM,261,BT BATOK EAST AVE 4,93,NEW GENERATION,1985,11,45000,263000,141845,1560300
1991-03,BUKIT BATOK,4 ROOM,262,BT BATOK EAST AVE 4,93,NEW GENERATION,1985,16,73000,290000,153438,2455000
1990-06,BUKIT BATOK,4 ROOM,263,BT BATOK EAST AVE 4,103,MODEL A,1985,87,51000,333000,170256,14812280
1990-07,BUKIT BATOK,3 ROOM,264,BT BATOK EAST AVE 4,73,MODEL A,1985,70,51000,332000,173209,12124600
1990-05,BUKIT BATOK,3 ROOM,265,BT BATOK EAST AVE 4,67,NEW GENERATION,1985,101,40000,282000,143479,14491400
1990-07,BUKIT BATOK,4 ROOM,266,BT BATOK EAST AVE 4,104,MODEL A,1985,52,50000,318000,185846,9664000
1990-08,BUKIT BATOK,3 ROOM,267,BT BATOK EAST AVE 4,64,SIMPLIFIED,1987,93,40000,260000,134014,12463300
1990-08,BUKIT BATOK,4 ROOM,268,BT BATOK EAST AVE 4,84,SIMPLIFIED,1985,35,75000,312000,196437,6875300
1991-03,BUKIT BATOK,3 ROOM,269,BT BATOK EAST AVE 4,64,SIMPLIFIED,1986,87,30000,241800,135269,11768400
1990-08,BUKIT BATOK,3 ROOM,271,BT BATOK EAST AVE 4,64,SIMPLIFIED,1986,38,31000,268000,132684,5042000
1990-09,BUKIT BATOK,3 ROOM,272,BT BATOK EAST AVE 4,64,SIMPLIFIED,1986,70,35000,297000,123518,8646260
1994-03,BUKIT BATOK,3 ROOM,274,BT BATOK EAST AVE 4,77,SIMPLIFIED,1988,17,82000,250000,144106,2449800
1992-12,BUKIT BATOK,3 ROOM,275,BT BATOK EAST AVE 4,64,SIMPLIFIED,1987,16,35000,240000,138062,2209000
1990-03,BUKIT BATOK,3 ROOM,231,BT BATOK EAST AVE 5,67,NEW GENERATION,1985,121,36000,320000,149490,18088248
1991-01,BUKIT BATOK,4 ROOM,232,BT BATOK EAST AVE 5,97,NEW GENERATION,1985,26,34000,305000,127227,3307900
1990-06,BUKIT BATOK,4 ROOM,233,BT BATOK EAST AVE 5,95,NEW GENERATION,1985,98,40000,280000,143843,14096600
1990-10,BUKIT BATOK,4 ROOM,234,BT BATOK EAST AVE 5,93,NEW GENERATION,1985,21,38000,283000,139590,2931400
1990-04,BUKIT BATOK,3 ROOM,235,BT BATOK EAST AVE 5,67,NEW GENERATION,1985,114,41000,325000,164338,18734500
1990-02,BUKIT BATOK,4 ROOM,236,BT BATOK EAST AVE 5,98,NEW GENERATION,1985,78,62000,460000,259763,20261488
1990-02,BUKIT BATOK,3 ROOM,237,BT BATOK EAST AVE 5,75,NEW GENERATION,1985,11,40500,218000,155227,1707500
1990-07,BUKIT BATOK,3 ROOM,238,BT BATOK EAST AVE 5,69,NEW GENERATION,1986,118,35000,309000,150657,17777500
1990-02,BUKIT BATOK,3 ROOM,239,BT BATOK EAST AVE 5,67,NEW GENERATION,1985,117,40000,300000,145464,17019300
1990-02,BUKIT BATOK,3 ROOM,240,BT BATOK EAST AVE 5,69,NEW GENERATION,1985,106,34500,315000,143107,15169300
1990-06,BUKIT BATOK,3 ROOM,241,BT BATOK EAST AVE 5,69,NEW GENERATION,1985,110,35000,285000,148730,16360300
1990-02,BUKIT BATOK,3 ROOM,242,BT BATOK EAST AVE 5,73,NEW GENERATION,1985,105,35500,310000,148981,15643000
1990-04,BUKIT BATOK,5 ROOM,243,BT BATOK EAST AVE 5,121,IMPROVED,1985,83,70000,440000,267390,22193400
1990-01,BUKIT BATOK,3 ROOM,244,BT BATOK EAST AVE 5,73,NEW GENERATION,1985,97,40000,325000,157352,15263100
1990-07,BUKIT BATOK,4 ROOM,245,BT BATOK EAST AVE 5,93,NEW GENERATION,1985,10,72000,330000,179150,1791500
1991-04,BUKIT BATOK,3 ROOM,246,BT BATOK EAST AVE 5,69,NEW GENERATION,1985,11,40000,318000,172273,1895000
1990-06,BUKIT BATOK,3 ROOM,247,BT BATOK EAST AVE 5,73,MODEL A,1985,91,53000,378000,152852,13909500
1990-01,BUKIT BATOK,3 ROOM,248,BT BATOK EAST AVE 5,73,MODEL A,1985,105,45000,315000,153261,16092438
1990-02,BUKIT BATOK,4 ROOM,249,BT BATOK EAST AVE 5,103,MODEL A,1985,106,47000,330000,153545,16275800
1990-05,BUKIT BATOK,4 ROOM,250,BT BATOK EAST AVE 5,103,MODEL A,1985,89,43000,325000,153498,13661300
1990-03,BUKIT BATOK,4 ROOM,251,BT BATOK EAST AVE 5,96,NEW GENERATION,1985,21,40000,268000,134367,2821700
1990-05,BUKIT BATOK,4 ROOM,252,BT BATOK EAST AVE 5,93,NEW GENERATION,1985,32,40000,335000,132312,4234000
1990-11,BUKIT BATOK,3 ROOM,253,BT BATOK EAST AVE 5,69,NEW GENERATION,1985,31,38000,267000,141084,4373600
1990-01,BUKIT BATOK,EXECUTIVE,140,BT BATOK ST 11,148,APARTMENT,1984,88,130000,598000,357892,31494500
1990-01,BUKIT BATOK,EXECUTIVE,141,BT BATOK ST 11,150,MAISONETTE,1984,71,150000,590000,358369,25444220
1990-01,BUKIT BATOK,EXECUTIVE,142,BT BATOK ST 11,145,APARTMENT,1984,70,160000,628000,375051,26253600
1990-01,BUKIT BATOK,3 ROOM,143,BT BATOK ST 11,68,NEW GENERATION,1984,24,43000,230000,123571,2965700
1990-01,BUKIT BATOK,3 ROOM,145,BT BATOK ST 11,68,NEW GENERATION,1984,35,43200,242000,124931,4372600
1990-01,BUKIT BATOK,3 ROOM,160,BT BATOK ST 11,73,MODEL A,1984,63,42000,322000,142186,8957700
1990-01,BUKIT BATOK,3 ROOM,161,BT BATOK ST 11,73,MODEL A,1984,86,42000,336500,157648,13557750
1990-04,BUKIT BATOK,3 ROOM,162,BT BATOK ST 11,74,MODEL A,1985,93,46000,330000,155413,14453400
1990-01,BUKIT BATOK,4 ROOM,163,BT BATOK ST 11,104,MODEL A,1985,66,45000,328000,168348,11110990
1990-01,BUKIT BATOK,3 ROOM,164,BT BATOK ST 11,73,MODEL A,1984,97,41000,320000,153790,14917600
1990-07,BUKIT BATOK,4 ROOM,201,BT BATOK ST 21,103,MODEL A,1985,83,70000,550000,303323,25175800
1990-03,BUKIT BATOK,5 ROOM,202,BT BATOK ST 21,149,MODEL A,1985,111,50000,590000,310522,34467888
1990-05,BUKIT BATOK,5 ROOM,203,BT BATOK ST 21,133,MODEL A,1985,97,88340,590000,336051,32596940
1990-01,BUKIT BATOK,4 ROOM,204,BT BATOK ST 21,103,MODEL A,1985,44,88000,390000,238295,10485000
1990-01,BUKIT BATOK,3 ROOM,205,BT BATOK ST 21,73,MODEL A,1985,65,53000,350000,166946,10851500
1990-02,BUKIT BATOK,3 ROOM,206,BT BATOK ST 21,73,MODEL A,1983,84,45000,355080,156646,13158268
1990-02,BUKIT BATOK,3 ROOM,207,BT BATOK ST 21,73,MODEL A,1983,69,43000,328000,153451,10588120
1990-04,BUKIT BATOK,4 ROOM,208,BT BATOK ST 21,104,MODEL A,1983,75,42000,335000,157049,11778700
1990-01,BUKIT BATOK,4 ROOM,209,BT BATOK ST 21,116,MODEL A,1985,54,72000,358000,243872,13169100
1990-02,BUKIT BATOK,4 ROOM,210,BT BATOK ST 21,108,MODEL A,1985,123,70000,370000,227687,28005550
1990-03,BUKIT BATOK,4 ROOM,211,BT BATOK ST 21,104,MODEL A,1985,89,75000,350000,243806,21698700
1990-07,BUKIT BATOK,4 ROOM,212,BT BATOK ST 21,91,NEW GENERATION,1985,97,37000,282000,144445,14011200
1990-02,BUKIT BATOK,3 ROOM,213,BT BATOK ST 21,67,NEW GENERATION,1984,56,33500,243000,134743,7545600
1990-01,BUKIT BATOK,EXECUTIVE,214,BT BATOK ST 21,146,APARTMENT,1984,24,150000,475000,322425,7738200
1990-02,BUKIT BATOK,3 ROOM,215,BT BATOK ST 21,67,NEW GENERATION,1984,88,36000,275000,133175,11719400
1990-01,BUKIT BATOK,5 ROOM,216,BT BATOK ST 21,121,IMPROVED,1985,62,77700,471000,271111,16808900
1990-03,BUKIT BATOK,3 ROOM,217,BT BATOK ST 21,67,NEW GENERATION,1984,63,42000,244000,128381,8088000
1990-02,BUKIT BATOK,EXECUTIVE,218,BT BATOK ST 21,146,APARTMENT,1985,23,130000,520000,331891,7633500
1990-01,BUKIT BATOK,3 ROOM,219,BT BATOK ST 21,69,NEW GENERATION,1985,106,34000,320000,126948,13456500
1991-08,BUKIT BATOK,3 ROOM,224,BT BATOK ST 21,67,NEW GENERATION,1984,35,37000,281000,141130,4939550
1990-04,BUKIT BATOK,4 ROOM,301,BT BATOK ST 31,84,SIMPLIFIED,1985,75,64000,425000,214176,16063200
1990-06,BUKIT BATOK,3 ROOM,302,BT BATOK ST 31,71,SIMPLIFIED,1985,17,41000,266000,124118,2110000
1990-03,BUKIT BATOK,5 ROOM,303,BT BATOK ST 31,122,IMPROVED,1985,31,64000,385000,209677,6500000
1990-08,BUKIT BATOK,3 ROOM,304,BT BATOK ST 31,68,NEW GENERATION,1985,70,35000,300000,169020,11831400
1990-04,BUKIT BATOK,4 ROOM,305,BT BATOK ST 31,98,NEW GENERATION,1985,77,34000,290000,167448,12893500
1990-07,BUKIT BATOK,4 ROOM,306,BT BATOK ST 31,85,SIMPLIFIED,1985,23,58000,260000,151043,3474000
1990-01,BUKIT BATOK,4 ROOM,307,BT BATOK ST 31,93,NEW GENERATION,1985,65,46700,309000,167040,10857600
1990-02,BUKIT BATOK,4 ROOM,308,BT BATOK ST 31,93,NEW GENERATION,1985,90,42000,310000,165479,14893088
1990-11,BUKIT BATOK,3 ROOM,309,BT BATOK ST 31,71,SIMPLIFIED,1986,35,39000,290000,152611,5341380
1991-07,BUKIT BATOK,EXECUTIVE,354,BT BATOK ST 31,140,APARTMENT,1987,75,159600,640000,379845,28488400
1991-03,BUKIT BATOK,EXECUTIVE,355,BT BATOK ST 31,154,MAISONETTE,1986,9,188000,542000,404778,3643000
1991-07,BUKIT BATOK,EXECUTIVE,356,BT BATOK ST 31,147,MAISONETTE,1986,7,195000,560000,425143,2976000
1991-03,BUKIT BATOK,EXECUTIVE,357,BT BATOK ST 31,147,MAISONETTE,1986,14,160000,578000,348571,4880000
1992-01,BUKIT BATOK,4 ROOM,358,BT BATOK ST 31,84,SIMPLIFIED,1986,45,50000,334000,211558,9520100
1994-01,BUKIT BATOK,4 ROOM,359,BT BATOK ST 31,84,SIMPLIFIED,1988,16,105000,280000,159875,2558000
1990-06,BUKIT BATOK,4 ROOM,360,BT BATOK ST 31,99,NEW GENERATION,1987,79,45000,320000,160871,12708800
1990-07,BUKIT BATOK,3 ROOM,361,BT BATOK ST 31,68,NEW GENERATION,1987,80,39000,308000,164252,13140200
1990-10,BUKIT BATOK,EXECUTIVE,362,BT BATOK ST 31,147,MAISONETTE,1985,19,157000,550000,357842,6799000
1990-05,BUKIT BATOK,4 ROOM,363,BT BATOK ST 31,94,NEW GENERATION,1987,97,40000,315000,161416,15657380
1990-07,BUKIT BATOK,3 ROOM,364,BT BATOK ST 31,68,NEW GENERATION,1987,91,44000,294000,154721,14079572
1992-11,BUKIT BATOK,4 ROOM,365,BT BATOK ST 31,104,MODEL A,1985,8,88000,226000,184750,1478000
1990-09,BUKIT BATOK,EXECUTIVE,366,BT BATOK ST 31,144,APARTMENT,1986,72,140000,628000,392590,28266500
1990-06,BUKIT BATOK,3 ROOM,367,BT BATOK ST 31,68,NEW GENERATION,1987,86,38000,320000,153902,13235550
1990-07,BUKIT BATOK,3 ROOM,368,BT BATOK ST 31,68,NEW GENERATION,1987,98,43000,320000,173473,17000340
1990-10,BUKIT BATOK,4 ROOM,369,BT BATOK ST 31,84,SIMPLIFIED,1985,76,47000,360000,200514,15239088
1990-07,BUKIT BATOK,4 ROOM,370,BT BATOK ST 31,84,SIMPLIFIED,1985,56,50000,331000,191352,10715700
1994-01,BUKIT BATOK,3 ROOM,371,BT BATOK ST 31,64,SIMPLIFIED,1988,17,70000,256000,152371,2590300
1991-05,BUKIT BATOK,4 ROOM,372,BT BATOK ST 31,89,SIMPLIFIED,1988,31,50000,270000,150452,4664020
1991-07,BUKIT BATOK,3 ROOM,374,BT BATOK ST 31,64,SIMPLIFIED,1988,54,35000,405000,137319,7415200
1991-07,BUKIT BATOK,4 ROOM,375,BT BATOK ST 31,84,SIMPLIFIED,1988,6,66000,193500,146917,881500
1991-05,BUKIT BATOK,3 ROOM,310,BT BATOK ST 32,70,SIMPLIFIED,1987,30,35000,280000,145200,4356000
1991-07,BUKIT BATOK,3 ROOM,311,BT BATOK ST 32,64,SIMPLIFIED,1988,22,30000,263800,157571,3466560
1990-07,BUKIT BATOK,3 ROOM,312,BT BATOK ST 32,68,NEW GENERATION,1985,84,33400,305000,157545,13233800
1990-03,BUKIT BATOK,4 ROOM,313,BT BATOK ST 32,93,NEW GENERATION,1986,77,42000,305000,165327,12730200
1991-08,BUKIT BATOK,4 ROOM,314,BT BATOK ST 32,89,SIMPLIFIED,1986,15,64260,218000,133624,2004360
1990-10,BUKIT BATOK,4 ROOM,315,BT BATOK ST 32,103,MODEL A,1986,65,55000,428000,219545,14270400
1990-05,BUKIT BATOK,3 ROOM,316,BT BATOK ST 32,68,NEW GENERATION,1986,91,37000,295000,159511,14515500
1991-02,BUKIT BATOK,4 ROOM,317,BT BATOK ST 32,84,SIMPLIFIED,1987,20,38000,253000,132400,2648000
1990-08,BUKIT BATOK,3 ROOM,318,BT BATOK ST 32,68,NEW GENERATION,1986,63,34500,300000,168330,10604760
1993-10,BUKIT BATOK,3 ROOM,332,BT BATOK ST 32,64,SIMPLIFIED,1987,19,74000,215000,131379,2496200
1990-08,BUKIT BATOK,4 ROOM,333,BT BATOK ST 32,84,SIMPLIFIED,1987,75,30000,262000,150760,11307000
1992-02,BUKIT BATOK,4 ROOM,334,BT BATOK ST 32,84,SIMPLIFIED,1986,23,55000,397000,209304,4814000
1991-05,BUKIT BATOK,3 ROOM,335,BT BATOK ST 32,70,SIMPLIFIED,1986,11,42000,203500,152164,1673800
1990-09,BUKIT BATOK,5 ROOM,336,BT BATOK ST 32,122,IMPROVED,1986,73,47000,425000,200519,14637900
1991-02,BUKIT BATOK,4 ROOM,319,BT BATOK ST 33,84,SIMPLIFIED,1986,84,63000,438000,239554,20122568
1997-07,BUKIT BATOK,4 ROOM,320,BT BATOK ST 33,89,SIMPLIFIED,1987,5,133000,230000,178600,893000
1991-02,BUKIT BATOK,3 ROOM,321,BT BATOK ST 33,68,NEW GENERATION,1986,74,46500,330000,171282,12674900
1990-05,BUKIT BATOK,4 ROOM,322,BT BATOK ST 33,98,NEW GENERATION,1985,84,35000,290000,144617,12147800
1990-08,BUKIT BATOK,4 ROOM,323,BT BATOK ST 33,89,SIMPLIFIED,1987,66,37000,280000,146559,9672900
1990-05,BUKIT BATOK,4 ROOM,324,BT BATOK ST 33,84,SIMPLIFIED,1988,58,31000,255000,138148,8012600
1990-12,BUKIT BATOK,4 ROOM,325,BT BATOK ST 33,84,SIMPLIFIED,1986,85,62500,419000,216382,18392500
1990-09,BUKIT BATOK,EXECUTIVE,326,BT BATOK ST 33,149,MAISONETTE,1985,29,140000,520000,370828,10754000
1990-09,BUKIT BATOK,4 ROOM,327,BT BATOK ST 33,84,SIMPLIFIED,1987,12,65800,272000,149567,1794800
1992-11,BUKIT BATOK,4 ROOM,328,BT BATOK ST 33,89,SIMPLIFIED,1986,5,65600,249000,153320,766600
1991-07,BUKIT BATOK,4 ROOM,329,BT BATOK ST 33,84,SIMPLIFIED,1986,63,47000,432000,229460,14456000
1991-01,BUKIT BATOK,EXECUTIVE,330,BT BATOK ST 33,146,MAISONETTE,1986,62,160000,595000,385379,23893500
1990-09,BUKIT BATOK,4 ROOM,331,BT BATOK ST 33,84,SIMPLIFIED,1986,84,48000,435000,202225,16986860
1990-12,BUKIT BATOK,4 ROOM,337,BT BATOK ST 34,104,MODEL A,1986,70,64000,345000,189911,13293799
1991-06,BUKIT BATOK,4 ROOM,338,BT BATOK ST 34,84,SIMPLIFIED,1986,68,53000,330000,189381,12877900
1990-11,BUKIT BATOK,3 ROOM,339,BT BATOK ST 34,73,MODEL A,1987,86,50000,348000,181440,15603800
1990-08,BUKIT BATOK,3 ROOM,340,BT BATOK ST 34,73,MODEL A,1987,82,43000,325000,176581,14479620
1990-06,BUKIT BATOK,3 ROOM,341,BT BATOK ST 34,73,MODEL A,1986,128,43000,335000,174332,22314500
1991-01,BUKIT BATOK,4 ROOM,342,BT BATOK ST 34,89,SIMPLIFIED,1987,16,55000,246000,136100,2177600
1991-05,BUKIT BATOK,3 ROOM,343,BT BATOK ST 34,73,MODEL A,1987,88,45000,324000,188453,16583888
1992-01,BUKIT BATOK,EXECUTIVE,344,BT BATOK ST 34,147,MAISONETTE,1986,16,202000,525000,386312,6181000
1991-01,BUKIT BATOK,4 ROOM,345,BT BATOK ST 34,103,MODEL A,1987,77,57000,312000,165286,12727000
1990-07,BUKIT BATOK,3 ROOM,346,BT BATOK ST 34,73,MODEL A,1986,90,51500,305000,153972,13857500
1991-10,BUKIT BATOK,4 ROOM,347,BT BATOK ST 34,84,SIMPLIFIED,1988,18,65000,235000,136822,2462800
1991-09,BUKIT BATOK,5 ROOM,348,BT BATOK ST 34,122,IMPROVED,1987,50,64000,402000,223240,11162000
1991-07,BUKIT BATOK,4 ROOM,349,BT BATOK ST 34,104,MODEL A,1987,53,61000,320000,185522,9832640
1993-08,BUKIT BATOK,4 ROOM,350,BT BATOK ST 34,84,SIMPLIFIED,1987,28,110000,345000,217228,6082388
1991-09,BUKIT BATOK,EXECUTIVE,351,BT BATOK ST 34,153,MAISONETTE,1986,13,160000,449000,315615,4103000
1994-03,BUKIT BATOK,EXECUTIVE,352,BT BATOK ST 34,154,MAISONETTE,1986,8,335000,558000,446250,3570000
1991-11,BUKIT BATOK,EXECUTIVE,353,BT BATOK ST 34,154,MAISONETTE,1986,4,200000,418000,333250,1333000
1991-06,BUKIT BATOK,EXECUTIVE,526,BT BATOK ST 51,146,MAISONETTE,1986,57,150000,607000,374177,21328100
1992-01,BUKIT BATOK,4 ROOM,527,BT BATOK ST 51,84,SIMPLIFIED,1987,18,66000,270000,152489,2744800
1991-01,BUKIT BATOK,3 ROOM,528,BT BATOK ST 51,60,IMPROVED,1987,72,30000,205000,122101,8791300
1992-03,BUKIT BATOK,4 ROOM,530,BT BATOK ST 51,88,SIMPLIFIED,1987,21,55000,270000,162024,3402500
1991-12,BUKIT BATOK,4 ROOM,531,BT BATOK ST 51,83,SIMPLIFIED,1986,34,55000,410000,255706,8694000
1991-09,BUKIT BATOK,5 ROOM,532,BT BATOK ST 51,122,IMPROVED,1986,51,68000,440000,246245,12558500
1991-11,BUKIT BATOK,3 ROOM,533,BT BATOK ST 51,60,IMPROVED,1988,62,25000,341000,130035,8062200
1991-08,BUKIT BATOK,3 ROOM,534,BT BATOK ST 51,69,IMPROVED,1987,80,40600,392000,126146,10091700
1991-08,BUKIT BATOK,4 ROOM,501,BT BATOK ST 52,89,SIMPLIFIED,1986,59,30500,248000,130175,7680300
1991-07,BUKIT BATOK,3 ROOM,503,BT BATOK ST 52,64,SIMPLIFIED,1987,62,38000,246000,129505,8029300
1992-04,BUKIT BATOK,3 ROOM,504,BT BATOK ST 52,60,IMPROVED,1988,59,26000,195000,120437,7105800
1991-09,BUKIT BATOK,3 ROOM,505,BT BATOK ST 52,69,IMPROVED,1988,45,25500,177000,114288,5142960
1993-03,BUKIT BATOK,3 ROOM,506,BT BATOK ST 52,60,IMPROVED,1987,50,35000,182000,125762,6288108
1993-05,BUKIT BATOK,3 ROOM,507,BT BATOK ST 52,69,IMPROVED,1987,49,34000,185000,123782,6065338
1991-10,BUKIT BATOK,3 ROOM,508,BT BATOK ST 52,70,SIMPLIFIED,1987,14,45000,183000,132786,1859000
1991-07,BUKIT BATOK,3 ROOM,509,BT BATOK ST 52,70,SIMPLIFIED,1987,14,34000,219000,131429,1840000
1991-06,BUKIT BATOK,5 ROOM,510,BT BATOK ST 52,122,IMPROVED,1986,38,63000,433000,247147,9391600
1991-09,BUKIT BATOK,5 ROOM,511,BT BATOK ST 52,122,IMPROVED,1986,58,64000,448000,229614,13317600
1991-08,BUKIT BATOK,EXECUTIVE,512,BT BATOK ST 52,146,MAISONETTE,1987,63,155000,620000,385390,24279600
1992-11,BUKIT BATOK,4 ROOM,513,BT BATOK ST 52,84,SIMPLIFIED,1987,20,47000,370000,214900,4298000
1991-07,BUKIT BATOK,5 ROOM,514,BT BATOK ST 52,122,IMPROVED,1986,43,64000,420000,229116,9852000
1990-07,BUKIT BATOK,3 ROOM,523,BT BATOK ST 52,60,IMPROVED,1987,63,29000,192000,118159,7444000
1991-08,BUKIT BATOK,EXECUTIVE,524,BT BATOK ST 52,146,MAISONETTE,1987,45,160000,650000,414329,18644800
1991-07,BUKIT BATOK,4 ROOM,525,BT BATOK ST 52,84,SIMPLIFIED,1987,18,47000,250000,138667,2496000
1990-11,BUKIT BATOK,EXECUTIVE,535,BT BATOK ST 52,147,APARTMENT,1987,65,125000,570000,377249,24521200
1991-03,BUKIT BATOK,4 ROOM,536,BT BATOK ST 52,103,MODEL A,1986,81,44000,370000,186105,15074500
1991-01,BUKIT BATOK,4 ROOM,537,BT BATOK ST 52,103,MODEL A,1987,66,56000,327000,184894,12203000
1992-02,BUKIT BATOK,3 ROOM,539,BT BATOK ST 52,73,MODEL A,1987,66,58000,320000,172447,11381500
1991-02,BUKIT BATOK,3 ROOM,540,BT BATOK ST 52,73,MODEL A,1987,77,44000,306000,173101,13328800
1992-01,BUKIT BATOK,4 ROOM,541,BT BATOK ST 52,84,SIMPLIFIED,1986,17,50000,410000,177882,3024000
1991-09,BUKIT BATOK,EXECUTIVE,542,BT BATOK ST 52,146,MAISONETTE,1986,66,160000,632000,389452,25703838
1991-11,BUKIT BATOK,5 ROOM,419,BT BATOK WEST AVE 2,130,IMPROVED,1986,52,62000,430000,241935,12580600
1991-01,BUKIT BATOK,3 ROOM,420,BT BATOK WEST AVE 2,68,NEW GENERATION,1988,64,39000,270750,148245,9487650
1991-04,BUKIT BATOK,4 ROOM,421,BT BATOK WEST AVE 2,94,NEW GENERATION,1988,55,36500,310000,145891,8024000
1991-07,BUKIT BATOK,4 ROOM,422,BT BATOK WEST AVE 2,94,NEW GENERATION,1988,80,49000,295000,159500,12760000
1993-06,BUKIT BATOK,4 ROOM,423,BT BATOK WEST AVE 2,99,NEW GENERATION,1988,52,70000,280000,166798,8673500
1991-04,BUKIT BATOK,3 ROOM,424,BT BATOK WEST AVE 2,64,SIMPLIFIED,1987,11,38500,220000,122800,1350800
1994-08,BUKIT BATOK,4 ROOM,425,BT BATOK WEST AVE 2,84,SIMPLIFIED,1987,12,77000,207000,145583,1747000
1991-11,BUKIT BATOK,5 ROOM,426,BT BATOK WEST AVE 2,130,IMPROVED,1987,57,64000,368000,251189,14317800
1991-01,BUKIT BATOK,3 ROOM,407,BT BATOK WEST AVE 4,68,NEW GENERATION,1988,56,50000,283800,155482,8707000
1991-01,BUKIT BATOK,4 ROOM,408,BT BATOK WEST AVE 4,94,NEW GENERATION,1988,51,50000,280000,160459,8183388
1991-12,BUKIT BATOK,3 ROOM,409,BT BATOK WEST AVE 4,68,NEW GENERATION,1988,60,37000,315000,157553,9453200
1991-07,BUKIT BATOK,4 ROOM,410,BT BATOK WEST AVE 4,99,NEW GENERATION,1988,62,50000,328000,161406,10007188
1991-01,BUKIT BATOK,4 ROOM,411,BT BATOK WEST AVE 4,103,MODEL A,1986,88,44000,320000,164594,14484288
1991-11,BUKIT BATOK,3 ROOM,413,BT BATOK WEST AVE 4,64,SIMPLIFIED,1987,14,41000,226000,101143,1416000
1991-04,BUKIT BATOK,3 ROOM,414,BT BATOK WEST AVE 4,73,MODEL A,1987,70,44000,310000,174569,12219800
1995-08,BUKIT BATOK,3 ROOM,415,BT BATOK WEST AVE 4,64,SIMPLIFIED,1988,9,95000,245000,154444,1390000
1992-01,BUKIT BATOK,3 ROOM,416,BT BATOK WEST AVE 4,73,MODEL A,1987,75,60000,330000,183100,13732500
1991-03,BUKIT BATOK,3 ROOM,417,BT BATOK WEST AVE 4,73,MODEL A,1986,102,43000,335000,176937,18047600
1990-07,BUKIT BATOK,4 ROOM,101,BT BATOK WEST AVE 6,104,MODEL A,1985,67,84000,530000,286952,19225800
1990-04,BUKIT BATOK,5 ROOM,102,BT BATOK WEST AVE 6,151,MODEL A,1985,74,87000,510000,267865,19822000
1990-02,BUKIT BATOK,4 ROOM,107,BT BATOK WEST AVE 6,116,MODEL A,1985,38,87000,350000,253181,9620888
1990-02,BUKIT BATOK,4 ROOM,108,BT BATOK WEST AVE 6,104,MODEL A,1985,48,88000,338000,231648,11119100
1990-04,BUKIT BATOK,5 ROOM,110,BT BATOK WEST AVE 6,132,MODEL A,1985,77,100000,518000,327584,25224000
1990-01,BUKIT BATOK,5 ROOM,111,BT BATOK WEST AVE 6,132,MODEL A,1985,83,126900,545000,353189,29314700
1990-03,BUKIT BATOK,4 ROOM,112,BT BATOK WEST AVE 6,106,MODEL A,1984,63,70000,348000,222524,14019028
1990-01,BUKIT BATOK,4 ROOM,113,BT BATOK WEST AVE 6,106,MODEL A,1984,48,88000,365000,231060,11090900
1990-08,BUKIT BATOK,4 ROOM,114,BT BATOK WEST AVE 6,104,MODEL A,1984,48,87000,375000,237045,11378140
1990-01,BUKIT BATOK,5 ROOM,115,BT BATOK WEST AVE 6,132,MODEL A,1985,72,126900,545000,314382,22635500
1990-01,BUKIT BATOK,4 ROOM,116,BT BATOK WEST AVE 6,103,MODEL A,1984,79,80000,370000,226841,17920400
1990-01,BUKIT BATOK,5 ROOM,117,BT BATOK WEST AVE 6,132,MODEL A,1985,82,117000,525000,343312,28151600
1990-10,BUKIT BATOK,4 ROOM,118,BT BATOK WEST AVE 6,105,MODEL A,1984,43,80000,349500,234186,10070000
1991-04,BUKIT BATOK,4 ROOM,119,BT BATOK WEST AVE 6,103,MODEL A,1984,39,88000,361000,235306,9176940
1990-01,BUKIT BATOK,3 ROOM,127,BT BATOK WEST AVE 6,73,MODEL A,1985,93,46500,325000,156677,14571000
1991-12,BUKIT BATOK,3 ROOM,128,BT BATOK WEST AVE 6,67,NEW GENERATION,1984,9,47000,206800,121256,1091300
1990-01,BUKIT BATOK,4 ROOM,129,BT BATOK WEST AVE 6,107,MODEL A,1984,103,46000,313500,162471,16734500
1990-01,BUKIT BATOK,3 ROOM,130,BT BATOK WEST AVE 6,73,MODEL A,1984,112,44000,345000,172446,19314000
1990-07,BUKIT BATOK,3 ROOM,131,BT BATOK WEST AVE 6,73,MODEL A,1984,86,44000,350000,178352,15338300
1990-04,BUKIT BATOK,3 ROOM,132,BT BATOK WEST AVE 6,67,NEW GENERATION,1985,17,46900,300500,156553,2661400
1991-06,BUKIT BATOK,4 ROOM,133,BT BATOK WEST AVE 6,97,NEW GENERATION,1984,12,60000,235000,168125,2017500
1990-01,BUKIT BATOK,3 ROOM,134,BT BATOK WEST AVE 6,68,NEW GENERATION,1984,92,35000,280000,133687,12299200
1990-01,BUKIT BATOK,4 ROOM,135,BT BATOK WEST AVE 6,93,NEW GENERATION,1984,96,36000,278000,131724,12645500
1990-02,BUKIT BATOK,3 ROOM,136,BT BATOK WEST AVE 6,68,NEW GENERATION,1984,104,34000,270000,128135,13326088
1991-11,BUKIT BATOK,3 ROOM,137,BT BATOK WEST AVE 6,82,NEW GENERATION,1984,10,45000,238000,180700,1807000
1990-01,BUKIT BATOK,3 ROOM,138,BT BATOK WEST AVE 6,68,NEW GENERATION,1984,96,39000,276000,132166,12687900
1990-02,BUKIT BATOK,3 ROOM,139,BT BATOK WEST AVE 6,68,NEW GENERATION,1984,40,35000,230000,118342,4733700
1990-07,BUKIT BATOK,4 ROOM,144,BT BATOK WEST AVE 6,93,NEW GENERATION,1984,17,43000,225000,141529,2406000
1990-01,BUKIT BATOK,3 ROOM,146,BT BATOK WEST AVE 6,68,NEW GENERATION,1984,98,35000,240000,123469,12100000
1990-04,BUKIT BATOK,3 ROOM,147,BT BATOK WEST AVE 6,68,NEW GENERATION,1984,8,46000,228000,95362,762900
1990-07,BUKIT BATOK,3 ROOM,148,BT BATOK WEST AVE 6,68,NEW GENERATION,1984,81,37000,288000,140021,11341700
1993-01,BUKIT BATOK,4 ROOM,149,BT BATOK WEST AVE 6,100,NEW GENERATION,1984,10,63000,275000,205150,2051500
1994-07,BUKIT BATOK,5 ROOM,185,BT BATOK WEST AVE 6,121,IMPROVED,1989,33,180000,398000,277509,9157800
1994-04,BUKIT BATOK,4 ROOM,186,BT BATOK WEST AVE 6,103,MODEL A,1989,28,165000,450000,286339,8017500
1993-11,BUKIT BATOK,4 ROOM,187,BT BATOK WEST AVE 6,103,MODEL A,1989,49,160000,423000,285112,13970500
1996-05,BUKIT BATOK,EXECUTIVE,402,BT BATOK WEST AVE 7,143,APARTMENT,1993,29,400000,600000,481338,13958800
1997-10,BUKIT BATOK,EXECUTIVE,403,BT BATOK WEST AVE 7,150,APARTMENT,1993,22,382000,538000,454909,10008000
1994-04,BUKIT BATOK,EXECUTIVE,404,BT BATOK WEST AVE 7,145,APARTMENT,1993,28,350000,548000,467393,13087000
1997-09,BUKIT BATOK,EXECUTIVE,405,BT BATOK WEST AVE 7,148,APARTMENT,1993,28,405000,580000,460214,12886000
1997-09,BUKIT BATOK,EXECUTIVE,406,BT BATOK WEST AVE 7,146,APARTMENT,1993,16,413000,545000,483688,7739000
1990-01,BUKIT BATOK,4 ROOM,165,BT BATOK WEST AVE 8,104,MODEL A,1984,61,70000,338000,216267,13192280
1990-04,BUKIT BATOK,3 ROOM,166,BT BATOK WEST AVE 8,74,MODEL A,1984,16,53000,325000,147281,2356500
1990-02,BUKIT BATOK,3 ROOM,167,BT BATOK WEST AVE 8,74,MODEL A,1984,73,45000,326800,138197,10088400
1990-04,BUKIT BATOK,3 ROOM,168,BT BATOK WEST AVE 8,74,MODEL A,1984,60,45000,325000,152197,9131800
1990-01,BUKIT BATOK,4 ROOM,169,BT BATOK WEST AVE 8,103,MODEL A,1984,79,41000,337000,150654,11901700
1990-07,BUKIT BATOK,4 ROOM,170,BT BATOK WEST AVE 8,103,MODEL A,1985,66,62100,490000,274282,18102600
1990-04,BUKIT BATOK,5 ROOM,171,BT BATOK WEST AVE 8,139,MODEL A,1985,84,75000,480000,288542,24237500
1990-04,BUKIT BATOK,4 ROOM,172,BT BATOK WEST AVE 8,103,MODEL A,1985,85,65000,505000,284371,24171500
1990-08,BUKIT BATOK,4 ROOM,173,BT BATOK WEST AVE 8,93,NEW GENERATION,1984,11,80000,241000,145655,1602200
1990-05,BUKIT BATOK,4 ROOM,174,BT BATOK WEST AVE 8,93,NEW GENERATION,1984,5,46000,232000,132560,662800
1990-02,BUKIT BATOK,3 ROOM,175,BT BATOK WEST AVE 8,67,NEW GENERATION,1985,77,37000,278000,127245,9797900
1990-04,BUKIT BATOK,3 ROOM,176,BT BATOK WEST AVE 8,73,MODEL A,1984,98,42000,348000,156951,15381200
1990-01,BUKIT BATOK,3 ROOM,177,BT BATOK WEST AVE 8,73,MODEL A,1985,69,41000,310000,150635,10393800
1990-03,BUKIT BATOK,3 ROOM,178,BT BATOK WEST AVE 8,73,MODEL A,1984,73,42000,320000,161006,11753420
1990-03,BUKIT BATOK,3 ROOM,179,BT BATOK WEST AVE 8,67,NEW GENERATION,1985,21,42000,243000,134686,2828400
1990-01,BUKIT BATOK,3 ROOM,180,BT BATOK WEST AVE 8,67,NEW GENERATION,1984,81,40000,240000,112046,9075700
1990-04,BUKIT BATOK,3 ROOM,181,BT BATOK WEST AVE 8,67,NEW GENERATION,1984,12,46700,188000,115425,1385100
1990-01,BUKIT BATOK,3 ROOM,182,BT BATOK WEST AVE 8,82,NEW GENERATION,1984,67,38000,290000,134401,9004900
1990-02,BUKIT BATOK,4 ROOM,183,BT BATOK WEST AVE 8,93,NEW GENERATION,1984,38,65000,300000,213537,8114400
1990-01,BUKIT BATOK,4 ROOM,184,BT BATOK WEST AVE 8,93,NEW GENERATION,1984,21,35000,255000,121638,2554400
1991-01,BUKIT MERAH,5 ROOM,115,BT MERAH CTRL,117,IMPROVED,1977,47,130000,580000,391453,18398280
1990-08,BUKIT MERAH,5 ROOM,116,BT MERAH CTRL,117,IMPROVED,1977,43,145000,545000,364512,15674000
1990-07,BUKIT MERAH,5 ROOM,117,BT MERAH CTRL,117,IMPROVED,1977,61,142000,587000,366910,22381488
1990-06,BUKIT MERAH,3 ROOM,161,BT MERAH CTRL,68,NEW GENERATION,1980,19,61000,233000,142842,2714000
1997-04,BUKIT MERAH,3 ROOM,164,BT MERAH CTRL,72,NEW GENERATION,1980,2,166000,205000,185500,371000
1996-07,BUKIT MERAH,3 ROOM,122,BT MERAH LANE 1,67,NEW GENERATION,1979,2,200000,218000,209000,418000
1994-08,BUKIT MERAH,3 ROOM,124,BT MERAH LANE 1,67,NEW GENERATION,1979,2,113000,170000,141500,283000
1999-07,BUKIT MERAH,3 ROOM,127,BT MERAH LANE 1,67,NEW GENERATION,1979,1,137000,137000,137000,137000
1990-03,BUKIT MERAH,4 ROOM,110,BT MERAH VIEW,84,IMPROVED,1974,28,75000,399000,243054,6805500
1990-01,BUKIT MERAH,4 ROOM,111,BT MERAH VIEW,84,IMPROVED,1974,34,74000,347000,232421,7902300
1990-09,BUKIT MERAH,3 ROOM,113,BT MERAH VIEW,59,IMPROVED,1974,26,41500,191000,114419,2974900
1990-01,BUKIT MERAH,3 ROOM,114,BT MERAH VIEW,59,IMPROVED,1974,15,32500,190000,93833,1407500
1993-02,BUKIT MERAH,3 ROOM,116,BT MERAH VIEW,59,IMPROVED,1974,9,62500,191000,125111,1126000
1990-01,BUKIT MERAH,3 ROOM,119,BT MERAH VIEW,65,IMPROVED,1983,107,37000,215000,114466,12247900
1990-01,BUKIT MERAH,4 ROOM,120,BT MERAH VIEW,88,IMPROVED,1973,45,70000,327000,205584,9251300
1990-01,BUKIT MERAH,3 ROOM,128,BT MERAH VIEW,65,IMPROVED,1973,90,39000,226000,120959,10886300
1990-03,BUKIT MERAH,3 ROOM,129,BT MERAH VIEW,76,IMPROVED,1973,83,40000,225000,127566,10588000
1990-01,BUKIT MERAH,3 ROOM,130,BT MERAH VIEW,76,IMPROVED,1973,101,36000,227000,122760,12398780
1993-08,BUKIT PANJANG,4 ROOM,234,BT PANJANG RING RD,106,MODEL A,1988,30,132000,420000,277346,8320388
1993-10,BUKIT PANJANG,4 ROOM,235,BT PANJANG RING RD,104,MODEL A,1988,29,135000,315000,229079,6643300
1992-08,BUKIT PANJANG,4 ROOM,236,BT PANJANG RING RD,84,SIMPLIFIED,1988,44,62000,312000,186886,8223000
1993-09,BUKIT PANJANG,5 ROOM,237,BT PANJANG RING RD,122,IMPROVED,1988,43,150000,420000,246551,10601700
1993-07,BUKIT PANJANG,4 ROOM,238,BT PANJANG RING RD,104,MODEL A,1988,44,130000,397000,254000,11176000
1992-04,BUKIT PANJANG,EXECUTIVE,239,BT PANJANG RING RD,146,MAISONETTE,1989,58,215000,602000,418431,24269000
1993-02,BUKIT PANJANG,4 ROOM,240,BT PANJANG RING RD,84,SIMPLIFIED,1988,45,65000,290000,176818,7956800
1993-07,BUKIT PANJANG,5 ROOM,241,BT PANJANG RING RD,122,IMPROVED,1988,32,190000,428000,281788,9017200
1993-09,BUKIT PANJANG,5 ROOM,242,BT PANJANG RING RD,122,IMPROVED,1988,36,145000,356000,251033,9037200
1993-12,BUKIT PANJANG,4 ROOM,243,BT PANJANG RING RD,108,MODEL A,1988,25,148000,345000,249120,6228000
1993-08,BUKIT PANJANG,5 ROOM,244,BT PANJANG RING RD,128,IMPROVED,1988,45,160000,408000,261173,11752800
1997-05,BUKIT PANJANG,5 ROOM,245,BT PANJANG RING RD,122,IMPROVED,1988,5,225000,354000,282400,1412000
1994-04,BUKIT PANJANG,5 ROOM,259,BT PANJANG RING RD,123,IMPROVED,1989,24,160000,326000,249300,5983188
1994-03,BUKIT PANJANG,5 ROOM,427,BT PANJANG RING RD,122,IMPROVED,1989,32,245000,405000,316003,10112100
1994-11,BUKIT PANJANG,5 ROOM,428,BT PANJANG RING RD,129,IMPROVED,1989,8,173000,330000,253486,2027885
1994-01,BUKIT PANJANG,5 ROOM,429,BT PANJANG RING RD,122,IMPROVED,1989,28,230000,440000,336893,9433000
1994-01,BUKIT PANJANG,5 ROOM,430,BT PANJANG RING RD,128,IMPROVED,1989,25,159000,405000,271452,6786300
1993-11,BUKIT PANJANG,4 ROOM,431,BT PANJANG RING RD,84,SIMPLIFIED,1988,62,98000,320000,189953,11777100
1993-12,BUKIT PANJANG,4 ROOM,432,BT PANJANG RING RD,104,MODEL A,1989,31,150000,430000,271855,8427500
1994-04,BUKIT PANJANG,EXECUTIVE,433,BT PANJANG RING RD,146,MAISONETTE,1988,9,342000,490000,394556,3551000
1994-01,BUKIT PANJANG,4 ROOM,434,BT PANJANG RING RD,104,MODEL A,1989,28,180000,390000,280625,7857500
1993-09,BUKIT PANJANG,4 ROOM,435,BT PANJANG RING RD,84,SIMPLIFIED,1988,72,68000,295000,197310,14206300
1990-02,BUKIT MERAH,3 ROOM,101,BT PURMEI RD,69,NEW GENERATION,1983,50,55000,355000,167168,8358400
1990-01,BUKIT MERAH,3 ROOM,102,BT PURMEI RD,73,MODEL A,1984,42,83000,335000,187340,7868288
1990-12,BUKIT MERAH,4 ROOM,103,BT PURMEI RD,93,NEW GENERATION,1982,45,55000,370000,203311,9149000
1990-01,BUKIT MERAH,4 ROOM,104,BT PURMEI RD,105,MODEL A,1984,40,72000,425000,184548,7381900
1990-03,BUKIT MERAH,3 ROOM,105,BT PURMEI RD,69,NEW GENERATION,1983,46,61000,355000,195332,8985288
1990-01,BUKIT MERAH,3 ROOM,106,BT PURMEI RD,74,MODEL A,1984,44,76000,391000,214575,9441300
1990-11,BUKIT MERAH,4 ROOM,107,BT PURMEI RD,93,NEW GENERATION,1983,35,60000,348000,174786,6117500
1990-07,BUKIT MERAH,3 ROOM,108,BT PURMEI RD,75,MODEL A,1984,59,60000,418000,239715,14143200
1990-11,BUKIT MERAH,3 ROOM,109,BT PURMEI RD,77,MODEL A,1984,45,62000,375000,182767,8224500
1990-01,BUKIT MERAH,4 ROOM,110,BT PURMEI RD,104,MODEL A,1984,60,70000,438000,231128,13867700
1990-05,BUKIT MERAH,5 ROOM,111,BT PURMEI RD,157,MODEL A,1984,57,102000,520000,312618,17819242
1990-02,BUKIT MERAH,4 ROOM,112,BT PURMEI RD,105,MODEL A,1985,56,62000,428000,221988,12431300
1990-01,BUKIT MERAH,4 ROOM,113,BT PURMEI RD,103,MODEL A,1984,49,140000,425000,285837,14006000
1990-01,BUKIT MERAH,4 ROOM,114,BT PURMEI RD,103,MODEL A,1985,57,120000,530000,288129,16423380
1990-01,BUKIT MERAH,5 ROOM,115,BT PURMEI RD,135,MODEL A,1985,70,128000,628000,324976,22748300
1990-04,SENGKANG,3 ROOM,5,BUANGKOK STH FARMWAY 1,68,NEW GENERATION,1980,62,30000,179000,86690,5374800
1990-03,CENTRAL AREA,4 ROOM,661,BUFFALO RD,82,IMPROVED,1982,39,65000,340000,185808,7246500
1990-01,CENTRAL AREA,4 ROOM,662,BUFFALO RD,85,IMPROVED,1982,54,33000,333000,208450,11256300
1990-01,CENTRAL AREA,4 ROOM,663,BUFFALO RD,82,IMPROVED,1982,48,75000,378000,216371,10385800
1990-01,CENTRAL AREA,3 ROOM,664,BUFFALO RD,60,IMPROVED,1982,11,40000,213000,121298,1334280
1990-03,QUEENSTOWN,3 ROOM,27A,C'WEALTH AVE,59,IMPROVED,1972,69,40000,230000,124927,8619988
1990-05,QUEENSTOWN,3 ROOM,39A,C'WEALTH AVE,71,IMPROVED,1970,44,40000,247000,145155,6386800
1990-04,CLEMENTI,4 ROOM,410,C'WEALTH AVE WEST,98,NEW GENERATION,1978,45,70700,410000,304036,13681600
1990-01,CLEMENTI,4 ROOM,411,C'WEALTH AVE WEST,97,NEW GENERATION,1978,47,70500,411000,264543,12433500
1990-01,CLEMENTI,4 ROOM,412,C'WEALTH AVE WEST,97,NEW GENERATION,1978,70,60000,410000,257440,18020800
1990-01,CLEMENTI,5 ROOM,413,C'WEALTH AVE WEST,125,IMPROVED,1978,50,110000,598000,410126,20506300
1990-01,CLEMENTI,5 ROOM,414,C'WEALTH AVE WEST,125,IMPROVED,1978,57,115000,600000,389096,22178500
1990-01,CLEMENTI,5 ROOM,415,C'WEALTH AVE WEST,137,IMPROVED,1978,54,110000,650000,418185,22582000
1990-02,QUEENSTOWN,2 ROOM,81,C'WEALTH CL,46,STANDARD,1967,122,13500,190000,78034,9520150
1990-01,QUEENSTOWN,2 ROOM,82,C'WEALTH CL,46,STANDARD,1967,125,13500,180000,75789,9473600
1990-01,QUEENSTOWN,2 ROOM,83,C'WEALTH CL,46,STANDARD,1967,114,13500,195000,77254,8807000
1990-02,QUEENSTOWN,2 ROOM,84,C'WEALTH CL,46,STANDARD,1967,34,15000,169000,91841,3122600
1990-07,QUEENSTOWN,3 ROOM,85,C'WEALTH CL,69,STANDARD,1967,48,14000,168000,91302,4382500
1990-01,QUEENSTOWN,3 ROOM,86,C'WEALTH CL,58,STANDARD,1967,48,19100,185000,78152,3751300
1990-07,QUEENSTOWN,3 ROOM,87,C'WEALTH CL,58,STANDARD,1967,46,16600,169000,81033,3727500
1990-01,QUEENSTOWN,3 ROOM,88,C'WEALTH CL,54,STANDARD,1967,43,20000,185000,87207,3749900
1990-03,QUEENSTOWN,3 ROOM,100,C'WEALTH CRES,59,STANDARD,1970,49,17000,184000,92159,4515800
1990-01,QUEENSTOWN,3 ROOM,101,C'WEALTH CRES,58,STANDARD,1970,28,13500,188000,77196,2161500
1990-01,QUEENSTOWN,3 ROOM,102,C'WEALTH CRES,55,STANDARD,1970,46,13500,180000,90350,4156080
1990-02,QUEENSTOWN,3 ROOM,108,C'WEALTH CRES,60,STANDARD,1969,45,14000,190000,83569,3760600
1990-04,QUEENSTOWN,3 ROOM,109,C'WEALTH CRES,60,STANDARD,1969,45,15000,190000,83012,3735540
1990-08,QUEENSTOWN,3 ROOM,110,C'WEALTH CRES,65,STANDARD,1969,37,15000,188000,82892,3067000
1990-01,QUEENSTOWN,2 ROOM,111,C'WEALTH CRES,45,STANDARD,1969,30,15000,160000,85450,2563500
1990-06,QUEENSTOWN,3 ROOM,112,C'WEALTH CRES,67,STANDARD,1969,47,17000,177000,81925,3850488
1990-01,QUEENSTOWN,3 ROOM,113,C'WEALTH CRES,65,STANDARD,1969,33,19000,190000,88570,2922800
1990-03,QUEENSTOWN,3 ROOM,96,C'WEALTH CRES,67,STANDARD,1970,31,16000,183000,85150,2639650
1990-02,QUEENSTOWN,3 ROOM,97,C'WEALTH CRES,59,STANDARD,1970,40,20000,208000,90770,3630800
1990-01,QUEENSTOWN,3 ROOM,98,C'WEALTH CRES,59,STANDARD,1970,38,14000,180000,96492,3666700
1990-01,QUEENSTOWN,3 ROOM,99,C'WEALTH CRES,55,STANDARD,1970,37,19000,202000,96514,3571000
1990-01,QUEENSTOWN,2 ROOM,55,C'WEALTH DR,46,STANDARD,1970,76,14000,170000,76075,5781700
1990-04,QUEENSTOWN,2 ROOM,56,C'WEALTH DR,46,STANDARD,1970,77,13500,171000,75556,5817780
1993-11,QUEENSTOWN,3 ROOM,57,C'WEALTH DR,52,STANDARD,1970,3,58000,108000,76333,229000
1990-01,QUEENSTOWN,2 ROOM,58,C'WEALTH DR,46,STANDARD,1973,96,13500,165000,67309,6461700
1990-01,QUEENSTOWN,3 ROOM,59,C'WEALTH DR,56,STANDARD,1971,77,13500,180000,80317,6184400
1990-01,QUEENSTOWN,3 ROOM,60,C'WEALTH DR,56,STANDARD,1983,79,15000,170000,79019,6242500
1990-08,QUEENSTOWN,3 ROOM,61,C'WEALTH DR,52,STANDARD,1970,8,25500,133000,78250,626000
1990-04,QUEENSTOWN,2 ROOM,62,C'WEALTH DR,46,STANDARD,1983,76,17000,175000,86143,6546900
1990-01,QUEENSTOWN,2 ROOM,63,C'WEALTH DR,46,STANDARD,1969,68,13800,178000,77448,5266440
1990-07,QUEENSTOWN,3 ROOM,64,C'WEALTH DR,46,STANDARD,1969,59,14000,163000,79298,4678600
1990-01,QUEENSTOWN,3 ROOM,65,C'WEALTH DR,49,STANDARD,1969,68,14000,168000,78934,5367540
1990-01,QUEENSTOWN,2 ROOM,66,C'WEALTH DR,42,STANDARD,1969,74,13600,170000,77881,5763200
1990-05,QUEENSTOWN,3 ROOM,67,C'WEALTH DR,52,STANDARD,1970,7,23000,161000,72429,507000
1990-04,QUEENSTOWN,3 ROOM,68,C'WEALTH DR,52,STANDARD,1970,5,24500,113200,77140,385700
1993-09,QUEENSTOWN,3 ROOM,69,C'WEALTH DR,52,STANDARD,1970,6,73800,150000,114050,684300
1991-10,QUEENSTOWN,3 ROOM,70,C'WEALTH DR,52,STANDARD,1970,7,23200,108000,62457,437200
1990-01,QUEENSTOWN,3 ROOM,71,C'WEALTH DR,52,STANDARD,1970,4,20000,105000,75250,301000
1993-06,QUEENSTOWN,3 ROOM,72,C'WEALTH DR,52,STANDARD,1970,4,50000,101000,82250,329000
1993-04,QUEENSTOWN,3 ROOM,73,C'WEALTH DR,52,STANDARD,1970,2,30000,110000,70000,140000
1990-01,QUEENSTOWN,3 ROOM,74,C'WEALTH DR,52,STANDARD,1969,44,20000,173000,109325,4810300
1990-07,QUEENSTOWN,3 ROOM,75,C'WEALTH DR,52,STANDARD,1969,44,22000,175000,95095,4184200
1990-02,QUEENSTOWN,3 ROOM,76,C'WEALTH DR,52,STANDARD,1969,52,17000,150000,83796,4357400
1990-01,QUEENSTOWN,3 ROOM,77,C'WEALTH DR,52,STANDARD,1969,47,17000,167000,81381,3824900
1990-01,QUEENSTOWN,3 ROOM,78,C'WEALTH DR,52,STANDARD,1969,42,16700,165000,95162,3996800
1990-01,QUEENSTOWN,3 ROOM,79,C'WEALTH DR,52,STANDARD,1969,41,17000,150000,80748,3310688
1990-03,QUEENSTOWN,3 ROOM,80,C'WEALTH DR,52,STANDARD,1969,39,23000,164000,95354,3718800
1990-01,QUEENSTOWN,3 ROOM,89,C'WEALTH DR,60,STANDARD,1967,31,18500,168000,85797,2659700
1990-02,QUEENSTOWN,3 ROOM,90,C'WEALTH DR,54,STANDARD,1967,45,14000,166000,88032,3961440
1990-04,QUEENSTOWN,3 ROOM,91,C'WEALTH DR,60,STANDARD,1967,33,14000,180000,84776,2797600
1990-07,QUEENSTOWN,3 ROOM,92,C'WEALTH DR,60,STANDARD,1967,33,17000,160000,85100,2808300
1990-01,QUEENSTOWN,3 ROOM,93,C'WEALTH DR,69,STANDARD,1967,41,18000,172000,92959,3811300
1990-07,QUEENSTOWN,3 ROOM,94,C'WEALTH DR,60,STANDARD,1967,34,21500,180000,83370,2834580
1990-07,QUEENSTOWN,2 ROOM,95,C'WEALTH DR,48,STANDARD,1967,30,17000,175000,84717,2541500
1990-02,KALLANG/WHAMPOA,4 ROOM,41,CAMBRIDGE RD,91,NEW GENERATION,1982,25,93000,370000,229180,5729500
1990-04,KALLANG/WHAMPOA,4 ROOM,42,CAMBRIDGE RD,91,NEW GENERATION,1982,21,89000,333000,222943,4681800
1990-12,KALLANG/WHAMPOA,4 ROOM,43,CAMBRIDGE RD,92,NEW GENERATION,1982,23,80000,346000,228391,5253000
1993-07,BUKIT PANJANG,EXECUTIVE,130,CASHEW RD,145,APARTMENT,1988,35,261000,600000,388286,13590000
1992-12,BUKIT PANJANG,3 ROOM,131,CASHEW RD,73,MODEL A,1988,55,50000,308000,166915,9180300
1992-10,BUKIT PANJANG,3 ROOM,132,CASHEW RD,73,MODEL A,1988,58,55000,289000,154229,8945300
1994-04,BUKIT PANJANG,EXECUTIVE,133,CASHEW RD,150,MAISONETTE,1988,26,330000,590000,415731,10809000
1993-07,BUKIT PANJANG,EXECUTIVE,133A,CASHEW RD,146,MAISONETTE,1989,13,245000,460000,387462,5037000
1993-08,BUKIT PANJANG,EXECUTIVE,135,CASHEW RD,146,MAISONETTE,1988,52,288000,625000,432612,22495800
1990-04,GEYLANG,3 ROOM,32,CASSIA CRES,68,NEW GENERATION,1981,36,68100,318000,213456,7684400
1990-04,GEYLANG,4 ROOM,34,CASSIA CRES,93,NEW GENERATION,1981,29,60000,352000,185241,5372000
1991-10,GEYLANG,3 ROOM,36,CASSIA CRES,59,IMPROVED,1986,23,51000,222000,130878,3010200
1991-01,GEYLANG,4 ROOM,42,CASSIA CRES,93,NEW GENERATION,1981,32,60000,325000,191828,6138500
1990-09,GEYLANG,3 ROOM,54,CASSIA CRES,67,NEW GENERATION,1983,71,60000,395000,196700,13965700
1990-02,BEDOK,3 ROOM,32,CHAI CHEE AVE,65,IMPROVED,1974,111,25100,216000,117585,13051900
1990-03,BEDOK,5 ROOM,33,CHAI CHEE AVE,117,STANDARD,1975,50,96000,520000,327315,16365750
1990-03,BEDOK,5 ROOM,34,CHAI CHEE AVE,117,STANDARD,1975,49,80000,486000,309633,15172000
1990-05,BEDOK,4 ROOM,35,CHAI CHEE AVE,82,IMPROVED,1975,62,43000,323000,193816,12016600
1990-02,BEDOK,3 ROOM,36,CHAI CHEE AVE,65,IMPROVED,1974,62,25500,216000,97708,6057900
1990-03,BEDOK,3 ROOM,37,CHAI CHEE AVE,66,IMPROVED,1983,58,27900,222000,121016,7018900
1990-02,BEDOK,3 ROOM,40,CHAI CHEE AVE,65,IMPROVED,1974,60,26000,220000,118298,7097900
1990-01,BEDOK,3 ROOM,55,CHAI CHEE DR,76,MODEL A,1984,160,45800,359000,159339,25494200
1990-01,BEDOK,4 ROOM,56,CHAI CHEE DR,91,NEW GENERATION,1983,57,65000,330000,203904,11622500
1993-01,BEDOK,3 ROOM,57,CHAI CHEE DR,75,MODEL A,1982,14,52000,288000,189771,2656800
1990-01,BEDOK,3 ROOM,58,CHAI CHEE DR,75,MODEL A,1983,68,50000,360000,165954,11284900
1990-01,BEDOK,5 ROOM,1,CHAI CHEE RD,132,MODEL A,1983,71,130000,520000,299258,21247300
1990-02,BEDOK,3 ROOM,19,CHAI CHEE RD,65,IMPROVED,1972,84,25100,190000,94240,7916200
1991-01,BEDOK,5 ROOM,2,CHAI CHEE RD,133,MODEL A,1983,50,58500,450000,266090,13304500
1990-01,BEDOK,3 ROOM,20,CHAI CHEE RD,65,IMPROVED,1972,86,25200,181000,103472,8898580
1990-01,BEDOK,3 ROOM,21,CHAI CHEE RD,75,IMPROVED,1972,89,25100,216500,103153,9180600
1994-07,BEDOK,4 ROOM,25,CHAI CHEE RD,104,MODEL A,1993,20,200000,560000,383300,7666000
1996-10,BEDOK,5 ROOM,26,CHAI CHEE RD,128,IMPROVED,1993,18,290000,556000,425917,7666500
1996-10,BEDOK,4 ROOM,27,CHAI CHEE RD,104,MODEL A,1993,17,306000,570000,387706,6591000
1990-01,BEDOK,3 ROOM,59,CHAI CHEE RD,75,MODEL A,1984,117,45000,405000,161952,18948400
1991-09,BEDOK,3 ROOM,60,CHAI CHEE RD,75,MODEL A,1982,14,56000,310000,145232,2033250
1990-01,BEDOK,4 ROOM,61,CHAI CHEE RD,91,NEW GENERATION,1982,74,55000,320000,201657,14922600
1990-03,BEDOK,5 ROOM,62,CHAI CHEE RD,133,MODEL A,1983,49,105000,495000,321482,15752600
1990-07,BEDOK,5 ROOM,63,CHAI CHEE RD,133,MODEL A,1984,46,142000,485000,332920,15314300
1995-01,BEDOK,5 ROOM,803,CHAI CHEE RD,127,IMPROVED,1993,30,340000,503000,432900,12987000
1997-05,BEDOK,5 ROOM,804,CHAI CHEE RD,128,IMPROVED,1993,27,315000,513888,428396,11566688
1994-05,BEDOK,5 ROOM,805,CHAI CHEE RD,126,IMPROVED,1993,25,270000,510000,419740,10493500
1990-02,BEDOK,3 ROOM,42,CHAI CHEE ST,82,NEW GENERATION,1985,115,38000,313000,145712,16756868
1990-01,BEDOK,4 ROOM,43,CHAI CHEE ST,92,NEW GENERATION,1980,91,60000,335000,191193,17398608
1990-01,BEDOK,3 ROOM,44,CHAI CHEE ST,68,NEW GENERATION,1980,126,35000,320000,129544,16322500
1990-03,BEDOK,3 ROOM,45,CHAI CHEE ST,68,NEW GENERATION,1980,109,35000,355000,139948,15254300
1990-01,BEDOK,3 ROOM,50,CHAI CHEE ST,68,NEW GENERATION,1981,142,34000,332000,142061,20172700
1990-02,BEDOK,5 ROOM,51,CHAI CHEE ST,121,IMPROVED,1981,82,79000,440000,271010,22222850
1990-05,BEDOK,5 ROOM,52,CHAI CHEE ST,121,IMPROVED,1981,46,78000,455000,281415,12945100
1990-03,BEDOK,5 ROOM,53,CHAI CHEE ST,121,IMPROVED,1981,64,80000,455000,289016,18497000
1990-01,BEDOK,3 ROOM,54,CHAI CHEE ST,68,NEW GENERATION,1981,150,34000,325000,151923,22788460
1990-04,CENTRAL AREA,4 ROOM,668,CHANDER RD,121,MODEL A,1984,56,65000,355000,156132,8743400
1990-05,CENTRAL AREA,4 ROOM,53,CHIN SWEE RD,77,IMPROVED,1974,25,85000,305000,228516,5712900
1996-11,CHOA CHU KANG,4 ROOM,130,CHOA CHU KANG AVE 1,105,MODEL A,1993,24,248000,467000,345304,8287300
1994-08,CHOA CHU KANG,5 ROOM,131,CHOA CHU KANG AVE 1,134,MODEL A,1993,25,252000,450000,352490,8812250
1997-03,CHOA CHU KANG,5 ROOM,132,CHOA CHU KANG AVE 1,134,MODEL A,1993,12,243000,468000,366167,4394000
1995-04,CHOA CHU KANG,4 ROOM,201,CHOA CHU KANG AVE 1,108,MODEL A,1989,6,208800,282000,248883,1493300
1994-08,CHOA CHU KANG,4 ROOM,202,CHOA CHU KANG AVE 1,104,MODEL A,1989,39,158000,365000,267692,10440000
1994-07,CHOA CHU KANG,EXECUTIVE,203,CHOA CHU KANG AVE 1,146,MAISONETTE,1989,23,320000,600000,452435,10406000
1994-07,CHOA CHU KANG,EXECUTIVE,204,CHOA CHU KANG AVE 1,146,APARTMENT,1989,48,310000,600000,441110,21173300
1994-08,CHOA CHU KANG,5 ROOM,248,CHOA CHU KANG AVE 2,123,IMPROVED,1993,41,246000,425000,340471,13959300
1994-04,CHOA CHU KANG,4 ROOM,249,CHOA CHU KANG AVE 2,104,MODEL A,1993,42,170000,419000,321343,13496388
1997-08,CHOA CHU KANG,4 ROOM,250,CHOA CHU KANG AVE 2,104,MODEL A,1993,36,240000,407000,331139,11921000
1995-12,CHOA CHU KANG,4 ROOM,251,CHOA CHU KANG AVE 2,104,MODEL A,1994,39,215000,380000,295089,11508480
1998-09,CHOA CHU KANG,5 ROOM,252,CHOA CHU KANG AVE 2,124,IMPROVED,1994,45,225000,355000,283322,12749500
1998-07,CHOA CHU KANG,4 ROOM,254,CHOA CHU KANG AVE 2,104,MODEL A,1994,20,250000,387000,333175,6663500
1997-11,CHOA CHU KANG,EXECUTIVE,271,CHOA CHU KANG AVE 2,147,APARTMENT,1993,26,372000,528000,447269,11629000
1998-03,CHOA CHU KANG,EXECUTIVE,272,CHOA CHU KANG AVE 2,148,APARTMENT,1993,25,372000,496000,443084,11077100
1998-01,CHOA CHU KANG,EXECUTIVE,273,CHOA CHU KANG AVE 2,148,APARTMENT,1993,25,385000,535000,448820,11220500
1994-05,CHOA CHU KANG,EXECUTIVE,274,CHOA CHU KANG AVE 2,143,APARTMENT,1993,28,380000,592000,450067,12601888
1993-09,CHOA CHU KANG,EXECUTIVE,275,CHOA CHU KANG AVE 2,147,APARTMENT,1993,28,327000,588000,461750,12929000
1997-05,CHOA CHU KANG,5 ROOM,276,CHOA CHU KANG AVE 2,122,IMPROVED,1993,36,300000,442000,371889,13388000
1994-01,CHOA CHU KANG,5 ROOM,277,CHOA CHU KANG AVE 2,123,IMPROVED,1993,39,235000,460000,369936,14427500
1994-12,CHOA CHU KANG,EXECUTIVE,287,CHOA CHU KANG AVE 2,146,MAISONETTE,1990,48,350000,638000,464948,22317500
1994-07,CHOA CHU KANG,4 ROOM,294,CHOA CHU KANG AVE 2,113,MODEL A,1990,51,195000,355000,260902,13306000
1995-03,CHOA CHU KANG,4 ROOM,295,CHOA CHU KANG AVE 2,109,MODEL A,1990,63,200000,367000,268127,16892000
1996-10,CHOA CHU KANG,4 ROOM,278,CHOA CHU KANG AVE 3,104,MODEL A,1992,8,236000,400000,304375,2435000
1996-06,CHOA CHU KANG,4 ROOM,279,CHOA CHU KANG AVE 3,106,MODEL A,1992,10,226500,348000,288550,2885500
1996-02,CHOA CHU KANG,4 ROOM,280,CHOA CHU KANG AVE 3,110,MODEL A,1992,41,243000,370000,281780,11553000
1996-03,CHOA CHU KANG,4 ROOM,281,CHOA CHU KANG AVE 3,106,MODEL A,1992,35,225000,368000,290166,10155800
1994-10,CHOA CHU KANG,EXECUTIVE,282,CHOA CHU KANG AVE 3,146,MAISONETTE,1992,35,383000,620000,509657,17838000
1996-01,CHOA CHU KANG,4 ROOM,283,CHOA CHU KANG AVE 3,104,MODEL A,1992,48,224000,368000,296081,14211900
1993-09,CHOA CHU KANG,4 ROOM,284,CHOA CHU KANG AVE 3,104,MODEL A,1990,44,141500,370000,274211,12065300
1994-07,CHOA CHU KANG,4 ROOM,285,CHOA CHU KANG AVE 3,110,MODEL A,1993,46,172000,348000,292663,13462500
1996-05,CHOA CHU KANG,4 ROOM,286,CHOA CHU KANG AVE 3,106,MODEL A,1993,29,227000,336000,279897,8117000
1995-05,CHOA CHU KANG,4 ROOM,288,CHOA CHU KANG AVE 3,104,MODEL A,1990,59,193000,355000,272544,16080100
1996-04,CHOA CHU KANG,4 ROOM,289,CHOA CHU KANG AVE 3,104,MODEL A,1993,37,247000,356000,297305,11000300
1996-04,CHOA CHU KANG,4 ROOM,290,CHOA CHU KANG AVE 3,104,MODEL A,1993,38,244000,390000,290589,11042400
1996-04,CHOA CHU KANG,4 ROOM,291,CHOA CHU KANG AVE 3,104,MODEL A,1993,33,233000,340000,291667,9625000
1996-10,CHOA CHU KANG,EXECUTIVE,292,CHOA CHU KANG AVE 3,154,MAISONETTE,1993,7,407000,552000,488143,3417000
1994-12,CHOA CHU KANG,4 ROOM,293,CHOA CHU KANG AVE 3,112,MODEL A,1993,44,220000,345000,292977,12891000
1996-05,CHOA CHU KANG,4 ROOM,401,CHOA CHU KANG AVE 3,106,MODEL A,1993,23,251000,368000,305913,7036000
1996-04,CHOA CHU KANG,4 ROOM,402,CHOA CHU KANG AVE 3,106,MODEL A,1993,25,253000,380000,300980,7524500
1996-06,CHOA CHU KANG,4 ROOM,403,CHOA CHU KANG AVE 3,104,MODEL A,1993,13,235000,333000,280000,3640000
1996-06,CHOA CHU KANG,4 ROOM,404,CHOA CHU KANG AVE 3,104,MODEL A,1993,35,238000,368000,294780,10317300
1993-04,CHOA CHU KANG,4 ROOM,405,CHOA CHU KANG AVE 3,104,MODEL A,1993,27,90000,370000,291889,7881000
1995-03,CHOA CHU KANG,4 ROOM,406,CHOA CHU KANG AVE 3,104,MODEL A,1993,56,160000,376000,295689,16558600
1996-04,CHOA CHU KANG,4 ROOM,407,CHOA CHU KANG AVE 3,103,MODEL A,1993,27,240000,355000,291741,7877000
1996-04,CHOA CHU KANG,4 ROOM,408,CHOA CHU KANG AVE 3,104,MODEL A,1993,36,237000,365000,289958,10438500
1996-02,CHOA CHU KANG,4 ROOM,409,CHOA CHU KANG AVE 3,106,MODEL A,1992,35,238000,348000,291180,10191300
1994-12,CHOA CHU KANG,4 ROOM,410,CHOA CHU KANG AVE 3,104,MODEL A,1992,40,197000,355000,281650,11266000
1996-03,CHOA CHU KANG,4 ROOM,411,CHOA CHU KANG AVE 3,104,MODEL A,1992,32,244000,378000,289875,9276000
1996-02,CHOA CHU KANG,4 ROOM,412,CHOA CHU KANG AVE 3,106,MODEL A,1992,50,231000,380000,297278,14863888
1996-03,CHOA CHU KANG,4 ROOM,413,CHOA CHU KANG AVE 3,112,MODEL A,1992,42,234000,375000,296419,12449600
1997-04,CHOA CHU KANG,5 ROOM,305,CHOA CHU KANG AVE 4,128,IMPROVED,1993,16,335000,470000,409062,6545000
1997-05,CHOA CHU KANG,4 ROOM,306,CHOA CHU KANG AVE 4,105,MODEL A,1993,26,250000,415000,320715,8338600
1994-12,CHOA CHU KANG,5 ROOM,307,CHOA CHU KANG AVE 4,141,MODEL A,1993,40,252500,490000,352850,14114000
1997-07,CHOA CHU KANG,4 ROOM,308,CHOA CHU KANG AVE 4,112,MODEL A,1993,1,345000,345000,345000,345000
1994-04,CHOA CHU KANG,4 ROOM,414,CHOA CHU KANG AVE 4,104,MODEL A,1993,42,180000,435000,320583,13464500
1996-10,CHOA CHU KANG,4 ROOM,415,CHOA CHU KANG AVE 4,110,MODEL A,1993,10,241000,421000,301700,3017000
1994-12,CHOA CHU KANG,5 ROOM,416,CHOA CHU KANG AVE 4,133,MODEL A,1993,28,240000,496000,350786,9822000
1996-12,CHOA CHU KANG,4 ROOM,417,CHOA CHU KANG AVE 4,105,MODEL A,1993,35,242000,498000,327529,11463500
1994-01,CHOA CHU KANG,4 ROOM,418,CHOA CHU KANG AVE 4,106,MODEL A,1993,31,185600,453000,310874,9637100
1997-04,CHOA CHU KANG,EXECUTIVE,419,CHOA CHU KANG AVE 4,148,APARTMENT,1993,30,380000,613000,484633,14539000
1997-04,CHOA CHU KANG,EXECUTIVE,420,CHOA CHU KANG AVE 4,148,APARTMENT,1993,30,400000,592000,499560,14986808
1996-06,CHOA CHU KANG,5 ROOM,421,CHOA CHU KANG AVE 4,132,MODEL A,1992,35,235000,490000,318524,11148350
1996-04,CHOA CHU KANG,4 ROOM,422,CHOA CHU KANG AVE 4,104,MODEL A,1992,27,242000,482000,310530,8384300
1995-10,CHOA CHU KANG,4 ROOM,423,CHOA CHU KANG AVE 4,104,MODEL A,1992,43,229000,425000,299977,12899000
1994-10,CHOA CHU KANG,5 ROOM,424,CHOA CHU KANG AVE 4,124,IMPROVED,1992,9,235000,390000,311444,2803000
1996-02,CHOA CHU KANG,4 ROOM,425,CHOA CHU KANG AVE 4,104,MODEL A,1992,37,243000,480000,303486,11229000
1996-05,CHOA CHU KANG,4 ROOM,426,CHOA CHU KANG AVE 4,106,MODEL A,1993,39,240000,380000,287987,11231500
1996-05,CHOA CHU KANG,4 ROOM,427,CHOA CHU KANG AVE 4,104,MODEL A,1992,31,227500,470000,316919,9824500
1996-09,CHOA CHU KANG,4 ROOM,428,CHOA CHU KANG AVE 4,104,MODEL A,1992,8,238800,323000,276538,2212300
1997-05,CHOA CHU KANG,5 ROOM,429,CHOA CHU KANG AVE 4,125,IMPROVED,1993,31,260000,518000,362742,11245000
1997-02,CHOA CHU KANG,4 ROOM,430,CHOA CHU KANG AVE 4,106,MODEL A,1993,42,245000,475000,335012,14070500
1997-03,CHOA CHU KANG,4 ROOM,431,CHOA CHU KANG AVE 4,104,MODEL A,1993,34,240000,427000,335950,11422300
1995-11,CHOA CHU KANG,5 ROOM,432,CHOA CHU KANG AVE 4,121,IMPROVED,1993,28,245000,407000,329946,9238500
1997-03,CHOA CHU KANG,5 ROOM,433,CHOA CHU KANG AVE 4,136,MODEL A,1993,33,242000,520000,333818,11016000
1994-04,CHOA CHU KANG,4 ROOM,434,CHOA CHU KANG AVE 4,106,MODEL A,1993,35,180000,489883,346325,12121383
1995-04,CHOA CHU KANG,5 ROOM,435,CHOA CHU KANG AVE 4,121,IMPROVED,1993,33,235000,458000,313624,10349600
1997-04,CHOA CHU KANG,EXECUTIVE,436,CHOA CHU KANG AVE 4,148,APARTMENT,1993,27,400000,650000,501130,13530500
1997-05,CHOA CHU KANG,EXECUTIVE,437,CHOA CHU KANG AVE 4,148,APARTMENT,1993,27,382000,635000,508963,13742000
1997-03,CHOA CHU KANG,4 ROOM,438,CHOA CHU KANG AVE 4,106,MODEL A,1993,35,251000,492000,338023,11830800
1995-11,CHOA CHU KANG,5 ROOM,439,CHOA CHU KANG AVE 4,123,IMPROVED,1993,49,251000,475000,345408,16925000
1996-04,CHOA CHU KANG,5 ROOM,440,CHOA CHU KANG AVE 4,123,IMPROVED,1993,45,235000,485000,325818,14661800
1997-03,CHOA CHU KANG,4 ROOM,441,CHOA CHU KANG AVE 4,104,MODEL A,1993,36,245000,480000,322347,11604500
1993-03,CHOA CHU KANG,4 ROOM,205,CHOA CHU KANG CTRL,104,MODEL A,1989,50,86000,452000,296066,14803300
1992-07,CHOA CHU KANG,5 ROOM,206,CHOA CHU KANG CTRL,122,IMPROVED,1989,43,156000,445000,280891,12078300
1994-09,CHOA CHU KANG,EXECUTIVE,207,CHOA CHU KANG CTRL,146,MAISONETTE,1989,33,315000,618000,448758,14809000
1994-06,CHOA CHU KANG,EXECUTIVE,208,CHOA CHU KANG CTRL,146,MAISONETTE,1989,39,319000,645000,445244,17364500
1995-05,CHOA CHU KANG,4 ROOM,209,CHOA CHU KANG CTRL,104,MODEL A,1989,7,200000,287000,240571,1684000
1994-07,CHOA CHU KANG,4 ROOM,210,CHOA CHU KANG CTRL,104,MODEL A,1990,34,158000,350000,268206,9119000
1995-01,CHOA CHU KANG,4 ROOM,211,CHOA CHU KANG CTRL,105,MODEL A,1989,12,215000,338000,276583,3319000
1994-04,CHOA CHU KANG,4 ROOM,212,CHOA CHU KANG CTRL,104,MODEL A,1989,71,155000,448000,280744,19932800
1994-03,CHOA CHU KANG,4 ROOM,213,CHOA CHU KANG CTRL,104,MODEL A,1989,56,163000,430000,287554,16103000
1995-01,CHOA CHU KANG,EXECUTIVE,214,CHOA CHU KANG CTRL,142,APARTMENT,1990,27,396000,570000,465500,12568500
1994-02,CHOA CHU KANG,4 ROOM,215,CHOA CHU KANG CTRL,113,MODEL A,1990,35,165000,360000,279543,9784000
1995-06,CHOA CHU KANG,4 ROOM,216,CHOA CHU KANG CTRL,117,MODEL A,1990,6,210000,277000,257000,1542000
1995-02,CHOA CHU KANG,4 ROOM,217,CHOA CHU KANG CTRL,103,MODEL A,1990,30,145000,330000,265946,7978388
1994-11,CHOA CHU KANG,4 ROOM,218,CHOA CHU KANG CTRL,106,MODEL A,1990,29,163000,368000,267590,7760098
1995-03,CHOA CHU KANG,4 ROOM,219,CHOA CHU KANG CTRL,105,MODEL A,1990,11,171000,342000,273955,3013500
1995-03,CHOA CHU KANG,4 ROOM,220,CHOA CHU KANG CTRL,105,MODEL A,1990,30,127500,380000,278767,8363000
1996-08,CHOA CHU KANG,5 ROOM,221,CHOA CHU KANG CTRL,126,IMPROVED,1993,6,250000,455000,377250,2263500
1994-12,CHOA CHU KANG,4 ROOM,223,CHOA CHU KANG CTRL,106,MODEL A,1993,40,160000,452000,311112,12444500
1994-02,CHOA CHU KANG,5 ROOM,224,CHOA CHU KANG CTRL,122,IMPROVED,1993,24,233000,425000,308729,7409500
1996-12,CHOA CHU KANG,4 ROOM,225,CHOA CHU KANG CTRL,104,MODEL A,1993,27,208000,470000,338400,9136800
1996-01,CHOA CHU KANG,4 ROOM,226,CHOA CHU KANG CTRL,104,MODEL A,1993,24,220000,450000,311179,7468300
1994-09,CHOA CHU KANG,4 ROOM,227,CHOA CHU KANG CTRL,105,MODEL A,1993,36,155000,373000,290701,10465238
1994-03,CHOA CHU KANG,4 ROOM,228,CHOA CHU KANG CTRL,104,MODEL A,1989,44,100000,420000,294273,12948000
1994-05,CHOA CHU KANG,4 ROOM,229,CHOA CHU KANG CTRL,104,MODEL A,1989,50,160000,402000,285460,14273000
1995-05,CHOA CHU KANG,4 ROOM,230,CHOA CHU KANG CTRL,104,MODEL A,1990,41,200000,355000,272234,11161608
1995-08,CHOA CHU KANG,4 ROOM,231,CHOA CHU KANG CTRL,104,MODEL A,1990,11,201000,346000,266000,2926000
1995-06,CHOA CHU KANG,4 ROOM,232,CHOA CHU KANG CTRL,106,MODEL A,1990,14,150000,310000,254857,3568000
1995-03,CHOA CHU KANG,4 ROOM,233,CHOA CHU KANG CTRL,113,MODEL A,1990,21,195000,336000,268848,5645800
1993-12,CHOA CHU KANG,5 ROOM,234,CHOA CHU KANG CTRL,122,IMPROVED,1989,62,152000,410000,281698,17465300
1995-07,CHOA CHU KANG,EXECUTIVE,235,CHOA CHU KANG CTRL,141,APARTMENT,1990,39,305000,590000,456892,17818800
1993-03,CHOA CHU KANG,5 ROOM,236,CHOA CHU KANG CTRL,122,IMPROVED,1989,47,170000,410000,286091,13446300
1995-05,CHOA CHU KANG,4 ROOM,237,CHOA CHU KANG CTRL,104,MODEL A,1990,29,190000,333000,266776,7736500
1996-10,CHOA CHU KANG,4 ROOM,238,CHOA CHU KANG CTRL,104,MODEL A,1990,5,245000,300000,270400,1352000
1997-04,CHOA CHU KANG,4 ROOM,239,CHOA CHU KANG CTRL,109,MODEL A,1990,2,235000,328000,281500,563000
1997-10,CHOA CHU KANG,EXECUTIVE,350,CHOA CHU KANG CTRL,146,MAISONETTE,1993,5,418000,598000,478200,2391000
1997-04,CHOA CHU KANG,EXECUTIVE,351,CHOA CHU KANG CTRL,142,APARTMENT,1993,19,458000,665000,525842,9991000
1997-03,CHOA CHU KANG,4 ROOM,352,CHOA CHU KANG CTRL,104,MODEL A,1993,24,270000,450000,332479,7979500
1997-02,CHOA CHU KANG,4 ROOM,353,CHOA CHU KANG CTRL,106,MODEL A,1993,49,252000,476000,349731,17136800
1997-02,CHOA CHU KANG,5 ROOM,354,CHOA CHU KANG CTRL,133,MODEL A,1993,40,255000,530000,345100,13804000
1997-03,CHOA CHU KANG,5 ROOM,355,CHOA CHU KANG CTRL,126,IMPROVED,1993,42,242000,476000,339488,14258500
1997-12,CHOA CHU KANG,4 ROOM,340,CHOA CHU KANG LOOP,106,MODEL A,1993,24,257500,410000,311554,7477300
1996-03,CHOA CHU KANG,EXECUTIVE,341,CHOA CHU KANG LOOP,142,APARTMENT,1993,21,446000,568000,509286,10695000
1997-10,CHOA CHU KANG,EXECUTIVE,342,CHOA CHU KANG LOOP,143,APARTMENT,1993,33,410000,592000,489652,16158500
1997-08,CHOA CHU KANG,5 ROOM,343,CHOA CHU KANG LOOP,133,MODEL A,1993,21,334000,500000,393524,8264000
1994-01,CHOA CHU KANG,5 ROOM,344,CHOA CHU KANG LOOP,124,IMPROVED,1993,20,205000,445000,387390,7747800
1996-03,CHOA CHU KANG,5 ROOM,345,CHOA CHU KANG LOOP,124,IMPROVED,1993,17,335000,440000,386000,6562000
1997-08,CHOA CHU KANG,5 ROOM,346,CHOA CHU KANG LOOP,123,IMPROVED,1993,22,262000,430000,338768,7452888
1999-04,CHOA CHU KANG,5 ROOM,751,CHOA CHU KANG NTH 5,128,IMPROVED,1995,26,249000,383000,337635,8778500
1999-05,CHOA CHU KANG,5 ROOM,752,CHOA CHU KANG NTH 5,128,IMPROVED,1995,29,247000,375000,331655,9618000
1999-06,CHOA CHU KANG,EXECUTIVE,753,CHOA CHU KANG NTH 5,145,APARTMENT,1995,10,430000,497000,458080,4580800
1999-07,CHOA CHU KANG,EXECUTIVE,754,CHOA CHU KANG NTH 5,154,APARTMENT,1995,20,428000,510000,464640,9292800
1999-03,CHOA CHU KANG,EXECUTIVE,755,CHOA CHU KANG NTH 5,152,APARTMENT,1995,14,395000,475000,450036,6300500
1995-12,CHOA CHU KANG,EXECUTIVE,756,CHOA CHU KANG NTH 5,146,APARTMENT,1995,12,410000,495000,450792,5409500
1999-05,CHOA CHU KANG,EXECUTIVE,757,CHOA CHU KANG NTH 5,146,APARTMENT,1995,13,420000,495000,453192,5891500
1999-06,CHOA CHU KANG,EXECUTIVE,758,CHOA CHU KANG NTH 5,146,APARTMENT,1995,15,424000,511000,458267,6874000
1995-10,CHOA CHU KANG,EXECUTIVE,759,CHOA CHU KANG NTH 5,145,MAISONETTE,1995,18,408000,545000,472556,8506000
1999-05,CHOA CHU KANG,4 ROOM,760,CHOA CHU KANG NTH 5,108,MODEL A,1995,21,259000,388000,341743,7176600
1999-02,CHOA CHU KANG,5 ROOM,761,CHOA CHU KANG NTH 5,128,IMPROVED,1995,24,249000,378000,335971,8063300
1999-05,CHOA CHU KANG,EXECUTIVE,553,CHOA CHU KANG NTH 6,149,APARTMENT,1996,10,432500,493000,461750,4617500
1999-06,CHOA CHU KANG,EXECUTIVE,554,CHOA CHU KANG NTH 6,147,APARTMENT,1996,18,421000,500000,455056,8191000
1999-07,CHOA CHU KANG,EXECUTIVE,555,CHOA CHU KANG NTH 6,148,APARTMENT,1996,16,424000,550000,461250,7380000
1995-09,CHOA CHU KANG,EXECUTIVE,556,CHOA CHU KANG NTH 6,149,APARTMENT,1996,7,428000,490000,453286,3173000
1999-04,CHOA CHU KANG,EXECUTIVE,557,CHOA CHU KANG NTH 6,147,APARTMENT,1996,11,410000,467000,442527,4867800
1999-04,CHOA CHU KANG,EXECUTIVE,558,CHOA CHU KANG NTH 6,147,APARTMENT,1996,9,422000,478000,443367,3990300
1999-03,CHOA CHU KANG,EXECUTIVE,559,CHOA CHU KANG NTH 6,149,APARTMENT,1996,8,405000,452000,438750,3510000
1999-07,CHOA CHU KANG,EXECUTIVE,560,CHOA CHU KANG NTH 6,146,APARTMENT,1996,11,388000,495000,453727,4991000
1999-06,CHOA CHU KANG,EXECUTIVE,561,CHOA CHU KANG NTH 6,147,APARTMENT,1996,25,405000,530000,459212,11480300
1999-10,CHOA CHU KANG,4 ROOM,617,CHOA CHU KANG NTH 7,107,MODEL A,1996,19,268000,444000,363500,6906500
1999-10,CHOA CHU KANG,4 ROOM,618,CHOA CHU KANG NTH 7,107,MODEL A,1996,15,245000,430000,356700,5350500
1999-10,CHOA CHU KANG,4 ROOM,619,CHOA CHU KANG NTH 7,107,MODEL A,1996,12,255000,420000,361375,4336500
1998-10,CHOA CHU KANG,5 ROOM,501,CHOA CHU KANG ST 51,123,IMPROVED,1995,33,256500,393000,326803,10784500
1998-10,CHOA CHU KANG,5 ROOM,502,CHOA CHU KANG ST 51,125,IMPROVED,1995,20,320000,408800,359990,7199800
1994-09,CHOA CHU KANG,5 ROOM,503,CHOA CHU KANG ST 51,127,IMPROVED,1995,33,235000,391000,346291,11427600
1998-12,CHOA CHU KANG,4 ROOM,504,CHOA CHU KANG ST 51,117,MODEL A,1995,32,232000,382000,297223,9511138
1999-01,CHOA CHU KANG,4 ROOM,505,CHOA CHU KANG ST 51,108,MODEL A,1994,36,244500,383000,294503,10602100
1998-09,CHOA CHU KANG,4 ROOM,506,CHOA CHU KANG ST 51,108,MODEL A,1994,31,252000,405000,327677,10158000
1998-12,CHOA CHU KANG,5 ROOM,507,CHOA CHU KANG ST 51,129,IMPROVED,1994,23,319500,398800,356035,8188800
1998-12,CHOA CHU KANG,5 ROOM,508,CHOA CHU KANG ST 51,128,IMPROVED,1994,19,328000,404000,363737,6911000
1998-10,CHOA CHU KANG,5 ROOM,509,CHOA CHU KANG ST 51,133,MODEL A,1995,15,340000,398000,368333,5525000
1998-09,CHOA CHU KANG,5 ROOM,510,CHOA CHU KANG ST 51,132,MODEL A,1995,16,352000,420000,369938,5919000
1996-03,CHOA CHU KANG,5 ROOM,511,CHOA CHU KANG ST 51,134,MODEL A,1994,25,318000,450000,373484,9337100
1995-10,CHOA CHU KANG,5 ROOM,512,CHOA CHU KANG ST 51,131,IMPROVED,1994,15,326000,400000,363933,5459000
1999-02,CHOA CHU KANG,5 ROOM,513,CHOA CHU KANG ST 51,133,MODEL A,1995,16,317000,383000,357118,5713888
1999-03,CHOA CHU KANG,5 ROOM,514,CHOA CHU KANG ST 51,125,IMPROVED,1995,28,241000,399000,316339,8857500
1999-01,CHOA CHU KANG,5 ROOM,515,CHOA CHU KANG ST 51,128,IMPROVED,1995,21,313500,392000,353833,7430500
1999-04,CHOA CHU KANG,4 ROOM,516,CHOA CHU KANG ST 51,107,MODEL A,1995,29,232000,395000,293234,8503800
1999-04,CHOA CHU KANG,5 ROOM,517,CHOA CHU KANG ST 51,121,IMPROVED,1995,29,230000,378000,292003,8468100
1999-04,CHOA CHU KANG,4 ROOM,518,CHOA CHU KANG ST 51,104,MODEL A,1995,29,231000,379000,303121,8790500
1998-10,CHOA CHU KANG,EXECUTIVE,523,CHOA CHU KANG ST 51,145,APARTMENT,1995,22,348000,488000,441727,9718000
1998-09,CHOA CHU KANG,EXECUTIVE,524,CHOA CHU KANG ST 51,142,APARTMENT,1995,17,386000,485000,450353,7656000
1996-06,CHOA CHU KANG,EXECUTIVE,525,CHOA CHU KANG ST 51,144,APARTMENT,1995,22,381000,618000,443845,9764600
1998-08,CHOA CHU KANG,EXECUTIVE,526,CHOA CHU KANG ST 51,143,APARTMENT,1995,21,385000,467000,421667,8855000
1998-10,CHOA CHU KANG,EXECUTIVE,527,CHOA CHU KANG ST 51,143,APARTMENT,1995,20,396000,483000,435500,8710000
1994-05,CHOA CHU KANG,EXECUTIVE,528,CHOA CHU KANG ST 51,153,APARTMENT,1995,21,350000,466000,420633,8833300
1995-12,CHOA CHU KANG,EXECUTIVE,529,CHOA CHU KANG ST 51,143,APARTMENT,1995,25,375000,475000,415240,10381000
1995-07,CHOA CHU KANG,EXECUTIVE,530,CHOA CHU KANG ST 51,142,APARTMENT,1995,29,392000,480000,437276,12681000
1998-10,CHOA CHU KANG,EXECUTIVE,531,CHOA CHU KANG ST 51,148,APARTMENT,1995,17,395000,500000,444176,7551000
1998-08,CHOA CHU KANG,4 ROOM,540,CHOA CHU KANG ST 52,105,MODEL A,1994,26,243000,400000,334173,8688500
1999-01,CHOA CHU KANG,4 ROOM,541,CHOA CHU KANG ST 52,105,MODEL A,1994,33,241000,390000,293182,9675000
1998-10,CHOA CHU KANG,4 ROOM,542,CHOA CHU KANG ST 52,104,MODEL A,1995,26,227000,393000,297731,7741000
1998-10,CHOA CHU KANG,4 ROOM,543,CHOA CHU KANG ST 52,107,MODEL A,1994,23,243000,380000,291622,6707300
1998-12,CHOA CHU KANG,4 ROOM,544,CHOA CHU KANG ST 52,105,MODEL A,1995,25,244000,387000,306540,7663500
1998-06,CHOA CHU KANG,5 ROOM,545,CHOA CHU KANG ST 52,124,IMPROVED,1994,24,246000,386000,332938,7990500
1998-07,CHOA CHU KANG,5 ROOM,546,CHOA CHU KANG ST 52,127,IMPROVED,1995,26,243000,400000,332558,8646500
1999-02,CHOA CHU KANG,4 ROOM,547,CHOA CHU KANG ST 52,106,MODEL A,1994,29,239000,393000,311707,9039500
1998-12,CHOA CHU KANG,5 ROOM,548,CHOA CHU KANG ST 52,119,IMPROVED,1995,17,223000,357500,308588,5246000
1999-01,CHOA CHU KANG,5 ROOM,549,CHOA CHU KANG ST 52,121,IMPROVED,1995,28,250000,380000,326225,9134300
1999-01,CHOA CHU KANG,4 ROOM,550,CHOA CHU KANG ST 52,103,MODEL A,1994,31,244500,402000,319397,9901300
1998-12,CHOA CHU KANG,5 ROOM,551,CHOA CHU KANG ST 52,119,IMPROVED,1994,23,238000,400000,312991,7198800
1996-03,CHOA CHU KANG,5 ROOM,552,CHOA CHU KANG ST 52,127,IMPROVED,1994,21,266000,395000,330610,6942800
1995-06,CHOA CHU KANG,5 ROOM,562,CHOA CHU KANG ST 52,130,IMPROVED,1995,28,250000,383000,326929,9154008
1999-02,CHOA CHU KANG,4 ROOM,563,CHOA CHU KANG ST 52,108,MODEL A,1995,24,245000,422000,326792,7843000
1999-02,CHOA CHU KANG,4 ROOM,564,CHOA CHU KANG ST 52,111,MODEL A,1995,21,265000,430000,345038,7245800
1999-03,CHOA CHU KANG,4 ROOM,565,CHOA CHU KANG ST 52,105,MODEL A,1995,37,235000,405000,289941,10727800
1999-02,CHOA CHU KANG,4 ROOM,566,CHOA CHU KANG ST 52,111,MODEL A,1995,26,233000,366000,317784,8262388
1999-03,CHOA CHU KANG,4 ROOM,567,CHOA CHU KANG ST 52,109,MODEL A,1995,21,241000,386000,326657,6859800
1999-03,CHOA CHU KANG,5 ROOM,568,CHOA CHU KANG ST 52,129,IMPROVED,1995,28,254000,393000,322932,9042100
1999-03,CHOA CHU KANG,5 ROOM,569,CHOA CHU KANG ST 52,127,IMPROVED,1995,24,232000,375000,305551,7333228
1996-05,CHOA CHU KANG,5 ROOM,701,CHOA CHU KANG ST 53,123,IMPROVED,1995,40,230000,389000,306477,12259080
1999-01,CHOA CHU KANG,5 ROOM,702,CHOA CHU KANG ST 53,137,MODEL A,1995,39,240500,430000,292046,11389800
1999-02,CHOA CHU KANG,4 ROOM,703,CHOA CHU KANG ST 53,109,MODEL A,1995,26,230500,383000,291319,7574300
1999-02,CHOA CHU KANG,4 ROOM,704,CHOA CHU KANG ST 53,109,MODEL A,1995,32,225000,383000,264775,8472800
1999-02,CHOA CHU KANG,4 ROOM,705,CHOA CHU KANG ST 53,109,MODEL A,1995,21,241000,408000,309205,6493300
1999-03,CHOA CHU KANG,4 ROOM,706,CHOA CHU KANG ST 53,109,MODEL A,1995,21,242000,408000,279738,5874500
1999-04,CHOA CHU KANG,4 ROOM,707,CHOA CHU KANG ST 53,107,MODEL A,1995,24,240000,348000,287104,6890500
1998-12,CHOA CHU KANG,5 ROOM,708,CHOA CHU KANG ST 53,128,IMPROVED,1995,29,227000,361000,284862,8261000
1999-07,CHOA CHU KANG,EXECUTIVE,601,CHOA CHU KANG ST 62,154,MAISONETTE,1996,11,432000,482000,455091,5006000
1999-07,CHOA CHU KANG,EXECUTIVE,602,CHOA CHU KANG ST 62,145,APARTMENT,1996,21,415000,490000,453905,9532000
1999-05,CHOA CHU KANG,EXECUTIVE,603,CHOA CHU KANG ST 62,144,APARTMENT,1996,21,407000,500000,452247,9497188
1999-07,CHOA CHU KANG,EXECUTIVE,604,CHOA CHU KANG ST 62,152,MAISONETTE,1996,8,432000,513000,469875,3759000
1999-08,CHOA CHU KANG,EXECUTIVE,605,CHOA CHU KANG ST 62,145,APARTMENT,1996,6,438000,490000,458167,2749000
1999-08,CHOA CHU KANG,EXECUTIVE,606,CHOA CHU KANG ST 62,145,APARTMENT,1996,23,426000,512000,469416,10796576
1999-08,CHOA CHU KANG,4 ROOM,607,CHOA CHU KANG ST 62,108,MODEL A,1996,35,246000,415000,326789,11437600
1996-02,CHOA CHU KANG,4 ROOM,608,CHOA CHU KANG ST 62,107,MODEL A,1996,16,237000,395000,284662,4554600
1999-09,CHOA CHU KANG,4 ROOM,609,CHOA CHU KANG ST 62,107,MODEL A,1996,22,255000,419000,309723,6813900
1999-09,CHOA CHU KANG,4 ROOM,610,CHOA CHU KANG ST 62,107,MODEL A,1996,17,255000,420000,359559,6112500
1999-11,CHOA CHU KANG,5 ROOM,611,CHOA CHU KANG ST 62,132,MODEL A,1996,6,285000,405000,326667,1960000
1999-10,CHOA CHU KANG,4 ROOM,612,CHOA CHU KANG ST 62,108,MODEL A,1996,20,250000,448000,360500,7210000
1999-06,CHOA CHU KANG,5 ROOM,613,CHOA CHU KANG ST 62,135,MODEL A,1996,16,252000,433000,328062,5249000
1999-10,CHOA CHU KANG,5 ROOM,614,CHOA CHU KANG ST 62,133,MODEL A,1996,9,296000,410000,374111,3367000
1999-10,CHOA CHU KANG,4 ROOM,615,CHOA CHU KANG ST 62,108,MODEL A,1996,9,247000,348000,283889,2555000
1999-10,CHOA CHU KANG,4 ROOM,616,CHOA CHU KANG ST 62,108,MODEL A,1996,10,260000,365000,293700,2937000
1999-11,CHOA CHU KANG,5 ROOM,620,CHOA CHU KANG ST 62,133,MODEL A,1996,9,268000,416000,329756,2967800
1999-11,CHOA CHU KANG,4 ROOM,621,CHOA CHU KANG ST 62,107,MODEL A,1996,8,255000,385000,296625,2373000
1990-01,GEYLANG,3 ROOM,34,CIRCUIT RD,60,STANDARD,1967,57,18000,170000,86510,4931050
1990-01,GEYLANG,4 ROOM,35,CIRCUIT RD,83.1,STANDARD,1971,56,17000,237000,113038,6330100
1990-01,GEYLANG,3 ROOM,36,CIRCUIT RD,63.1,STANDARD,1971,68,16600,211500,110247,7496800
1990-01,GEYLANG,3 ROOM,38,CIRCUIT RD,58,STANDARD,1971,51,17000,172000,80794,4120500
1990-01,GEYLANG,3 ROOM,39,CIRCUIT RD,57,STANDARD,1971,48,14000,165000,79896,3835000
1990-01,GEYLANG,2 ROOM,40,CIRCUIT RD,45,STANDARD,1971,68,14000,158000,65859,4478400
1996-01,GEYLANG,5 ROOM,41,CIRCUIT RD,127,IMPROVED,1996,7,275500,528000,381071,2667500
1999-09,GEYLANG,4 ROOM,42,CIRCUIT RD,107,MODEL A,1996,12,287000,435000,340500,4086000
1990-03,GEYLANG,2 ROOM,43,CIRCUIT RD,40,STANDARD,1971,64,14000,170000,80555,5155500
1990-01,GEYLANG,3 ROOM,44,CIRCUIT RD,52,STANDARD,1971,83,14000,180000,68333,5671600
1990-02,GEYLANG,3 ROOM,45,CIRCUIT RD,61,STANDARD,1971,72,13500,153000,75620,5444650
1990-01,GEYLANG,3 ROOM,46,CIRCUIT RD,52,STANDARD,1971,73,13500,141000,73546,5368856
1990-01,GEYLANG,3 ROOM,47,CIRCUIT RD,56,STANDARD,1969,44,17000,160000,84734,3728300
1990-01,GEYLANG,3 ROOM,48,CIRCUIT RD,60,STANDARD,1969,51,17000,175000,89186,4548500
1990-01,GEYLANG,3 ROOM,49,CIRCUIT RD,56,STANDARD,1969,66,18000,175000,99047,6537100
1990-07,GEYLANG,3 ROOM,50,CIRCUIT RD,56,STANDARD,1969,46,17000,160000,91239,4197000
1990-01,GEYLANG,3 ROOM,57,CIRCUIT RD,56,STANDARD,1969,48,17000,163000,85449,4101531
1990-01,GEYLANG,3 ROOM,58,CIRCUIT RD,56,STANDARD,1969,55,16700,163000,91757,5046650
1990-07,GEYLANG,3 ROOM,59,CIRCUIT RD,60,STANDARD,1969,57,19000,171000,86463,4928400
1990-07,GEYLANG,3 ROOM,60,CIRCUIT RD,56,STANDARD,1969,40,20000,170000,93265,3730600
1990-01,GEYLANG,3 ROOM,61,CIRCUIT RD,61,STANDARD,1969,44,20000,165000,87257,3839300
1990-01,GEYLANG,2 ROOM,62,CIRCUIT RD,45,STANDARD,1967,57,13500,170000,77486,4416700
1990-01,GEYLANG,2 ROOM,63,CIRCUIT RD,45,STANDARD,1967,52,13500,168000,74496,3873780
1990-03,GEYLANG,3 ROOM,64,CIRCUIT RD,59,STANDARD,1967,52,22500,170000,92913,4831500
1990-01,GEYLANG,3 ROOM,65,CIRCUIT RD,59,STANDARD,1967,35,20000,182000,88809,3108300
1990-03,GEYLANG,3 ROOM,66,CIRCUIT RD,56,STANDARD,1967,69,18000,165000,74369,5131450
1990-01,GEYLANG,3 ROOM,67,CIRCUIT RD,61,STANDARD,1969,56,18000,176000,98977,5542688
1990-02,GEYLANG,3 ROOM,69,CIRCUIT RD,56,STANDARD,1969,62,17000,164000,87895,5449476
1990-01,GEYLANG,3 ROOM,85,CIRCUIT RD,60,IMPROVED,1970,42,30000,186000,112357,4719000
1990-01,GEYLANG,3 ROOM,87,CIRCUIT RD,60,IMPROVED,1970,27,29000,175000,108393,2926600
1999-10,QUEENSTOWN,4 ROOM,129,CLARENCE LANE,105,MODEL A,1996,11,338000,440000,408482,4493300
1999-11,QUEENSTOWN,4 ROOM,130,CLARENCE LANE,104,MODEL A,1996,1,408000,408000,408000,408000
1999-12,QUEENSTOWN,5 ROOM,131,CLARENCE LANE,125,IMPROVED,1996,2,520000,545000,532500,1065000
1995-06,QUEENSTOWN,5 ROOM,132,CLARENCE LANE,121,IMPROVED,1996,6,393000,555000,504333,3026000
1999-07,QUEENSTOWN,5 ROOM,133,CLARENCE LANE,133,MODEL A,1996,7,468000,570000,521214,3648500
1990-01,CLEMENTI,3 ROOM,401,CLEMENTI AVE 1,67,NEW GENERATION,1978,139,34000,310000,130004,18070500
1990-02,CLEMENTI,3 ROOM,402,CLEMENTI AVE 1,67,NEW GENERATION,1978,124,37000,375000,141917,17597688
1990-02,CLEMENTI,3 ROOM,403,CLEMENTI AVE 1,82,NEW GENERATION,1978,154,38000,323000,139545,21489988
1990-02,CLEMENTI,3 ROOM,407,CLEMENTI AVE 1,67,NEW GENERATION,1978,76,36250,320000,147090,11178850
1990-02,CLEMENTI,3 ROOM,409,CLEMENTI AVE 1,67,NEW GENERATION,1978,91,35000,345000,160120,14570888
1990-09,CLEMENTI,3 ROOM,328,CLEMENTI AVE 2,67,NEW GENERATION,1978,21,47000,285000,153429,3222000
1990-01,CLEMENTI,3 ROOM,329,CLEMENTI AVE 2,67,NEW GENERATION,1978,115,36000,310000,148479,17075099
1990-02,CLEMENTI,3 ROOM,330,CLEMENTI AVE 2,82,NEW GENERATION,1978,79,40000,355000,165959,13110800
1990-03,CLEMENTI,3 ROOM,331,CLEMENTI AVE 2,82,NEW GENERATION,1978,72,44500,334000,166246,11969700
1990-07,CLEMENTI,4 ROOM,332,CLEMENTI AVE 2,92,NEW GENERATION,1978,53,71000,380000,248343,13162200
1990-02,CLEMENTI,4 ROOM,333,CLEMENTI AVE 2,92,NEW GENERATION,1978,44,70000,370000,250082,11003600
1990-01,CLEMENTI,3 ROOM,334,CLEMENTI AVE 2,67,NEW GENERATION,1978,85,40000,355000,156682,13318000
1990-08,CLEMENTI,3 ROOM,335,CLEMENTI AVE 2,67,NEW GENERATION,1978,83,36000,288000,155100,12873340
1990-01,CLEMENTI,5 ROOM,336,CLEMENTI AVE 2,119,IMPROVED,1978,54,110000,508000,345374,18650188
1990-01,CLEMENTI,5 ROOM,337,CLEMENTI AVE 2,119,IMPROVED,1978,66,105000,560000,343685,22683179
1990-03,CLEMENTI,5 ROOM,338,CLEMENTI AVE 2,119,IMPROVED,1978,50,128000,552000,383680,19184000
1990-10,CLEMENTI,4 ROOM,349,CLEMENTI AVE 2,92,NEW GENERATION,1978,41,66000,340000,218054,8940200
1990-04,CLEMENTI,4 ROOM,350,CLEMENTI AVE 2,92,NEW GENERATION,1978,45,72000,353500,234213,10539600
1990-05,CLEMENTI,3 ROOM,351,CLEMENTI AVE 2,67,NEW GENERATION,1978,116,42000,350000,146612,17007000
1990-04,CLEMENTI,3 ROOM,352,CLEMENTI AVE 2,67,NEW GENERATION,1978,43,35500,355000,135444,5824100
1990-01,CLEMENTI,3 ROOM,354,CLEMENTI AVE 2,67,NEW GENERATION,1979,66,40000,352000,128232,8463300
1990-04,CLEMENTI,5 ROOM,355,CLEMENTI AVE 2,117,STANDARD,1978,49,120000,506000,347557,17030299
1990-08,CLEMENTI,5 ROOM,356,CLEMENTI AVE 2,117,STANDARD,1978,39,96000,540000,350631,13674600
1990-07,CLEMENTI,5 ROOM,357,CLEMENTI AVE 2,117,STANDARD,1978,46,130000,500000,321380,14783480
1991-04,CLEMENTI,4 ROOM,358,CLEMENTI AVE 2,92,NEW GENERATION,1978,31,70000,385000,263484,8168000
1990-02,CLEMENTI,4 ROOM,359,CLEMENTI AVE 2,92,NEW GENERATION,1978,31,74000,368000,237419,7360000
1990-02,CLEMENTI,3 ROOM,362,CLEMENTI AVE 2,67,NEW GENERATION,1978,73,40000,291500,151432,11054500
1990-01,CLEMENTI,3 ROOM,363,CLEMENTI AVE 2,67,NEW GENERATION,1978,81,37000,370000,158554,12842900
1990-04,CLEMENTI,3 ROOM,364,CLEMENTI AVE 2,67,NEW GENERATION,1978,95,43000,338000,152215,14460400
1990-01,CLEMENTI,3 ROOM,365,CLEMENTI AVE 2,81,NEW GENERATION,1978,80,34000,302000,146255,11700400
1990-02,CLEMENTI,3 ROOM,426,CLEMENTI AVE 3,67,NEW GENERATION,1978,86,37000,345000,159752,13738700
1990-01,CLEMENTI,3 ROOM,427,CLEMENTI AVE 3,81,NEW GENERATION,1978,76,33600,330000,157647,11981200
1990-04,CLEMENTI,3 ROOM,428,CLEMENTI AVE 3,67,NEW GENERATION,1978,75,44000,345000,155391,11654300
1990-02,CLEMENTI,3 ROOM,429,CLEMENTI AVE 3,82,NEW GENERATION,1978,92,40000,347000,154088,14176088
1990-07,CLEMENTI,3 ROOM,430,CLEMENTI AVE 3,82,NEW GENERATION,1979,84,37000,304000,148361,12462300
1990-01,CLEMENTI,3 ROOM,431,CLEMENTI AVE 3,82,NEW GENERATION,1979,34,39000,350000,160056,5441900
1990-02,CLEMENTI,3 ROOM,432,CLEMENTI AVE 3,67,NEW GENERATION,1978,59,43000,380000,178305,10520000
1990-01,CLEMENTI,3 ROOM,433,CLEMENTI AVE 3,81,NEW GENERATION,1978,65,37000,295000,141592,9203500
1990-06,CLEMENTI,3 ROOM,434,CLEMENTI AVE 3,67,NEW GENERATION,1978,76,40000,350000,169005,12844400
1990-01,CLEMENTI,3 ROOM,435,CLEMENTI AVE 3,81,NEW GENERATION,1978,73,34000,313000,146795,10716000
1990-01,CLEMENTI,3 ROOM,440,CLEMENTI AVE 3,69,IMPROVED,1983,70,27000,230000,97831,6848200
1999-12,CLEMENTI,3 ROOM,442,CLEMENTI AVE 3,82,NEW GENERATION,1980,1,210000,210000,210000,210000
1993-01,CLEMENTI,3 ROOM,443,CLEMENTI AVE 3,68,NEW GENERATION,1980,3,65000,176000,128000,384000
1990-09,CLEMENTI,3 ROOM,445,CLEMENTI AVE 3,68,NEW GENERATION,1980,38,35000,228000,146816,5579000
1999-12,CLEMENTI,3 ROOM,446,CLEMENTI AVE 3,68,NEW GENERATION,1980,1,168000,168000,168000,168000
1990-02,CLEMENTI,3 ROOM,449,CLEMENTI AVE 3,82,NEW GENERATION,1980,43,40000,281000,129665,5575600
1999-08,CLEMENTI,3 ROOM,450,CLEMENTI AVE 3,68,NEW GENERATION,1980,1,170000,170000,170000,170000
1990-01,CLEMENTI,4 ROOM,301,CLEMENTI AVE 4,92,NEW GENERATION,1979,82,67000,345000,232090,19031400
1990-02,CLEMENTI,4 ROOM,302,CLEMENTI AVE 4,92,NEW GENERATION,1979,70,71000,340000,217490,15224300
1990-01,CLEMENTI,3 ROOM,303,CLEMENTI AVE 4,67,NEW GENERATION,1979,109,39000,323800,139306,15184300
1990-03,CLEMENTI,3 ROOM,304,CLEMENTI AVE 4,67,NEW GENERATION,1979,111,33600,330000,140534,15599300
1990-01,CLEMENTI,3 ROOM,305,CLEMENTI AVE 4,67,NEW GENERATION,1979,146,35000,305000,129545,18913500
1990-01,CLEMENTI,3 ROOM,306,CLEMENTI AVE 4,67,NEW GENERATION,1979,121,36000,345000,142784,17276900
1990-01,CLEMENTI,3 ROOM,307,CLEMENTI AVE 4,67,NEW GENERATION,1979,89,34000,370000,145143,12917750
1990-02,CLEMENTI,4 ROOM,308,CLEMENTI AVE 4,92,NEW GENERATION,1980,78,34000,315000,137036,10688800
1990-01,CLEMENTI,3 ROOM,309,CLEMENTI AVE 4,67,NEW GENERATION,1980,126,34000,335000,137361,17307540
1990-01,CLEMENTI,3 ROOM,310,CLEMENTI AVE 4,67,NEW GENERATION,1980,109,40000,335000,145961,15909778
1990-01,CLEMENTI,4 ROOM,311,CLEMENTI AVE 4,91,NEW GENERATION,1978,102,38000,333000,147645,15059800
1990-01,CLEMENTI,3 ROOM,312,CLEMENTI AVE 4,67,NEW GENERATION,1978,91,34000,380000,157992,14377300
1990-01,CLEMENTI,3 ROOM,313,CLEMENTI AVE 4,67,NEW GENERATION,1978,82,40000,340000,155672,12765100
1990-01,CLEMENTI,3 ROOM,314,CLEMENTI AVE 4,81,NEW GENERATION,1978,72,34000,360000,154201,11102500
1990-01,CLEMENTI,4 ROOM,315,CLEMENTI AVE 4,92,NEW GENERATION,1979,42,63000,343000,226135,9497688
1990-04,CLEMENTI,4 ROOM,316,CLEMENTI AVE 4,91,NEW GENERATION,1979,43,72000,355000,223860,9626000
1990-03,CLEMENTI,4 ROOM,317,CLEMENTI AVE 4,91,NEW GENERATION,1979,38,72000,370000,223105,8478000
1990-04,CLEMENTI,4 ROOM,318,CLEMENTI AVE 4,91,NEW GENERATION,1979,46,71000,388000,243332,11193288
1990-03,CLEMENTI,3 ROOM,319,CLEMENTI AVE 4,67,NEW GENERATION,1979,62,38000,225000,124162,7698040
1990-01,CLEMENTI,3 ROOM,320,CLEMENTI AVE 4,67,NEW GENERATION,1979,114,40000,233000,141846,16170500
1990-01,CLEMENTI,4 ROOM,371,CLEMENTI AVE 4,93,NEW GENERATION,1981,93,45000,325000,154361,14355548
1992-04,CLEMENTI,5 ROOM,372,CLEMENTI AVE 4,121,IMPROVED,1987,33,145000,490000,349667,11539000
1990-04,CLEMENTI,4 ROOM,373,CLEMENTI AVE 4,91,NEW GENERATION,1981,53,65000,360000,230528,12217980
1990-04,CLEMENTI,3 ROOM,374,CLEMENTI AVE 4,68,NEW GENERATION,1981,83,35000,320000,146904,12193000
1990-09,CLEMENTI,3 ROOM,375,CLEMENTI AVE 4,67,NEW GENERATION,1980,86,37000,320000,162186,13948000
1990-06,CLEMENTI,3 ROOM,376,CLEMENTI AVE 4,67,NEW GENERATION,1980,75,45000,323000,167316,12548700
1990-07,CLEMENTI,3 ROOM,321,CLEMENTI AVE 5,67,NEW GENERATION,1978,51,42000,360000,172564,8800788
1990-01,CLEMENTI,3 ROOM,322,CLEMENTI AVE 5,67,NEW GENERATION,1978,60,40000,370000,161288,9677300
1990-01,CLEMENTI,3 ROOM,323,CLEMENTI AVE 5,67,NEW GENERATION,1978,69,40000,335000,164023,11317600
1990-04,CLEMENTI,4 ROOM,324,CLEMENTI AVE 5,91,NEW GENERATION,1978,44,71000,385000,255114,11225000
1991-08,CLEMENTI,4 ROOM,325,CLEMENTI AVE 5,83,NEW GENERATION,1978,16,47000,318000,166156,2658500
1990-01,CLEMENTI,3 ROOM,326,CLEMENTI AVE 5,67,NEW GENERATION,1978,102,42000,365000,163952,16723100
1990-04,CLEMENTI,3 ROOM,327,CLEMENTI AVE 5,67,NEW GENERATION,1978,76,40000,350000,158905,12076800
1990-01,CLEMENTI,3 ROOM,339,CLEMENTI AVE 5,67,NEW GENERATION,1979,113,34000,302000,148522,16783000
1990-02,CLEMENTI,5 ROOM,340,CLEMENTI AVE 5,121,IMPROVED,1979,59,109000,500000,313483,18495500
1990-05,CLEMENTI,3 ROOM,341,CLEMENTI AVE 5,67,NEW GENERATION,1979,74,35000,323000,148315,10975288
1990-02,CLEMENTI,5 ROOM,342,CLEMENTI AVE 5,125,IMPROVED,1979,47,110000,490000,323649,15211500
1991-01,CLEMENTI,3 ROOM,343,CLEMENTI AVE 5,67,NEW GENERATION,1979,57,45000,345000,140009,7980500
1990-02,CLEMENTI,3 ROOM,345,CLEMENTI AVE 5,82,NEW GENERATION,1979,78,37000,350000,146924,11460100
1990-01,CLEMENTI,3 ROOM,346,CLEMENTI AVE 5,67,NEW GENERATION,1979,109,35000,330000,140917,15359988
1990-02,CLEMENTI,4 ROOM,347,CLEMENTI AVE 5,92,NEW GENERATION,1979,51,52000,345000,228839,11670800
1990-04,CLEMENTI,4 ROOM,348,CLEMENTI AVE 5,92,NEW GENERATION,1979,50,72000,345000,226860,11343000
1990-08,CLEMENTI,4 ROOM,377,CLEMENTI AVE 5,91,NEW GENERATION,1980,67,40000,280000,145530,9750500
1991-03,CLEMENTI,3 ROOM,378,CLEMENTI AVE 5,68,NEW GENERATION,1980,13,47000,340000,153446,1994800
1990-02,CLEMENTI,3 ROOM,379,CLEMENTI AVE 5,82,NEW GENERATION,1980,91,40000,315000,145126,13206488
1992-12,CLEMENTI,3 ROOM,380,CLEMENTI AVE 5,68,NEW GENERATION,1980,7,45000,265500,146643,1026500
1990-04,CLEMENTI,4 ROOM,381,CLEMENTI AVE 5,91,NEW GENERATION,1981,51,60000,347000,244569,12473000
1990-01,CLEMENTI,EXECUTIVE,201,CLEMENTI AVE 6,147,APARTMENT,1985,70,170000,650000,435610,30492700
1990-06,CLEMENTI,4 ROOM,202,CLEMENTI AVE 6,96,NEW GENERATION,1985,57,60000,375000,230814,13156400
1990-03,CLEMENTI,5 ROOM,203,CLEMENTI AVE 6,121,IMPROVED,1984,3,144500,390000,256500,769500
1990-01,CLEMENTI,5 ROOM,204,CLEMENTI AVE 6,127,IMPROVED,1984,28,78000,522000,323625,9061500
1990-01,CLEMENTI,4 ROOM,205,CLEMENTI AVE 6,92,NEW GENERATION,1984,25,70000,340000,214312,5357800
1990-02,CLEMENTI,EXECUTIVE,206,CLEMENTI AVE 6,148,MAISONETTE,1985,49,178000,655000,423394,20746300
1990-01,CLEMENTI,EXECUTIVE,110,CLEMENTI ST 13,146,MAISONETTE,1984,18,214000,680000,440574,7930333
1990-01,CLEMENTI,EXECUTIVE,111,CLEMENTI ST 13,147,MAISONETTE,1985,51,180000,690000,424918,21670800
1991-06,CLEMENTI,EXECUTIVE,112,CLEMENTI ST 13,154,MAISONETTE,1984,6,200000,665000,333500,2001000
1990-01,CLEMENTI,4 ROOM,113,CLEMENTI ST 13,104,MODEL A,1984,40,82000,391000,268402,10736100
1990-02,CLEMENTI,5 ROOM,114,CLEMENTI ST 13,142,MODEL A-MAISONETTE,1984,49,160000,626000,415367,20353000
1990-01,CLEMENTI,EXECUTIVE,115,CLEMENTI ST 13,163,MAISONETTE,1985,55,178780,690000,476896,26229280
1990-01,CLEMENTI,EXECUTIVE,116,CLEMENTI ST 13,151,MAISONETTE,1984,75,127700,650000,388056,29104218
1990-09,CLEMENTI,4 ROOM,117,CLEMENTI ST 13,104,MODEL A,1984,49,77000,418000,286455,14036300
1990-02,CLEMENTI,4 ROOM,118,CLEMENTI ST 13,104,MODEL A,1984,66,98000,383000,244726,16151900
1990-02,CLEMENTI,4 ROOM,101,CLEMENTI ST 14,98,NEW GENERATION,1984,54,86000,540000,338926,18302000
1990-04,CLEMENTI,EXECUTIVE,102,CLEMENTI ST 14,152,MAISONETTE,1984,6,127700,655000,361617,2169700
1990-01,CLEMENTI,5 ROOM,103,CLEMENTI ST 14,121,IMPROVED,1984,41,122000,565000,349744,14339500
1990-10,CLEMENTI,EXECUTIVE,104,CLEMENTI ST 14,152,MAISONETTE,1984,14,179000,615000,451100,6315400
1991-07,CLEMENTI,4 ROOM,601,CLEMENTI WEST ST 1,92,NEW GENERATION,1979,27,72000,345000,247778,6690000
1990-01,CLEMENTI,3 ROOM,602,CLEMENTI WEST ST 1,67,NEW GENERATION,1979,102,35000,265000,148604,15157600
1990-02,CLEMENTI,3 ROOM,603,CLEMENTI WEST ST 1,67,NEW GENERATION,1979,20,37000,240000,132200,2644000
1990-03,CLEMENTI,5 ROOM,604,CLEMENTI WEST ST 1,119,IMPROVED,1979,43,110000,488000,331647,14260800
1990-08,CLEMENTI,5 ROOM,605,CLEMENTI WEST ST 1,119,IMPROVED,1979,52,120000,493000,327721,17041488
1990-10,CLEMENTI,5 ROOM,606,CLEMENTI WEST ST 1,119,IMPROVED,1979,48,100000,545000,346694,16641300
1990-01,CLEMENTI,3 ROOM,607,CLEMENTI WEST ST 1,67,NEW GENERATION,1979,91,35000,340000,138305,12585800
1990-01,CLEMENTI,3 ROOM,608,CLEMENTI WEST ST 1,67,NEW GENERATION,1979,91,40000,352000,136444,12416400
1990-01,CLEMENTI,4 ROOM,609,CLEMENTI WEST ST 1,92,NEW GENERATION,1979,39,71800,362000,248166,9678488
1990-01,CLEMENTI,4 ROOM,610,CLEMENTI WEST ST 1,105,MODEL A,1983,68,57000,375000,184300,12532420
1990-02,CLEMENTI,3 ROOM,611,CLEMENTI WEST ST 1,74,MODEL A,1983,101,50000,363000,178888,18067700
1990-04,CLEMENTI,3 ROOM,612,CLEMENTI WEST ST 1,74,MODEL A,1983,83,47500,382000,184653,15326200
1990-07,CLEMENTI,5 ROOM,613,CLEMENTI WEST ST 1,139,MODEL A,1984,57,102000,580000,337030,19210688
1990-01,CLEMENTI,3 ROOM,705,CLEMENTI WEST ST 2,67,NEW GENERATION,1980,51,47000,363000,156314,7972000
1990-01,CLEMENTI,3 ROOM,706,CLEMENTI WEST ST 2,68,NEW GENERATION,1980,121,35000,320000,132279,16005800
1990-01,CLEMENTI,4 ROOM,707,CLEMENTI WEST ST 2,91,NEW GENERATION,1980,70,60000,342000,217377,15216388
1990-03,CLEMENTI,4 ROOM,708,CLEMENTI WEST ST 2,91,NEW GENERATION,1980,51,70000,336500,222875,11366600
1990-02,CLEMENTI,4 ROOM,709,CLEMENTI WEST ST 2,91,NEW GENERATION,1980,59,60000,348000,204881,12088000
1990-01,CLEMENTI,3 ROOM,710,CLEMENTI WEST ST 2,68,NEW GENERATION,1984,75,37400,295000,132490,9936760
1990-01,CLEMENTI,3 ROOM,711,CLEMENTI WEST ST 2,82,NEW GENERATION,1980,97,38000,333000,138535,13437900
1990-08,CLEMENTI,4 ROOM,712,CLEMENTI WEST ST 2,91,NEW GENERATION,1980,72,55000,350000,220379,15867300
1990-01,CLEMENTI,3 ROOM,713,CLEMENTI WEST ST 2,67,NEW GENERATION,1985,46,38000,260000,126350,5812100
1990-03,CLEMENTI,3 ROOM,714,CLEMENTI WEST ST 2,67,NEW GENERATION,1980,128,40000,330000,133183,17047400
1990-03,CLEMENTI,4 ROOM,715,CLEMENTI WEST ST 2,91,NEW GENERATION,1981,109,35000,345000,152349,16606000
1990-02,CLEMENTI,4 ROOM,716,CLEMENTI WEST ST 2,91,NEW GENERATION,1981,103,55000,360000,204226,21035300
1990-01,CLEMENTI,5 ROOM,717,CLEMENTI WEST ST 2,118,IMPROVED,1981,52,78300,520000,306825,15954900
1990-01,CLEMENTI,5 ROOM,723,CLEMENTI WEST ST 2,118,IMPROVED,1981,47,110000,526000,349421,16422800
1990-01,CLEMENTI,5 ROOM,724,CLEMENTI WEST ST 2,118,IMPROVED,1981,42,109600,547500,324676,13636400
1990-01,CLEMENTI,3 ROOM,728,CLEMENTI WEST ST 2,68,NEW GENERATION,1980,116,35000,340000,137891,15995388
1990-01,CLEMENTI,4 ROOM,729,CLEMENTI WEST ST 2,93,NEW GENERATION,1983,81,40000,330000,150174,12164100
1990-03,CLEMENTI,4 ROOM,730,CLEMENTI WEST ST 2,93,NEW GENERATION,1980,56,35000,342500,151696,8495000
1990-01,CLEMENTI,3 ROOM,731,CLEMENTI WEST ST 2,68,NEW GENERATION,1980,72,40000,338000,143882,10359500
1990-01,KALLANG/WHAMPOA,5 ROOM,461,CRAWFORD LANE,122,STANDARD,1981,30,153860,550000,366195,10985860
1990-03,KALLANG/WHAMPOA,3 ROOM,462,CRAWFORD LANE,60,IMPROVED,1981,49,40000,230000,142520,6983500
1990-03,KALLANG/WHAMPOA,3 ROOM,463,CRAWFORD LANE,60,IMPROVED,1982,28,55000,236000,146768,4109500
1990-06,KALLANG/WHAMPOA,4 ROOM,466,CRAWFORD LANE,82,IMPROVED,1982,31,88400,350000,230758,7153500
1990-01,GEYLANG,3 ROOM,58,DAKOTA CRES,74,MODEL A,1984,53,59500,393000,210134,11137100
1990-01,GEYLANG,5 ROOM,60,DAKOTA CRES,140,MODEL A-MAISONETTE,1983,88,120000,640000,392608,34549500
1990-01,GEYLANG,5 ROOM,62,DAKOTA CRES,139,MODEL A-MAISONETTE,1984,48,113800,585000,358056,17186700
1991-08,GEYLANG,3 ROOM,68,DAKOTA CRES,68,NEW GENERATION,1980,31,55000,320000,168113,5211500
1990-10,BUKIT MERAH,5 ROOM,1,DELTA AVE,119,IMPROVED,1983,27,160000,630000,388407,10487000
1990-10,BUKIT MERAH,5 ROOM,2,DELTA AVE,122,IMPROVED,1985,34,160000,555000,382473,13004088
1990-07,BUKIT MERAH,4 ROOM,3,DELTA AVE,92,NEW GENERATION,1985,42,103880,425000,278804,11709768
1990-08,BUKIT MERAH,4 ROOM,4,DELTA AVE,92,NEW GENERATION,1985,41,100000,440000,277580,11380800
1991-02,BUKIT MERAH,4 ROOM,5,DELTA AVE,91,NEW GENERATION,1985,53,100000,420000,269434,14280000
1990-01,BUKIT MERAH,3 ROOM,103,DEPOT RD,61,IMPROVED,1983,86,36500,245000,129579,11143800
1990-02,BUKIT MERAH,3 ROOM,105,DEPOT RD,59,IMPROVED,1976,58,40000,205000,122859,7125840
1990-02,BUKIT MERAH,3 ROOM,107,DEPOT RD,59,IMPROVED,1976,63,35000,208000,110019,6931200
1990-01,BUKIT MERAH,3 ROOM,110,DEPOT RD,59,IMPROVED,1976,85,37000,235000,137365,11676000
1990-10,BUKIT MERAH,5 ROOM,113,DEPOT RD,114,STANDARD,1976,34,125000,505000,342656,11650300
1990-03,BUKIT MERAH,5 ROOM,114,DEPOT RD,117,STANDARD,1976,59,100000,535000,333056,19650300
1990-02,KALLANG/WHAMPOA,5 ROOM,48,DORSET RD,117,STANDARD,1976,29,105000,480000,278107,8065100
1990-09,KALLANG/WHAMPOA,5 ROOM,48A,DORSET RD,114,STANDARD,1976,35,125000,600000,346776,12137160
1990-01,KALLANG/WHAMPOA,3 ROOM,49,DORSET RD,68,NEW GENERATION,1979,52,44000,235000,136760,7111500
1990-03,KALLANG/WHAMPOA,3 ROOM,50,DORSET RD,68,NEW GENERATION,1979,65,54000,315000,157332,10226600
1990-01,QUEENSTOWN,5 ROOM,12,DOVER CL EAST,117,STANDARD,1978,72,110000,565000,352319,25367000
1990-01,QUEENSTOWN,5 ROOM,13,DOVER CL EAST,117,STANDARD,1978,66,125000,585000,379263,25031388
1990-01,QUEENSTOWN,5 ROOM,14,DOVER CL EAST,117,STANDARD,1978,60,109600,540000,353585,21215100
1990-02,QUEENSTOWN,3 ROOM,20,DOVER CRES,65,IMPROVED,1978,64,30000,195000,112079,7173050
1990-01,QUEENSTOWN,3 ROOM,21,DOVER CRES,65,IMPROVED,1976,78,33000,223000,112356,8763800
1997-07,QUEENSTOWN,5 ROOM,22,DOVER CRES,133,MODEL A,1993,18,395000,620000,490444,8828000
1990-01,QUEENSTOWN,4 ROOM,23,DOVER CRES,88,IMPROVED,1976,45,65000,320000,212929,9581800
1990-01,QUEENSTOWN,3 ROOM,24,DOVER CRES,59,IMPROVED,1984,71,30000,230000,113363,8048800
1990-02,QUEENSTOWN,5 ROOM,26,DOVER CRES,123,STANDARD,1978,58,100000,560000,333602,19348900
1990-07,QUEENSTOWN,5 ROOM,27,DOVER CRES,123,STANDARD,1976,39,110000,542000,347823,13565100
1990-06,QUEENSTOWN,3 ROOM,5,DOVER CRES,82,NEW GENERATION,1979,66,45000,340000,145298,9589700
1990-02,QUEENSTOWN,3 ROOM,1,DOVER RD,65,IMPROVED,1975,59,30000,200000,102737,6061500
1990-01,QUEENSTOWN,3 ROOM,2,DOVER RD,67,IMPROVED,1975,61,28600,205000,111782,6818700
1990-01,QUEENSTOWN,3 ROOM,3,DOVER RD,65,IMPROVED,1975,61,35000,225000,107360,6548988
1990-05,QUEENSTOWN,4 ROOM,31,DOVER RD,83,NEW GENERATION,1978,59,40000,315000,151720,8951500
1990-04,QUEENSTOWN,3 ROOM,35,DOVER RD,67,NEW GENERATION,1978,45,45000,320000,143240,6445800
1990-01,QUEENSTOWN,4 ROOM,36,DOVER RD,91,NEW GENERATION,1978,33,80000,380000,230409,7603500
1990-06,QUEENSTOWN,3 ROOM,38,DOVER RD,67,NEW GENERATION,1978,62,40000,325000,145301,9008680
1990-11,BEDOK,2 ROOM,1,EAST COAST RD,42,STANDARD,1970,20,13500,125000,50235,1004700
1991-01,BEDOK,2 ROOM,2,EAST COAST RD,43,STANDARD,1970,24,15000,133000,64854,1556500
1990-12,BEDOK,2 ROOM,3,EAST COAST RD,43,STANDARD,1970,16,14000,145000,63088,1009400
1994-11,PASIR RIS,EXECUTIVE,601,ELIAS RD,154,APARTMENT,1995,24,345000,615000,486537,11676888
1999-03,PASIR RIS,EXECUTIVE,602,ELIAS RD,154,APARTMENT,1995,17,420000,580000,497176,8452000
1998-12,PASIR RIS,EXECUTIVE,603,ELIAS RD,150,MAISONETTE,1995,22,425000,570000,493836,10864388
1996-01,PASIR RIS,EXECUTIVE,604,ELIAS RD,154,APARTMENT,1995,17,412500,600000,478588,8136000
1995-12,PASIR RIS,EXECUTIVE,605,ELIAS RD,150,APARTMENT,1995,27,430000,535000,474093,12800500
1999-02,PASIR RIS,EXECUTIVE,606,ELIAS RD,149,APARTMENT,1995,22,410000,520000,474218,10432800
1999-05,PASIR RIS,EXECUTIVE,607,ELIAS RD,149,APARTMENT,1995,14,440000,550000,477429,6684000
1999-05,PASIR RIS,EXECUTIVE,608,ELIAS RD,149,APARTMENT,1995,19,430000,525000,485789,9230000
1999-02,PASIR RIS,EXECUTIVE,609,ELIAS RD,149,APARTMENT,1995,20,417000,543000,477200,9544000
1999-08,PASIR RIS,4 ROOM,610,ELIAS RD,111,MODEL A,1995,19,282000,438000,380658,7232500
1994-12,PASIR RIS,5 ROOM,611,ELIAS RD,128,IMPROVED,1995,19,282000,425000,380779,7234800
1999-07,PASIR RIS,5 ROOM,612,ELIAS RD,129,IMPROVED,1995,21,255000,430000,358943,7537800
1999-09,PASIR RIS,4 ROOM,613,ELIAS RD,111,MODEL A,1996,18,258000,458000,391033,7038600
1999-11,PASIR RIS,5 ROOM,614,ELIAS RD,134,MODEL A,1996,2,320000,388000,354000,708000
1999-10,PASIR RIS,4 ROOM,615,ELIAS RD,110,MODEL A,1996,14,288000,455000,378271,5295800
1990-01,BUKIT TIMAH,3 ROOM,8,EMPRESS RD,65,IMPROVED,1976,64,35000,220000,113952,7292940
1990-02,GEYLANG,4 ROOM,10,EUNOS CRES,91,NEW GENERATION,1978,69,80000,360000,234524,16182168
1991-08,GEYLANG,4 ROOM,11,EUNOS CRES,91,NEW GENERATION,1977,38,82000,360000,250079,9503000
1990-01,GEYLANG,5 ROOM,13,EUNOS CRES,117,STANDARD,1977,43,100000,455000,296430,12746500
1990-03,GEYLANG,5 ROOM,14,EUNOS CRES,117,STANDARD,1977,52,109900,450000,289031,15029600
1990-06,GEYLANG,5 ROOM,15,EUNOS CRES,117,STANDARD,1977,40,70000,470000,291400,11656000
1990-01,GEYLANG,3 ROOM,16,EUNOS CRES,59,IMPROVED,1977,59,30000,228800,121959,7195608
1990-09,GEYLANG,3 ROOM,17,EUNOS CRES,59,IMPROVED,1977,69,29000,238000,121449,8379950
1990-01,GEYLANG,3 ROOM,18,EUNOS CRES,59,IMPROVED,1977,68,38000,235000,119518,8127200
1990-01,GEYLANG,3 ROOM,19,EUNOS CRES,65,IMPROVED,1977,62,35000,195000,119892,7433300
1990-01,GEYLANG,3 ROOM,20,EUNOS CRES,66,IMPROVED,1982,88,30000,208000,105249,9261900
1990-01,GEYLANG,3 ROOM,21,EUNOS CRES,66,IMPROVED,1982,79,35000,210000,110350,8717638
1990-04,GEYLANG,5 ROOM,22,EUNOS CRES,123,STANDARD,1977,61,80000,480000,242802,14810940
1990-03,GEYLANG,5 ROOM,23,EUNOS CRES,117,STANDARD,1977,48,81000,445000,247302,11870500
1990-01,GEYLANG,3 ROOM,24,EUNOS CRES,59,IMPROVED,1977,87,29000,212000,108836,9468757
1990-12,GEYLANG,3 ROOM,25,EUNOS CRES,59,IMPROVED,1977,63,30000,225000,119331,7517850
1990-01,GEYLANG,4 ROOM,9,EUNOS CRES,91,NEW GENERATION,1978,84,64000,370000,223982,18814500
1995-03,GEYLANG,3 ROOM,410,EUNOS RD 5,80,MODEL A,1984,6,100000,241000,189833,1139000
1990-01,GEYLANG,5 ROOM,411,EUNOS RD 5,142,MODEL A-MAISONETTE,1984,56,100000,595000,346369,19396688
1996-03,GEYLANG,4 ROOM,412,EUNOS RD 5,104,MODEL A,1992,18,300000,560000,446083,8029500
1996-03,GEYLANG,5 ROOM,413,EUNOS RD 5,142,IMPROVED,1992,29,298000,575000,428690,12432000
1990-04,GEYLANG,3 ROOM,414,EUNOS RD 5,75,MODEL A,1984,20,58500,240000,150575,3011500
1990-07,GEYLANG,5 ROOM,415,EUNOS RD 5,142,MODEL A-MAISONETTE,1984,40,120000,568000,315400,12616000
1991-02,GEYLANG,3 ROOM,416,EUNOS RD 5,80,MODEL A,1984,15,60000,265000,179167,2687500
1990-01,GEYLANG,5 ROOM,417,EUNOS RD 5,142,MODEL A-MAISONETTE,1984,45,130000,584000,354411,15948500
1990-11,BUKIT MERAH,3 ROOM,1,EVERTON PK,82,NEW GENERATION,1980,35,60000,490000,204957,7173500
1991-02,BUKIT MERAH,5 ROOM,2,EVERTON PK,127,IMPROVED,1980,26,58000,500000,215308,5598000
1990-01,BUKIT MERAH,3 ROOM,3,EVERTON PK,72,NEW GENERATION,1980,30,57000,475000,209200,6276000
1990-01,BUKIT MERAH,5 ROOM,4,EVERTON PK,133,IMPROVED,1980,47,56000,418000,192168,9031900
1990-03,BUKIT MERAH,5 ROOM,5,EVERTON PK,138,IMPROVED,1980,34,65000,543000,221683,7537230
1990-02,BUKIT MERAH,3 ROOM,6,EVERTON PK,72,NEW GENERATION,1980,30,70000,468000,225093,6752800
1990-01,BUKIT MERAH,3 ROOM,7,EVERTON PK,84,NEW GENERATION,1980,32,70000,258000,162766,5208500
1993-08,BUKIT PANJANG,5 ROOM,401,FAJAR RD,122,IMPROVED,1988,34,170000,385000,275456,9365500
1993-10,BUKIT PANJANG,4 ROOM,402,FAJAR RD,103,MODEL A,1988,28,170000,393000,255267,7147488
1993-09,BUKIT PANJANG,4 ROOM,403,FAJAR RD,104,MODEL A,1988,46,113000,285000,191735,8819800
1993-09,BUKIT PANJANG,5 ROOM,404,FAJAR RD,121,IMPROVED,1988,39,165000,380000,255387,9960100
1995-08,BUKIT PANJANG,5 ROOM,405,FAJAR RD,122,IMPROVED,1988,2,310000,316000,313000,626000
1994-03,BUKIT PANJANG,4 ROOM,406,FAJAR RD,104,MODEL A,1989,34,160000,435000,286118,9728000
1993-04,BUKIT PANJANG,4 ROOM,407,FAJAR RD,104,MODEL A,1989,46,78000,298000,195311,8984300
1993-08,BUKIT PANJANG,EXECUTIVE,408,FAJAR RD,142,APARTMENT,1989,38,280000,590000,417621,15869600
1993-11,BUKIT PANJANG,5 ROOM,417,FAJAR RD,128,IMPROVED,1989,20,175000,337000,249225,4984500
1993-11,BUKIT PANJANG,5 ROOM,418,FAJAR RD,123,IMPROVED,1989,34,173000,473000,294200,10002800
1993-11,BUKIT PANJANG,5 ROOM,419,FAJAR RD,128,IMPROVED,1989,51,152000,410000,271196,13831000
1994-05,BUKIT PANJANG,4 ROOM,420,FAJAR RD,104,MODEL A,1989,19,180000,410000,272632,5180000
1993-11,BUKIT PANJANG,5 ROOM,421,FAJAR RD,128,IMPROVED,1989,19,160000,450000,255105,4847000
1993-01,BUKIT PANJANG,EXECUTIVE,422,FAJAR RD,146,MAISONETTE,1988,42,216000,580000,422962,17764398
1993-12,BUKIT PANJANG,5 ROOM,423,FAJAR RD,122,IMPROVED,1989,23,270000,445000,324334,7459688
1992-12,BUKIT PANJANG,4 ROOM,424,FAJAR RD,103,MODEL A,1989,7,140000,371000,257329,1801300
1994-05,BUKIT PANJANG,5 ROOM,425,FAJAR RD,122,IMPROVED,1989,24,265000,470000,337920,8110080
1994-03,BUKIT PANJANG,EXECUTIVE,426,FAJAR RD,145,MAISONETTE,1989,8,310000,465000,390250,3122000
1995-01,BUKIT PANJANG,4 ROOM,436,FAJAR RD,104,MODEL A,1989,47,161000,420000,256840,12071500
1994-11,BUKIT PANJANG,4 ROOM,438,FAJAR RD,104,MODEL A,1989,33,170000,400000,256139,8452600
1992-05,BUKIT PANJANG,4 ROOM,439,FAJAR RD,104,MODEL A,1989,35,80000,385000,270129,9454500
1995-02,BUKIT PANJANG,5 ROOM,441,FAJAR RD,121,IMPROVED,1989,29,185000,420000,281597,8166300
1996-04,BUKIT PANJANG,EXECUTIVE,453,FAJAR RD,142,APARTMENT,1997,1,530000,530000,530000,530000
1990-04,BUKIT TIMAH,5 ROOM,5,FARRER RD,125,STANDARD,1974,38,120000,575000,334992,12729700
1990-01,BUKIT TIMAH,4 ROOM,6,FARRER RD,91,IMPROVED,1974,33,54000,340000,205858,6793300
1990-01,KALLANG/WHAMPOA,3 ROOM,801,FRENCH RD,59,IMPROVED,1979,30,43000,205000,116433,3493000
1993-11,KALLANG/WHAMPOA,3 ROOM,802,FRENCH RD,59,IMPROVED,1979,8,100500,195000,142938,1143500
1991-02,BUKIT PANJANG,EXECUTIVE,101,GANGSA RD,151,APARTMENT,1987,35,115000,525000,359986,12599500
1991-09,BUKIT PANJANG,4 ROOM,102,GANGSA RD,103,MODEL A,1988,44,60000,278000,159352,7011488
1993-02,BUKIT PANJANG,3 ROOM,103,GANGSA RD,64,SIMPLIFIED,1988,14,50000,190000,111786,1565000
1991-07,BUKIT PANJANG,4 ROOM,104,GANGSA RD,103,MODEL A,1988,42,60000,295000,171060,7184500
1992-05,BUKIT PANJANG,3 ROOM,105,GANGSA RD,64,SIMPLIFIED,1987,18,41000,177000,132656,2387800
1993-03,BUKIT PANJANG,4 ROOM,106,GANGSA RD,103,MODEL A,1988,46,73000,290000,166963,7680300
1992-01,BUKIT PANJANG,EXECUTIVE,107,GANGSA RD,151,APARTMENT,1987,31,159600,539000,384352,11914900
1992-03,BUKIT PANJANG,4 ROOM,108,GANGSA RD,103,MODEL A,1986,43,53000,298000,167065,7183800
1995-01,BUKIT PANJANG,4 ROOM,109,GANGSA RD,84,SIMPLIFIED,1988,11,103000,173500,139136,1530500
1991-11,BUKIT PANJANG,5 ROOM,110,GANGSA RD,121,IMPROVED,1987,38,108000,415000,261613,9941300
1992-05,BUKIT PANJANG,5 ROOM,111,GANGSA RD,132,IMPROVED,1987,28,108000,430000,255839,7163500
1993-06,BUKIT PANJANG,5 ROOM,146,GANGSA RD,122,IMPROVED,1988,23,165000,387000,266304,6125000
1993-07,BUKIT PANJANG,EXECUTIVE,147,GANGSA RD,142,APARTMENT,1988,29,304000,605000,420966,12208000
1994-01,BUKIT PANJANG,3 ROOM,148,GANGSA RD,73,MODEL A,1988,48,85000,295000,168344,8080500
1990-01,KALLANG/WHAMPOA,5 ROOM,53,GEYLANG BAHRU,117,STANDARD,1974,52,90000,510000,289075,15031900
1990-01,KALLANG/WHAMPOA,5 ROOM,54,GEYLANG BAHRU,117,STANDARD,1974,39,125000,475000,327456,12770800
1990-07,KALLANG/WHAMPOA,5 ROOM,55,GEYLANG BAHRU,117,STANDARD,1974,42,125000,425000,304031,12769300
1990-01,KALLANG/WHAMPOA,5 ROOM,56,GEYLANG BAHRU,114,STANDARD,1974,54,125000,465000,303111,16368000
1990-03,KALLANG/WHAMPOA,3 ROOM,57,GEYLANG BAHRU,65,IMPROVED,1974,141,33000,210000,109837,15487060
1990-01,KALLANG/WHAMPOA,3 ROOM,68,GEYLANG BAHRU,65,IMPROVED,1974,149,33000,198000,109493,16314450
1990-03,KALLANG/WHAMPOA,3 ROOM,72,GEYLANG BAHRU,59,IMPROVED,1974,86,36000,210000,115272,9913400
1990-03,KALLANG/WHAMPOA,3 ROOM,73,GEYLANG BAHRU,59,IMPROVED,1974,63,33000,200000,117633,7410900
1990-04,KALLANG/WHAMPOA,3 ROOM,93,GEYLANG BAHRU,68,NEW GENERATION,1979,55,45000,315000,143876,7913200
1990-01,KALLANG/WHAMPOA,3 ROOM,94,GEYLANG BAHRU,68,NEW GENERATION,1979,55,46000,327000,143535,7894400
1990-01,KALLANG/WHAMPOA,3 ROOM,95,GEYLANG BAHRU,68,NEW GENERATION,1979,51,61000,349000,165412,8436000
1990-04,KALLANG/WHAMPOA,3 ROOM,96,GEYLANG BAHRU,82,NEW GENERATION,1979,51,48000,318000,154849,7897288
1990-09,KALLANG/WHAMPOA,3 ROOM,97,GEYLANG BAHRU,68,NEW GENERATION,1979,52,57000,332000,156448,8135288
1990-04,GEYLANG,3 ROOM,124,GEYLANG EAST AVE 1,74,MODEL A,1983,94,62000,585000,284666,26758588
1990-05,GEYLANG,5 ROOM,125,GEYLANG EAST AVE 1,132,MODEL A,1984,63,71000,530000,283973,17890300
1990-03,GEYLANG,4 ROOM,126,GEYLANG EAST AVE 1,120,MODEL A,1983,33,81000,435000,241424,7967000
1990-01,GEYLANG,4 ROOM,127,GEYLANG EAST AVE 1,104,MODEL A,1983,22,97000,317000,219250,4823500
1990-01,GEYLANG,3 ROOM,128,GEYLANG EAST AVE 1,74,MODEL A,1983,86,60000,595000,298271,25651320
1991-03,GEYLANG,EXECUTIVE,130,GEYLANG EAST AVE 1,144,APARTMENT,1987,57,220000,668000,474175,27028000
1991-09,GEYLANG,EXECUTIVE,131,GEYLANG EAST AVE 1,146,MAISONETTE,1987,25,180000,562000,389228,9730700
1992-01,GEYLANG,EXECUTIVE,132,GEYLANG EAST AVE 1,144,APARTMENT,1987,58,180000,645000,466483,27056000
1991-09,GEYLANG,EXECUTIVE,133,GEYLANG EAST AVE 1,146,MAISONETTE,1987,40,232000,650000,452900,18116000
1992-11,GEYLANG,5 ROOM,134,GEYLANG EAST AVE 1,123,IMPROVED,1986,10,135000,428000,250100,2501000
1993-08,GEYLANG,4 ROOM,129,GEYLANG EAST AVE 2,84,SIMPLIFIED,1986,8,166600,470000,290138,2321100
1992-04,GEYLANG,4 ROOM,120,GEYLANG EAST CTRL,91,NEW GENERATION,1982,31,100000,360000,235371,7296500
1990-04,GEYLANG,4 ROOM,122,GEYLANG EAST CTRL,91,NEW GENERATION,1982,39,93000,384000,246359,9608000
1990-01,GEYLANG,5 ROOM,123,GEYLANG EAST CTRL,126,IMPROVED,1982,37,142000,515000,311378,11521000
1990-01,GEYLANG,2 ROOM,2,GEYLANG SERAI,41,STANDARD,1971,155,13500,230000,60993,9453850
1990-01,QUEENSTOWN,3 ROOM,1,GHIM MOH RD,65,IMPROVED,1976,91,30000,218000,117700,10710688
1990-03,QUEENSTOWN,3 ROOM,10,GHIM MOH RD,59,IMPROVED,1977,101,30000,228000,127106,12837688
1990-02,QUEENSTOWN,3 ROOM,11,GHIM MOH RD,59,IMPROVED,1977,83,31000,210000,116753,9690540
1990-03,QUEENSTOWN,5 ROOM,13,GHIM MOH RD,123,STANDARD,1977,42,100000,545000,389695,16367200
1990-08,QUEENSTOWN,5 ROOM,14,GHIM MOH RD,119,STANDARD,1977,39,109900,530000,367359,14327000
1990-04,QUEENSTOWN,4 ROOM,15,GHIM MOH RD,82,IMPROVED,1977,79,65000,352000,229248,18110600
1990-01,QUEENSTOWN,3 ROOM,19,GHIM MOH RD,65,IMPROVED,1977,71,32000,250000,116854,8296633
1990-01,QUEENSTOWN,3 ROOM,2,GHIM MOH RD,65,IMPROVED,1976,101,29000,255000,110054,11115500
1990-01,QUEENSTOWN,3 ROOM,21,GHIM MOH RD,65,IMPROVED,1977,80,30000,215000,115187,9214950
1990-01,QUEENSTOWN,3 ROOM,3,GHIM MOH RD,65,IMPROVED,1976,86,30000,208000,112685,9690940
1990-01,QUEENSTOWN,3 ROOM,4,GHIM MOH RD,65,IMPROVED,1976,99,28600,230000,113841,11270300
1990-01,QUEENSTOWN,3 ROOM,5,GHIM MOH RD,65,IMPROVED,1976,88,29000,196000,104109,9161588
1990-01,QUEENSTOWN,3 ROOM,6,GHIM MOH RD,65,IMPROVED,1976,94,28600,225000,112836,10606600
1990-01,QUEENSTOWN,5 ROOM,7,GHIM MOH RD,117,STANDARD,1977,52,110000,560000,383442,19939000
1990-06,QUEENSTOWN,5 ROOM,8,GHIM MOH RD,119,STANDARD,1977,45,109900,556000,372320,16754400
1990-02,KALLANG/WHAMPOA,3 ROOM,10,GLOUCESTER RD,67,NEW GENERATION,1976,82,50000,272500,146098,11980000
1990-03,KALLANG/WHAMPOA,4 ROOM,9,GLOUCESTER RD,91,NEW GENERATION,1976,48,73000,355000,223731,10739100
1990-03,GEYLANG,3 ROOM,1,HAIG RD,59,IMPROVED,1982,101,31000,220000,114779,11592700
1990-03,GEYLANG,3 ROOM,10,HAIG RD,65,IMPROVED,1976,42,36500,208000,126424,5309800
1990-09,GEYLANG,4 ROOM,11,HAIG RD,92,NEW GENERATION,1976,36,82000,388000,225036,8101300
1990-04,GEYLANG,4 ROOM,2,HAIG RD,92,NEW GENERATION,1976,40,80000,368000,224202,8968099
1992-06,GEYLANG,4 ROOM,21,HAIG RD,99,NEW GENERATION,1981,7,88000,220000,136571,956000
1990-01,GEYLANG,3 ROOM,22,HAIG RD,68,NEW GENERATION,1981,37,53000,305000,161554,5977500
1990-01,GEYLANG,5 ROOM,23,HAIG RD,118,IMPROVED,1981,34,100000,555000,334853,11385000
1991-08,GEYLANG,3 ROOM,3,HAIG RD,65,IMPROVED,1976,54,40000,222000,122533,6616800
1990-05,GEYLANG,3 ROOM,4,HAIG RD,65,IMPROVED,1976,54,33000,206000,123978,6694800
1990-02,GEYLANG,4 ROOM,5,HAIG RD,92,NEW GENERATION,1976,35,80000,355000,220957,7733500
1990-01,GEYLANG,5 ROOM,6,HAIG RD,118,IMPROVED,1976,37,125000,521000,373595,13823000
1990-05,GEYLANG,5 ROOM,7,HAIG RD,115,IMPROVED,1976,31,125000,495000,350968,10880000
1990-10,GEYLANG,4 ROOM,8,HAIG RD,92,NEW GENERATION,1976,40,82000,360000,244242,9769700
1990-09,GEYLANG,3 ROOM,9,HAIG RD,59,IMPROVED,1976,43,35000,220000,130209,5599000
1990-01,BUKIT MERAH,3 ROOM,22,HAVELOCK RD,64,STANDARD,1969,84,24000,215000,115954,9740100
1990-01,BUKIT MERAH,3 ROOM,29,HAVELOCK RD,53,STANDARD,1969,123,23000,210000,110272,13563488
1991-11,BUKIT MERAH,5 ROOM,94,HAVELOCK RD,118,IMPROVED,1983,41,180000,598000,413583,16956900
1990-04,BUKIT MERAH,5 ROOM,95,HAVELOCK RD,118,IMPROVED,1983,40,158000,549000,391245,15649800
1990-01,BUKIT MERAH,4 ROOM,101,HENDERSON CRES,74,STANDARD,1970,48,47000,285000,184130,8838250
1990-03,BUKIT MERAH,4 ROOM,102,HENDERSON CRES,80,STANDARD,1970,66,60000,323000,184948,12206588
1990-01,BUKIT MERAH,4 ROOM,103,HENDERSON CRES,74,STANDARD,1970,72,55000,312000,202928,14610800
1990-04,BUKIT MERAH,4 ROOM,104,HENDERSON CRES,74,STANDARD,1970,39,55000,300000,201911,7874520
1990-01,BUKIT MERAH,3 ROOM,105,HENDERSON CRES,65,IMPROVED,1975,73,37000,215000,115655,8442800
1990-02,BUKIT MERAH,4 ROOM,106,HENDERSON CRES,81,IMPROVED,1975,37,65000,316000,211811,7837000
1990-01,BUKIT MERAH,3 ROOM,96,HENDERSON RD,59,IMPROVED,1975,118,35000,211000,117963,13919600
1990-01,BUKIT BATOK,3 ROOM,2,HILLVIEW AVE,81,NEW GENERATION,1985,75,34000,200000,113065,8479900
1990-01,BUKIT BATOK,3 ROOM,4,HILLVIEW AVE,82,NEW GENERATION,1978,82,34000,215000,103726,8505500
1990-01,BUKIT BATOK,3 ROOM,6,HILLVIEW AVE,67,NEW GENERATION,1978,89,30000,248000,106884,9512700
1990-04,BUKIT BATOK,3 ROOM,7,HILLVIEW AVE,82,NEW GENERATION,1980,90,30500,245000,112263,10103700
1990-04,BUKIT BATOK,3 ROOM,8,HILLVIEW AVE,67,NEW GENERATION,1980,91,31000,250000,109953,10005680
1990-01,JURONG WEST,3 ROOM,111,HO CHING RD,68,IMPROVED,1970,51,22500,211500,85986,4385300
1990-04,JURONG WEST,3 ROOM,112,HO CHING RD,68,IMPROVED,1970,47,16800,215000,95336,4480800
1990-01,JURONG WEST,3 ROOM,114,HO CHING RD,67,IMPROVED,1971,107,23000,165000,93312,9984400
1990-01,JURONG WEST,3 ROOM,119,HO CHING RD,67,IMPROVED,1972,147,22500,152000,83256,12238589
1990-01,JURONG WEST,3 ROOM,120,HO CHING RD,67,IMPROVED,1972,133,22500,153000,84268,11207700
1990-07,QUEENSTOWN,4 ROOM,10,HOLLAND AVE,88,IMPROVED,1975,26,65000,345000,232615,6048000
1990-01,QUEENSTOWN,3 ROOM,12,HOLLAND AVE,65,IMPROVED,1975,152,30000,352000,149702,22754772
1990-01,QUEENSTOWN,3 ROOM,2,HOLLAND AVE,65,IMPROVED,1974,176,30000,380000,143766,25302888
1990-01,QUEENSTOWN,3 ROOM,8,HOLLAND AVE,59,IMPROVED,1974,196,29000,380000,142366,27903800
1990-01,QUEENSTOWN,3 ROOM,9,HOLLAND AVE,65,IMPROVED,1974,155,30000,358000,146883,22766850
1990-02,QUEENSTOWN,3 ROOM,31,HOLLAND CL,59,IMPROVED,1974,49,29000,220000,111649,5470800
1990-02,QUEENSTOWN,3 ROOM,32,HOLLAND CL,67,IMPROVED,1974,86,30000,224000,115831,9961500
1990-01,QUEENSTOWN,3 ROOM,4,HOLLAND CL,73,IMPROVED,1974,180,29000,370000,147003,26460452
1990-01,QUEENSTOWN,3 ROOM,6,HOLLAND CL,65,IMPROVED,1974,173,30000,340000,148055,25613500
1990-01,QUEENSTOWN,3 ROOM,11,HOLLAND DR,59,IMPROVED,1975,143,31000,380000,155448,22229088
1990-01,QUEENSTOWN,3 ROOM,13,HOLLAND DR,65,IMPROVED,1975,171,32000,375000,157099,26863941
1990-08,QUEENSTOWN,3 ROOM,15,HOLLAND DR,59,IMPROVED,1974,12,39000,195000,105417,1265000
1990-01,QUEENSTOWN,3 ROOM,16,HOLLAND DR,59,IMPROVED,1974,171,29000,216000,123274,21079888
1990-02,QUEENSTOWN,3 ROOM,17,HOLLAND DR,59,IMPROVED,1974,63,35000,235000,126998,8000900
1990-08,QUEENSTOWN,3 ROOM,19,HOLLAND DR,59,IMPROVED,1974,51,35000,315000,153033,7804688
1990-01,QUEENSTOWN,5 ROOM,20,HOLLAND DR,117,STANDARD,1975,44,110000,580000,377875,16626500
1990-06,QUEENSTOWN,5 ROOM,21,HOLLAND DR,117,STANDARD,1975,33,110000,580000,385818,12732000
1993-02,QUEENSTOWN,3 ROOM,40,HOLLAND DR,59,IMPROVED,1975,2,51000,204000,127500,255000
1990-02,QUEENSTOWN,3 ROOM,41,HOLLAND DR,59,IMPROVED,1975,5,40000,150000,74240,371200
1990-01,QUEENSTOWN,3 ROOM,42,HOLLAND DR,59,IMPROVED,1975,13,33000,225000,125923,1637000
1990-04,QUEENSTOWN,3 ROOM,43,HOLLAND DR,59,IMPROVED,1975,11,38000,156000,111273,1224000
1991-06,QUEENSTOWN,3 ROOM,45,HOLLAND DR,59,IMPROVED,1975,1,42000,42000,42000,42000
1990-03,QUEENSTOWN,3 ROOM,46,HOLLAND DR,59,IMPROVED,1975,11,39500,185000,101518,1116700
1994-03,QUEENSTOWN,3 ROOM,47,HOLLAND DR,59,IMPROVED,1975,4,88000,163000,136750,547000
1990-06,HOUGANG,4 ROOM,101,HOUGANG AVE 1,106,MODEL A,1984,29,90000,345000,238286,6910300
1990-06,HOUGANG,3 ROOM,102,HOUGANG AVE 1,77,MODEL A,1984,35,62000,320000,185229,6483000
1990-02,HOUGANG,5 ROOM,103,HOUGANG AVE 1,135,MODEL A,1983,29,98000,465000,262672,7617500
1997-10,HOUGANG,3 ROOM,104,HOUGANG AVE 1,90,MODEL A,1983,1,240000,240000,240000,240000
1990-01,HOUGANG,3 ROOM,109,HOUGANG AVE 1,70,NEW GENERATION,1983,72,37400,313000,139530,10046150
1990-01,HOUGANG,3 ROOM,110,HOUGANG AVE 1,67,NEW GENERATION,1982,61,47000,295000,134092,8179640
1990-02,HOUGANG,3 ROOM,111,HOUGANG AVE 1,67,NEW GENERATION,1983,20,38500,481000,285030,5700600
1990-07,HOUGANG,3 ROOM,112,HOUGANG AVE 1,67,NEW GENERATION,1981,62,34000,270000,142574,8839600
1990-01,HOUGANG,3 ROOM,113,HOUGANG AVE 1,66,NEW GENERATION,1982,76,33600,266000,130009,9880688
1990-01,HOUGANG,3 ROOM,114,HOUGANG AVE 1,66,NEW GENERATION,1982,89,40000,300000,147323,13111788
1990-01,HOUGANG,3 ROOM,115,HOUGANG AVE 1,82,NEW GENERATION,1981,58,37400,310000,139909,8114700
1990-02,HOUGANG,3 ROOM,116,HOUGANG AVE 1,67,NEW GENERATION,1981,62,44000,255000,135605,8407500
1993-11,HOUGANG,3 ROOM,117,HOUGANG AVE 1,80,NEW GENERATION,1982,7,85000,232000,139714,978000
1990-07,HOUGANG,3 ROOM,118,HOUGANG AVE 1,67,NEW GENERATION,1982,6,46500,209000,117417,704500
1990-10,HOUGANG,3 ROOM,119,HOUGANG AVE 1,67,NEW GENERATION,1981,48,36000,303000,145538,6985800
1990-10,HOUGANG,4 ROOM,120,HOUGANG AVE 1,93,NEW GENERATION,1983,18,80000,450000,287183,5169300
1991-03,HOUGANG,3 ROOM,121,HOUGANG AVE 1,68,NEW GENERATION,1982,14,47000,223000,115000,1610000
1990-09,HOUGANG,4 ROOM,122,HOUGANG AVE 1,95,NEW GENERATION,1983,28,56100,430000,222271,6223600
1990-02,HOUGANG,3 ROOM,123,HOUGANG AVE 1,82,NEW GENERATION,1981,73,33600,311800,140055,10224000
1990-01,HOUGANG,3 ROOM,124,HOUGANG AVE 1,67,NEW GENERATION,1981,73,37400,265000,130905,9556100
1990-01,HOUGANG,3 ROOM,125,HOUGANG AVE 1,67,NEW GENERATION,1981,77,40000,300000,128474,9892500
1990-03,HOUGANG,3 ROOM,126,HOUGANG AVE 1,70,NEW GENERATION,1983,64,40000,241000,125840,8053778
1993-03,HOUGANG,4 ROOM,127,HOUGANG AVE 1,93,NEW GENERATION,1982,8,85000,185000,136625,1093000
1990-06,HOUGANG,5 ROOM,230,HOUGANG AVE 1,142,MODEL A-MAISONETTE,1984,39,99000,465000,304023,11856888
1990-02,HOUGANG,4 ROOM,232,HOUGANG AVE 1,104,MODEL A,1984,38,83456,325000,218551,8304956
1990-01,HOUGANG,5 ROOM,234,HOUGANG AVE 1,142,MODEL A-MAISONETTE,1984,49,80000,523000,279763,13708400
1990-07,HOUGANG,4 ROOM,236,HOUGANG AVE 1,104,MODEL A,1984,18,98000,375000,230611,4151000
1990-07,HOUGANG,5 ROOM,238,HOUGANG AVE 1,138,MODEL A-MAISONETTE,1984,57,99700,535000,320140,18248000
1990-05,HOUGANG,3 ROOM,401,HOUGANG AVE 10,68,NEW GENERATION,1985,58,34000,292000,153455,8900400
1990-12,HOUGANG,4 ROOM,402,HOUGANG AVE 10,91,NEW GENERATION,1985,44,65000,306000,213895,9411400
1990-12,HOUGANG,3 ROOM,403,HOUGANG AVE 10,73,NEW GENERATION,1985,20,41000,258000,170804,3416080
1990-02,HOUGANG,3 ROOM,404,HOUGANG AVE 10,73,NEW GENERATION,1985,26,40000,300500,132592,3447400
1990-09,HOUGANG,4 ROOM,405,HOUGANG AVE 10,93,NEW GENERATION,1985,40,66000,310000,204210,8168400
1991-06,HOUGANG,4 ROOM,406,HOUGANG AVE 10,104,NEW GENERATION,1985,41,65000,318000,200051,8202100
1990-08,HOUGANG,EXECUTIVE,407,HOUGANG AVE 10,156,MAISONETTE,1986,79,140000,590000,362881,28667630
1990-07,HOUGANG,5 ROOM,408,HOUGANG AVE 10,121,IMPROVED,1986,73,67000,485000,284549,20772100
1990-12,HOUGANG,5 ROOM,409,HOUGANG AVE 10,121,IMPROVED,1985,49,70200,448000,290665,14242580
1990-01,HOUGANG,3 ROOM,410,HOUGANG AVE 10,67,NEW GENERATION,1985,22,47000,260000,153086,3367900
1991-01,HOUGANG,4 ROOM,411,HOUGANG AVE 10,91,NEW GENERATION,1986,61,67000,308000,210662,12850388
1990-05,HOUGANG,3 ROOM,412,HOUGANG AVE 10,76,NEW GENERATION,1985,23,38000,218000,133130,3062000
1990-08,HOUGANG,4 ROOM,413,HOUGANG AVE 10,93,NEW GENERATION,1986,57,53000,320000,201579,11490000
1990-03,HOUGANG,4 ROOM,414,HOUGANG AVE 10,93,NEW GENERATION,1986,57,60000,320000,204673,11666388
1990-06,HOUGANG,3 ROOM,415,HOUGANG AVE 10,71,NEW GENERATION,1985,62,43000,305000,142784,8852620
1990-03,HOUGANG,5 ROOM,416,HOUGANG AVE 10,126,IMPROVED,1985,56,108900,482000,296918,16627400
1994-04,HOUGANG,4 ROOM,420,HOUGANG AVE 10,113,MODEL A,1989,42,170000,468000,305321,12823500
1994-03,HOUGANG,4 ROOM,421,HOUGANG AVE 10,105,MODEL A,1989,29,170000,435000,304276,8824000
1995-07,HOUGANG,4 ROOM,447,HOUGANG AVE 10,113,MODEL A,1990,23,222000,425000,294786,6780088
1995-03,HOUGANG,4 ROOM,448,HOUGANG AVE 10,103,MODEL A,1990,38,218000,370000,279071,10604688
1996-01,HOUGANG,EXECUTIVE,449,HOUGANG AVE 10,148,MAISONETTE,1991,37,418000,645000,514473,19035500
1993-09,HOUGANG,5 ROOM,450,HOUGANG AVE 10,120,IMPROVED,1990,30,184000,410000,285403,8562100
1995-03,HOUGANG,4 ROOM,451,HOUGANG AVE 10,113,MODEL A,1990,38,210000,350000,278450,10581100
1995-12,HOUGANG,4 ROOM,452,HOUGANG AVE 10,103,MODEL A,1992,27,245000,395000,304604,8224300
1995-11,HOUGANG,4 ROOM,453,HOUGANG AVE 10,104,MODEL A,1992,22,240000,360000,293477,6456500
1995-11,HOUGANG,EXECUTIVE,454,HOUGANG AVE 10,146,MAISONETTE,1990,20,428000,635000,507100,10142000
1994-02,HOUGANG,EXECUTIVE,455,HOUGANG AVE 10,146,MAISONETTE,1992,33,330000,650000,510309,16840188
1995-01,HOUGANG,4 ROOM,456,HOUGANG AVE 10,105,MODEL A,1992,21,175000,442000,310540,6521330
1995-11,HOUGANG,4 ROOM,457,HOUGANG AVE 10,110,MODEL A,1992,21,248000,400000,311238,6536000
1995-11,HOUGANG,4 ROOM,458,HOUGANG AVE 10,107,MODEL A,1992,30,251000,368000,306333,9190000
1997-03,HOUGANG,5 ROOM,460,HOUGANG AVE 10,124,IMPROVED,1992,15,280000,470000,386193,5792888
1993-11,HOUGANG,5 ROOM,461,HOUGANG AVE 10,135,MODEL A,1992,20,298000,510000,432740,8654800
1997-01,HOUGANG,5 ROOM,462,HOUGANG AVE 10,126,IMPROVED,1992,21,281000,518000,410324,8616800
1996-12,HOUGANG,4 ROOM,463,HOUGANG AVE 10,106,MODEL A,1992,20,259000,505000,350150,7003000
1991-07,HOUGANG,EXECUTIVE,508,HOUGANG AVE 10,153,MAISONETTE,1987,68,160000,620000,400828,27256300
1991-01,HOUGANG,4 ROOM,509,HOUGANG AVE 10,103,MODEL A,1986,31,55000,320000,190881,5917300
1991-01,HOUGANG,4 ROOM,510,HOUGANG AVE 10,104,MODEL A,1986,19,64000,315000,185132,3517500
1991-02,HOUGANG,4 ROOM,511,HOUGANG AVE 10,84,SIMPLIFIED,1986,60,36000,350000,159743,9584580
1991-03,HOUGANG,4 ROOM,512,HOUGANG AVE 10,84,SIMPLIFIED,1987,71,48500,483000,256913,18240800
1991-09,HOUGANG,5 ROOM,513,HOUGANG AVE 10,121,IMPROVED,1986,47,64000,470000,227185,10677700
1991-11,HOUGANG,3 ROOM,514,HOUGANG AVE 10,64,SIMPLIFIED,1986,10,42000,246000,129900,1299000
1990-12,HOUGANG,4 ROOM,515,HOUGANG AVE 10,84,SIMPLIFIED,1986,83,56000,360000,203005,16849388
1990-12,HOUGANG,4 ROOM,516,HOUGANG AVE 10,104,MODEL A,1986,64,62000,340000,216183,13835700
1991-10,HOUGANG,3 ROOM,517,HOUGANG AVE 10,64,SIMPLIFIED,1987,9,34000,212000,134111,1207000
1990-07,HOUGANG,3 ROOM,701,HOUGANG AVE 2,67,NEW GENERATION,1985,67,37000,312000,175485,11757500
1990-07,HOUGANG,3 ROOM,702,HOUGANG AVE 2,67,NEW GENERATION,1985,57,45000,330000,151554,8638600
1990-05,HOUGANG,4 ROOM,703,HOUGANG AVE 2,93,NEW GENERATION,1986,59,40000,257000,146603,8649600
1990-05,HOUGANG,3 ROOM,704,HOUGANG AVE 2,67,NEW GENERATION,1985,63,44000,318000,179035,11279200
1990-11,HOUGANG,EXECUTIVE,705,HOUGANG AVE 2,148,MAISONETTE,1986,48,160000,628000,397206,19065888
1990-07,HOUGANG,4 ROOM,706,HOUGANG AVE 2,93,NEW GENERATION,1985,57,57000,320000,192886,10994500
1990-10,HOUGANG,5 ROOM,707,HOUGANG AVE 2,126,IMPROVED,1986,54,88000,470000,276941,14954800
1990-06,HOUGANG,4 ROOM,708,HOUGANG AVE 2,99,NEW GENERATION,1985,54,47000,315000,175163,9458800
1990-07,HOUGANG,4 ROOM,709,HOUGANG AVE 2,91,NEW GENERATION,1985,68,40000,308800,186094,12654400
1991-02,HOUGANG,5 ROOM,710,HOUGANG AVE 2,121,IMPROVED,1987,53,77700,480000,292664,15511200
1991-01,HOUGANG,4 ROOM,711,HOUGANG AVE 2,91,NEW GENERATION,1986,51,70000,303000,205094,10459800
1990-10,HOUGANG,EXECUTIVE,712,HOUGANG AVE 2,154,MAISONETTE,1986,67,159600,617000,359478,24085000
1990-01,HOUGANG,3 ROOM,1,HOUGANG AVE 3,59,IMPROVED,1975,108,23500,178000,97985,10582388
1990-01,HOUGANG,4 ROOM,15,HOUGANG AVE 3,82,IMPROVED,1975,50,40000,268000,163656,8182780
1990-01,HOUGANG,5 ROOM,16,HOUGANG AVE 3,120,STANDARD,1975,32,98000,460000,282484,9039500
1990-01,HOUGANG,3 ROOM,17,HOUGANG AVE 3,73,NEW GENERATION,1978,62,36000,280000,128896,7991580
1990-12,HOUGANG,4 ROOM,18,HOUGANG AVE 3,92,NEW GENERATION,1978,27,55000,300000,182741,4934000
1990-04,HOUGANG,3 ROOM,19,HOUGANG AVE 3,73,NEW GENERATION,1978,52,32000,300000,129327,6725000
1990-01,HOUGANG,3 ROOM,2,HOUGANG AVE 3,71,IMPROVED,1975,126,23000,177000,100527,12666386
1990-01,HOUGANG,3 ROOM,20,HOUGANG AVE 3,73,NEW GENERATION,1978,67,33500,290000,122376,8199200
1990-01,HOUGANG,3 ROOM,21,HOUGANG AVE 3,88,NEW GENERATION,1978,54,39000,296000,128444,6936000
1990-04,HOUGANG,3 ROOM,22,HOUGANG AVE 3,73,NEW GENERATION,1978,58,32000,270000,122047,7078700
1990-02,HOUGANG,3 ROOM,23,HOUGANG AVE 3,73,NEW GENERATION,1978,92,32000,235000,109034,10031100
1990-01,HOUGANG,3 ROOM,24,HOUGANG AVE 3,67,NEW GENERATION,1978,114,31000,293000,130750,14905500
1990-05,HOUGANG,3 ROOM,247,HOUGANG AVE 3,67,NEW GENERATION,1984,59,39000,307000,143592,8471900
1990-01,HOUGANG,3 ROOM,248,HOUGANG AVE 3,71,NEW GENERATION,1984,107,38000,300888,135103,14455988
1990-04,HOUGANG,5 ROOM,249,HOUGANG AVE 3,121,IMPROVED,1985,53,78000,430000,268925,14253000
1993-09,HOUGANG,3 ROOM,250,HOUGANG AVE 3,67,NEW GENERATION,1988,7,39000,218000,143000,1001000
1990-01,HOUGANG,5 ROOM,251,HOUGANG AVE 3,121,IMPROVED,1985,62,100000,450000,275542,17083600
1990-01,HOUGANG,3 ROOM,252,HOUGANG AVE 3,67,NEW GENERATION,1985,99,38000,300000,153649,15211260
1990-05,HOUGANG,4 ROOM,253,HOUGANG AVE 3,91,NEW GENERATION,1984,32,65000,305000,213206,6822600
1991-08,HOUGANG,3 ROOM,254,HOUGANG AVE 3,67,NEW GENERATION,1984,19,38000,308000,163053,3098000
1990-09,HOUGANG,3 ROOM,6,HOUGANG AVE 3,59,IMPROVED,1975,22,25000,159000,95977,2111500
1990-06,HOUGANG,3 ROOM,7,HOUGANG AVE 3,59,IMPROVED,1975,15,30000,150000,96433,1446500
1990-08,HOUGANG,4 ROOM,601,HOUGANG AVE 4,84,SIMPLIFIED,1986,43,50000,411000,246744,10610000
1990-07,HOUGANG,4 ROOM,602,HOUGANG AVE 4,104,MODEL A,1985,45,68100,298000,204227,9190200
1990-07,HOUGANG,4 ROOM,603,HOUGANG AVE 4,104,MODEL A,1985,78,60000,340000,207181,16160100
1991-07,HOUGANG,4 ROOM,604,HOUGANG AVE 4,104,MODEL A,1985,8,50000,278000,154750,1238000
1990-08,HOUGANG,4 ROOM,605,HOUGANG AVE 4,84,SIMPLIFIED,1985,54,62000,320000,202689,10945180
1990-08,HOUGANG,4 ROOM,606,HOUGANG AVE 4,104,MODEL A,1985,55,60000,357000,196004,10780200
1990-08,HOUGANG,5 ROOM,607,HOUGANG AVE 4,122,IMPROVED,1986,34,64000,445000,234321,7966900
1990-08,HOUGANG,4 ROOM,608,HOUGANG AVE 4,104,MODEL A,1985,21,51500,293000,205714,4320000
1990-08,HOUGANG,3 ROOM,661,HOUGANG AVE 4,74,MODEL A,1987,79,44000,345500,193285,15269500
1991-09,HOUGANG,4 ROOM,662,HOUGANG AVE 4,103,MODEL A,1987,68,55000,340000,187493,12749500
1992-01,HOUGANG,4 ROOM,665,HOUGANG AVE 4,107,MODEL A,1988,55,46000,345000,188864,10387500
1993-07,HOUGANG,5 ROOM,666,HOUGANG AVE 4,122,IMPROVED,1988,9,223000,360000,303333,2730000
1992-02,HOUGANG,4 ROOM,667,HOUGANG AVE 4,103,MODEL A,1987,67,45000,325000,195079,13070300
1994-03,HOUGANG,4 ROOM,682,HOUGANG AVE 4,85,SIMPLIFIED,1989,29,83000,258000,164000,4756000
1990-02,HOUGANG,3 ROOM,301,HOUGANG AVE 5,74,MODEL A,1983,62,44000,360000,170136,10548450
1990-01,HOUGANG,5 ROOM,302,HOUGANG AVE 5,131,MODEL A,1983,93,86000,530000,311803,28997700
1990-01,HOUGANG,3 ROOM,303,HOUGANG AVE 5,74,MODEL A,1983,16,49500,188000,128219,2051500
1990-01,HOUGANG,3 ROOM,304,HOUGANG AVE 5,74,MODEL A,1983,85,40000,318000,150589,12800100
1991-06,HOUGANG,3 ROOM,305,HOUGANG AVE 5,74,MODEL A,1983,15,50000,308000,153500,2302500
1990-02,HOUGANG,5 ROOM,306,HOUGANG AVE 5,133,MODEL A,1983,67,90700,470888,285680,19140588
1990-02,HOUGANG,3 ROOM,307,HOUGANG AVE 5,67,NEW GENERATION,1983,54,37000,230000,147706,7976100
1990-01,HOUGANG,3 ROOM,308,HOUGANG AVE 5,67,NEW GENERATION,1983,113,34500,315000,146127,16512376
1990-01,HOUGANG,4 ROOM,309,HOUGANG AVE 5,93,NEW GENERATION,1982,64,30300,325000,142409,9114188
1990-01,HOUGANG,5 ROOM,310,HOUGANG AVE 5,126,IMPROVED,1984,87,77700,456000,277393,24133200
1990-02,HOUGANG,3 ROOM,311,HOUGANG AVE 5,68,NEW GENERATION,1983,45,33400,233500,142962,6433300
1993-11,HOUGANG,5 ROOM,312,HOUGANG AVE 5,137,IMPROVED-MAISONETTE,1983,2,355000,530000,442500,885000
1997-03,HOUGANG,4 ROOM,314,HOUGANG AVE 5,91,NEW GENERATION,1993,35,203000,320000,253514,8873000
1990-01,HOUGANG,3 ROOM,318,HOUGANG AVE 5,67,NEW GENERATION,1982,16,42000,280000,141812,2269000
1990-01,HOUGANG,3 ROOM,319,HOUGANG AVE 5,67,NEW GENERATION,1983,62,35000,325000,158803,9845800
1990-01,HOUGANG,5 ROOM,320,HOUGANG AVE 5,121,IMPROVED,1983,75,75000,470000,270726,20304476
1990-02,HOUGANG,4 ROOM,321,HOUGANG AVE 5,95,NEW GENERATION,1983,77,38000,310000,142814,10996700
1990-10,HOUGANG,3 ROOM,322,HOUGANG AVE 5,67,NEW GENERATION,1983,72,36000,270000,130925,9426588
1991-09,HOUGANG,3 ROOM,323,HOUGANG AVE 5,67,NEW GENERATION,1982,7,47000,305000,159429,1116000
1991-04,HOUGANG,4 ROOM,324,HOUGANG AVE 5,104,MODEL A,1983,47,80000,355000,241091,11331300
1990-01,HOUGANG,3 ROOM,327,HOUGANG AVE 5,67,NEW GENERATION,1983,80,38000,312800,144074,11525900
1990-03,HOUGANG,3 ROOM,328,HOUGANG AVE 5,67,NEW GENERATION,1983,108,38000,290000,144933,15652800
1990-07,HOUGANG,4 ROOM,332,HOUGANG AVE 5,104,MODEL A,1983,39,79380,365000,217574,8485380
1990-11,HOUGANG,3 ROOM,333,HOUGANG AVE 5,74,MODEL A,1983,11,43000,375000,161045,1771500
1991-02,HOUGANG,4 ROOM,334,HOUGANG AVE 5,104,MODEL A,1983,35,70000,340000,212643,7442500
1994-03,HOUGANG,EXECUTIVE,358,HOUGANG AVE 5,146,APARTMENT,1992,19,418000,650000,566079,10755500
1996-09,HOUGANG,4 ROOM,359,HOUGANG AVE 5,109,MODEL A,1992,8,317000,451888,370486,2963888
1996-10,HOUGANG,5 ROOM,360,HOUGANG AVE 5,126,IMPROVED,1992,21,378000,520000,453381,9521000
1994-05,HOUGANG,4 ROOM,361,HOUGANG AVE 5,104,MODEL A,1992,26,205000,448000,353308,9186000
1995-03,HOUGANG,5 ROOM,362,HOUGANG AVE 5,125,IMPROVED,1992,25,300000,508000,425800,10645000
1996-10,HOUGANG,5 ROOM,363,HOUGANG AVE 5,122,IMPROVED,1992,24,256000,515000,382370,9176888
1995-03,HOUGANG,4 ROOM,422,HOUGANG AVE 6,110,MODEL A,1990,25,182000,432000,298992,7474800
1994-10,HOUGANG,4 ROOM,423,HOUGANG AVE 6,110,MODEL A,1989,40,177000,436000,301450,12058000
1995-01,HOUGANG,4 ROOM,424,HOUGANG AVE 6,105,MODEL A,1989,41,188000,458000,304661,12491088
1994-11,HOUGANG,4 ROOM,425,HOUGANG AVE 6,105,MODEL A,1990,20,168000,378000,287230,5744600
1994-11,HOUGANG,4 ROOM,426,HOUGANG AVE 6,103,MODEL A,1989,21,177000,400000,301690,6335500
1995-02,HOUGANG,EXECUTIVE,427,HOUGANG AVE 6,146,MAISONETTE,1990,13,350000,620000,471068,6123888
1993-12,HOUGANG,EXECUTIVE,428,HOUGANG AVE 6,154,MAISONETTE,1990,25,340000,665000,497160,12429000
1994-02,HOUGANG,EXECUTIVE,429,HOUGANG AVE 6,145,MAISONETTE,1989,22,325000,640000,444159,9771500
1991-11,HOUGANG,EXECUTIVE,430,HOUGANG AVE 6,149,MAISONETTE,1989,31,226000,620000,463816,14378300
1994-04,HOUGANG,EXECUTIVE,431,HOUGANG AVE 6,145,MAISONETTE,1989,9,345000,588000,464556,4181000
1994-07,HOUGANG,5 ROOM,432,HOUGANG AVE 6,122,IMPROVED,1989,15,260000,453000,317867,4768000
1992-03,HOUGANG,4 ROOM,520,HOUGANG AVE 6,89,SIMPLIFIED,1987,25,64000,270000,156632,3915800
1991-11,HOUGANG,4 ROOM,521,HOUGANG AVE 6,84,SIMPLIFIED,1987,40,55000,468000,262188,10487500
1992-02,HOUGANG,EXECUTIVE,522,HOUGANG AVE 6,145,MAISONETTE,1987,78,160000,660000,425810,33213188
1991-07,HOUGANG,4 ROOM,523,HOUGANG AVE 6,108,MODEL A,1986,61,43000,366000,189531,11561400
1991-07,HOUGANG,4 ROOM,524,HOUGANG AVE 6,104,MODEL A,1987,61,49000,313000,179095,10924788
1992-07,HOUGANG,5 ROOM,525,HOUGANG AVE 6,122,IMPROVED,1987,24,89000,480000,242833,5828000
1992-01,HOUGANG,4 ROOM,526,HOUGANG AVE 6,91,SIMPLIFIED,1988,83,50000,478000,247160,20514260
1992-03,HOUGANG,4 ROOM,527,HOUGANG AVE 6,84,SIMPLIFIED,1987,83,55000,485000,251111,20842180
1992-02,HOUGANG,4 ROOM,528,HOUGANG AVE 6,104,MODEL A,1987,49,57000,350000,195819,9595148
1992-02,HOUGANG,3 ROOM,529,HOUGANG AVE 6,74,MODEL A,1987,60,42700,362000,185303,11118200
1992-04,HOUGANG,3 ROOM,530,HOUGANG AVE 6,64,SIMPLIFIED,1986,13,57000,216000,150115,1951500
1991-10,HOUGANG,4 ROOM,531,HOUGANG AVE 6,109,MODEL A,1988,62,50000,485000,222753,13810700
1992-02,HOUGANG,5 ROOM,532,HOUGANG AVE 6,121,IMPROVED,1987,69,51000,430000,237978,16420500
1992-05,HOUGANG,EXECUTIVE,533,HOUGANG AVE 6,145,MAISONETTE,1988,91,159000,642500,446551,40636100
1990-02,HOUGANG,3 ROOM,317,HOUGANG AVE 7,67,NEW GENERATION,1983,73,42500,288000,148008,10804600
1990-02,HOUGANG,5 ROOM,325,HOUGANG AVE 7,121,IMPROVED,1983,50,77700,422000,273758,13687888
1991-07,HOUGANG,4 ROOM,326,HOUGANG AVE 7,104,MODEL A,1983,30,63100,325000,228097,6842900
1990-03,HOUGANG,3 ROOM,335,HOUGANG AVE 7,67,NEW GENERATION,1985,13,47000,228000,150962,1962500
1990-06,HOUGANG,4 ROOM,336,HOUGANG AVE 7,96,NEW GENERATION,1985,48,62000,305000,196141,9414788
1991-05,HOUGANG,4 ROOM,337,HOUGANG AVE 7,91,NEW GENERATION,1985,56,61000,337000,198389,11109800
1994-05,HOUGANG,EXECUTIVE,338,HOUGANG AVE 7,150,MAISONETTE,1984,4,240000,460000,380500,1522000
1990-01,HOUGANG,5 ROOM,339,HOUGANG AVE 7,121,IMPROVED,1985,57,53000,430000,261821,14923800
1990-03,HOUGANG,4 ROOM,340,HOUGANG AVE 7,96,NEW GENERATION,1985,31,33400,267000,144045,4465400
1990-01,HOUGANG,4 ROOM,341,HOUGANG AVE 7,93,NEW GENERATION,1985,49,55000,308000,196331,9620200
1990-03,HOUGANG,4 ROOM,351,HOUGANG AVE 7,98,NEW GENERATION,1985,53,70000,488000,258124,13680588
1990-01,HOUGANG,4 ROOM,352,HOUGANG AVE 7,93,NEW GENERATION,1986,51,70000,305000,200739,10237688
1990-03,HOUGANG,EXECUTIVE,353,HOUGANG AVE 7,155,MAISONETTE,1984,11,159600,530000,316245,3478700
1990-03,HOUGANG,4 ROOM,354,HOUGANG AVE 7,93,NEW GENERATION,1986,52,56000,303000,190683,9915500
1990-10,HOUGANG,4 ROOM,355,HOUGANG AVE 7,97,NEW GENERATION,1985,25,33500,318000,165152,4128800
1991-09,HOUGANG,3 ROOM,356,HOUGANG AVE 7,82,NEW GENERATION,1984,11,57000,267000,140091,1541000
1990-02,HOUGANG,EXECUTIVE,357,HOUGANG AVE 7,152,MAISONETTE,1985,65,161000,596000,372760,24229400
1994-08,HOUGANG,5 ROOM,417,HOUGANG AVE 8,131,IMPROVED,1989,36,231000,410000,306308,11027100
1994-06,HOUGANG,4 ROOM,418,HOUGANG AVE 8,113,MODEL A,1989,30,183000,451000,294260,8827800
1994-03,HOUGANG,5 ROOM,419,HOUGANG AVE 8,123,IMPROVED,1989,42,170000,450000,283243,11896200
1994-07,HOUGANG,4 ROOM,433,HOUGANG AVE 8,105,MODEL A,1989,50,190000,490000,316626,15831300
1994-04,HOUGANG,4 ROOM,434,HOUGANG AVE 8,105,MODEL A,1989,27,180000,391000,284829,7690388
1994-06,HOUGANG,4 ROOM,435,HOUGANG AVE 8,105,MODEL A,1991,53,175000,378000,280962,14891000
1995-11,HOUGANG,5 ROOM,436,HOUGANG AVE 8,132,IMPROVED,1990,25,233000,385000,295520,7388000
1995-10,HOUGANG,4 ROOM,437,HOUGANG AVE 8,105,MODEL A,1991,30,230000,465000,299433,8982988
1995-04,HOUGANG,4 ROOM,438,HOUGANG AVE 8,105,MODEL A,1990,10,195000,305000,257300,2573000
1995-08,HOUGANG,4 ROOM,439,HOUGANG AVE 8,107,MODEL A,1990,38,230000,482000,319947,12158000
1994-04,HOUGANG,4 ROOM,440,HOUGANG AVE 8,105,MODEL A,1990,34,167000,475000,346176,11770000
1995-11,HOUGANG,EXECUTIVE,441,HOUGANG AVE 8,147,MAISONETTE,1990,3,410000,475000,438333,1315000
1996-02,HOUGANG,4 ROOM,442,HOUGANG AVE 8,107,MODEL A,1990,8,250000,363000,309375,2475000
1994-09,HOUGANG,4 ROOM,443,HOUGANG AVE 8,103,MODEL A,1990,18,193000,453000,345694,6222500
1995-11,HOUGANG,4 ROOM,444,HOUGANG AVE 8,103,MODEL A,1991,26,230000,370000,288481,7500500
1994-01,HOUGANG,4 ROOM,445,HOUGANG AVE 8,104,MODEL A,1990,51,165000,372000,270545,13797800
1995-12,HOUGANG,EXECUTIVE,446,HOUGANG AVE 8,146,MAISONETTE,1991,36,408000,610000,498939,17961788
1995-09,HOUGANG,5 ROOM,466,HOUGANG AVE 8,124,IMPROVED,1992,28,310000,523000,416071,11650000
1996-10,HOUGANG,4 ROOM,467,HOUGANG AVE 8,109,MODEL A,1992,27,261000,505000,379974,10259300
1994-07,HOUGANG,4 ROOM,468,HOUGANG AVE 8,105,MODEL A,1992,29,160000,535000,378845,10986500
1991-06,HOUGANG,3 ROOM,501,HOUGANG AVE 8,64,SIMPLIFIED,1986,56,41000,305000,152705,8551500
1991-08,HOUGANG,5 ROOM,502,HOUGANG AVE 8,121,IMPROVED,1987,35,65000,438000,244309,8550800
1991-04,HOUGANG,4 ROOM,503,HOUGANG AVE 8,84,SIMPLIFIED,1987,50,63000,439000,263940,13197000
1991-06,HOUGANG,4 ROOM,504,HOUGANG AVE 8,84,SIMPLIFIED,1987,52,64000,455000,244000,12688000
1993-07,HOUGANG,4 ROOM,505,HOUGANG AVE 8,84,SIMPLIFIED,1986,5,123000,210000,181600,908000
1992-03,HOUGANG,4 ROOM,506,HOUGANG AVE 8,84,SIMPLIFIED,1987,74,64000,352000,209860,15529633
1990-10,HOUGANG,4 ROOM,507,HOUGANG AVE 8,84,SIMPLIFIED,1986,57,57000,325000,212718,12124900
1994-05,HOUGANG,5 ROOM,540,HOUGANG AVE 8,121,IMPROVED,1989,50,183000,470000,306190,15309500
1993-03,HOUGANG,5 ROOM,541,HOUGANG AVE 8,121,IMPROVED,1989,35,145000,438000,293239,10263359
1994-04,HOUGANG,4 ROOM,542,HOUGANG AVE 8,103,MODEL A,1992,30,216500,440000,319833,9595000
1996-10,HOUGANG,4 ROOM,543,HOUGANG AVE 8,103,MODEL A,1992,15,255000,342000,304387,4565800
1996-07,HOUGANG,4 ROOM,544,HOUGANG AVE 8,106,MODEL A,1992,18,250000,380000,332549,5985888
1996-08,HOUGANG,EXECUTIVE,545,HOUGANG AVE 8,146,MAISONETTE,1992,4,410000,558000,491500,1966000
1990-10,HOUGANG,EXECUTIVE,609,HOUGANG AVE 8,154,MAISONETTE,1985,16,160000,600000,379031,6064500
1991-05,HOUGANG,5 ROOM,610,HOUGANG AVE 8,122,IMPROVED,1986,46,100000,453000,294776,13559688
1990-12,HOUGANG,4 ROOM,611,HOUGANG AVE 8,104,MODEL A,1986,58,52000,341000,203354,11794560
1991-12,HOUGANG,5 ROOM,612,HOUGANG AVE 8,121,IMPROVED,1986,15,110000,396000,243433,3651500
1991-07,HOUGANG,4 ROOM,613,HOUGANG AVE 8,104,MODEL A,1986,68,56000,355000,210766,14332100
1991-03,HOUGANG,4 ROOM,614,HOUGANG AVE 8,104,MODEL A,1986,64,50000,363000,204198,13068700
1990-11,HOUGANG,EXECUTIVE,615,HOUGANG AVE 8,147,MAISONETTE,1986,61,160000,645000,397266,24233200
1991-06,HOUGANG,5 ROOM,616,HOUGANG AVE 8,121,IMPROVED,1986,56,60000,435000,253420,14191500
1990-12,HOUGANG,3 ROOM,617,HOUGANG AVE 8,64,SIMPLIFIED,1986,56,38000,340000,171591,9609088
1991-09,HOUGANG,4 ROOM,618,HOUGANG AVE 8,89,SIMPLIFIED,1986,18,64000,280000,179944,3239000
1990-11,HOUGANG,3 ROOM,619,HOUGANG AVE 8,60,IMPROVED,1985,66,30000,205000,110978,7324560
1990-08,HOUGANG,3 ROOM,620,HOUGANG AVE 8,60,IMPROVED,1985,70,35000,196000,117114,8198000
1991-01,HOUGANG,EXECUTIVE,621,HOUGANG AVE 8,154,MAISONETTE,1986,21,120000,608000,356124,7478600
1991-08,HOUGANG,EXECUTIVE,622,HOUGANG AVE 8,147,MAISONETTE,1986,16,180000,638000,371812,5949000
1990-07,HOUGANG,3 ROOM,623,HOUGANG AVE 8,69,IMPROVED,1985,69,28000,186000,106401,7341700
1991-07,HOUGANG,5 ROOM,624,HOUGANG AVE 8,122,IMPROVED,1986,47,64000,470000,255914,12027938
1992-11,HOUGANG,3 ROOM,625,HOUGANG AVE 8,64,SIMPLIFIED,1986,8,55000,290000,168500,1348000
1991-04,HOUGANG,3 ROOM,626,HOUGANG AVE 8,64,SIMPLIFIED,1986,61,38000,333000,182051,11105140
1991-06,HOUGANG,4 ROOM,627,HOUGANG AVE 8,84,SIMPLIFIED,1986,67,51000,450000,246103,16488880
1990-05,HOUGANG,EXECUTIVE,628,HOUGANG AVE 8,148,MAISONETTE,1986,55,140000,587000,394491,21697000
1991-07,HOUGANG,4 ROOM,629,HOUGANG AVE 8,104,MODEL A,1986,53,42000,355000,189622,10049988
1991-07,HOUGANG,4 ROOM,630,HOUGANG AVE 8,84,SIMPLIFIED,1986,58,55000,454000,259360,15042888
1990-11,HOUGANG,3 ROOM,631,HOUGANG AVE 8,60,IMPROVED,1985,48,30000,195000,122931,5900700
1991-07,HOUGANG,4 ROOM,632,HOUGANG AVE 8,89,SIMPLIFIED,1986,43,38000,280000,143272,6160700
1992-04,HOUGANG,EXECUTIVE,633,HOUGANG AVE 8,148,MAISONETTE,1987,56,170000,618000,408595,22881300
1992-03,HOUGANG,EXECUTIVE,634,HOUGANG AVE 8,140,APARTMENT,1987,48,160000,650000,422281,20269500
1992-06,HOUGANG,4 ROOM,635,HOUGANG AVE 8,84,SIMPLIFIED,1987,45,64260,350000,220964,9943360
1992-09,HOUGANG,4 ROOM,636,HOUGANG AVE 8,84,SIMPLIFIED,1987,40,63500,290000,209940,8397600
1992-06,HOUGANG,4 ROOM,637,HOUGANG AVE 8,104,MODEL A,1987,57,64000,350000,216398,12334688
1992-06,HOUGANG,EXECUTIVE,638,HOUGANG AVE 8,148,MAISONETTE,1987,12,190000,520000,382750,4593000
1993-07,HOUGANG,EXECUTIVE,639,HOUGANG AVE 8,154,MAISONETTE,1987,11,280000,560000,437345,4810800
1992-02,HOUGANG,EXECUTIVE,640,HOUGANG AVE 8,154,MAISONETTE,1987,5,230000,542000,414600,2073000
1992-06,HOUGANG,5 ROOM,641,HOUGANG AVE 8,120,IMPROVED,1987,32,165000,510000,338619,10835800
1992-08,HOUGANG,3 ROOM,642,HOUGANG AVE 8,60,IMPROVED,1987,43,30000,195000,127012,5461500
1992-03,HOUGANG,5 ROOM,643,HOUGANG AVE 8,120,IMPROVED,1987,36,160000,515000,370481,13337300
1991-12,HOUGANG,3 ROOM,644,HOUGANG AVE 8,60,IMPROVED,1987,38,29000,186000,117316,4458000
1991-03,HOUGANG,3 ROOM,645,HOUGANG AVE 8,60,IMPROVED,1987,37,30000,193000,126378,4676000
1994-05,HOUGANG,EXECUTIVE,646,HOUGANG AVE 8,146,MAISONETTE,1987,6,376200,525000,467200,2803200
1992-05,HOUGANG,EXECUTIVE,647,HOUGANG AVE 8,146,MAISONETTE,1987,7,160000,468000,342714,2399000
1992-04,HOUGANG,4 ROOM,648,HOUGANG AVE 8,84,SIMPLIFIED,1987,35,55000,335000,223303,7815600
1992-11,HOUGANG,5 ROOM,649,HOUGANG AVE 8,120,IMPROVED,1987,26,110000,539998,361308,9393998
1992-06,HOUGANG,4 ROOM,650,HOUGANG AVE 8,84,SIMPLIFIED,1987,50,64000,375000,222654,11132700
1998-04,HOUGANG,EXECUTIVE,651,HOUGANG AVE 8,146,MAISONETTE,1987,2,458000,500000,479000,958000
1992-08,HOUGANG,3 ROOM,652,HOUGANG AVE 8,69,IMPROVED,1988,48,32000,202000,121321,5823400
1992-11,HOUGANG,5 ROOM,653,HOUGANG AVE 8,120,IMPROVED,1987,35,140000,490000,362537,12688800
1993-10,HOUGANG,EXECUTIVE,654,HOUGANG AVE 8,151,MAISONETTE,1987,10,320000,580000,444880,4448800
1992-08,HOUGANG,5 ROOM,655,HOUGANG AVE 8,120,IMPROVED,1987,23,105000,495000,323883,7449300
1992-07,HOUGANG,EXECUTIVE,656,HOUGANG AVE 8,152,MAISONETTE,1987,14,160000,570000,408950,5725300
1991-05,HOUGANG,5 ROOM,657,HOUGANG AVE 8,120,IMPROVED,1987,31,152000,490000,367665,11397600
1991-11,HOUGANG,3 ROOM,658,HOUGANG AVE 8,74,MODEL A,1987,53,50000,350000,192949,10226300
1993-09,HOUGANG,EXECUTIVE,659,HOUGANG AVE 8,155,MAISONETTE,1988,8,345000,618000,468312,3746500
1991-11,HOUGANG,3 ROOM,660,HOUGANG AVE 8,74,MODEL A,1987,46,54000,335000,185935,8553000
1993-02,HOUGANG,EXECUTIVE,668,HOUGANG AVE 8,147,MAISONETTE,1988,3,220000,340000,293333,880000
1992-04,HOUGANG,3 ROOM,669,HOUGANG AVE 8,74,MODEL A,1987,47,49000,325000,202363,9511050
1993-05,HOUGANG,5 ROOM,670,HOUGANG AVE 8,122,IMPROVED,1988,11,175000,386000,284182,3126000
1992-03,HOUGANG,3 ROOM,671,HOUGANG AVE 8,74,MODEL A,1987,45,45000,330000,185100,8329488
1992-06,HOUGANG,4 ROOM,672,HOUGANG AVE 8,89,SIMPLIFIED,1987,12,41000,272000,162567,1950800
1991-05,HOUGANG,3 ROOM,673,HOUGANG AVE 8,64,SIMPLIFIED,1986,39,36000,277000,159908,6236400
1991-04,HOUGANG,4 ROOM,674,HOUGANG AVE 8,104,MODEL A,1987,57,37000,330000,191283,10903140
1991-04,HOUGANG,4 ROOM,675,HOUGANG AVE 8,104,MODEL A,1986,41,60000,348000,210941,8648600
1991-07,HOUGANG,4 ROOM,676,HOUGANG AVE 8,84,SIMPLIFIED,1986,35,55000,292000,200909,7031800
1992-12,HOUGANG,3 ROOM,677,HOUGANG AVE 8,64,SIMPLIFIED,1988,50,39000,270000,157390,7869500
1992-11,HOUGANG,4 ROOM,678,HOUGANG AVE 8,89,SIMPLIFIED,1988,30,41300,305000,151163,4534900
1993-08,HOUGANG,4 ROOM,679,HOUGANG AVE 8,89,SIMPLIFIED,1986,6,116000,233000,173833,1043000
1992-02,HOUGANG,4 ROOM,680,HOUGANG AVE 8,84,SIMPLIFIED,1987,28,60000,340000,220779,6181800
1993-10,HOUGANG,3 ROOM,681,HOUGANG AVE 8,64,SIMPLIFIED,1989,31,80000,294000,149871,4646000
1994-04,HOUGANG,3 ROOM,683,HOUGANG AVE 8,64,SIMPLIFIED,1989,14,70000,288000,156907,2196700
1994-05,HOUGANG,3 ROOM,684,HOUGANG AVE 8,64,SIMPLIFIED,1989,21,89000,218000,145381,3053000
1996-06,HOUGANG,3 ROOM,804,HOUGANG CTRL,64,SIMPLIFIED,1988,5,70000,243000,150400,752000
1996-09,HOUGANG,3 ROOM,806,HOUGANG CTRL,63,SIMPLIFIED,1988,3,155000,215000,193333,580000
1993-12,HOUGANG,3 ROOM,809,HOUGANG CTRL,63,SIMPLIFIED,1988,3,72000,204000,140333,421000
1993-10,HOUGANG,4 ROOM,811,HOUGANG CTRL,85,SIMPLIFIED,1988,9,78000,265000,146222,1316000
1996-04,HOUGANG,4 ROOM,830,HOUGANG CTRL,104,MODEL A,1992,26,282000,510000,350192,9105000
1996-02,HOUGANG,4 ROOM,831,HOUGANG CTRL,104,MODEL A,1992,14,257000,400000,313607,4390500
1996-07,HOUGANG,4 ROOM,832,HOUGANG CTRL,110,MODEL A,1992,17,245000,420000,330647,5621000
1995-04,HOUGANG,EXECUTIVE,833,HOUGANG CTRL,144,APARTMENT,1992,26,430000,673000,537338,13970800
1992-10,HOUGANG,EXECUTIVE,834,HOUGANG CTRL,147,MAISONETTE,1992,25,215000,668000,539920,13498000
1994-05,HOUGANG,4 ROOM,835,HOUGANG CTRL,104,MODEL A,1992,28,220500,460000,334368,9362300
1990-01,HOUGANG,4 ROOM,154,HOUGANG ST 11,91,NEW GENERATION,1984,54,41000,276000,152529,8236560
1990-04,HOUGANG,4 ROOM,155,HOUGANG ST 11,91,NEW GENERATION,1984,36,80000,288000,201228,7244200
1992-03,HOUGANG,5 ROOM,156,HOUGANG ST 11,121,IMPROVED,1984,31,130000,418000,293226,9090000
1991-06,HOUGANG,EXECUTIVE,157,HOUGANG ST 11,155,MAISONETTE,1984,8,179000,453000,335850,2686800
1990-03,HOUGANG,3 ROOM,210,HOUGANG ST 21,92,MODEL A,1984,26,42000,232000,146769,3816000
1996-02,HOUGANG,4 ROOM,220,HOUGANG ST 21,105,MODEL A,1992,23,257000,460000,325136,7478139
1995-12,HOUGANG,EXECUTIVE,221,HOUGANG ST 21,150,MAISONETTE,1992,31,467000,680000,580387,17992000
1995-09,HOUGANG,EXECUTIVE,222,HOUGANG ST 21,148,MAISONETTE,1992,25,457000,640000,545360,13634000
1990-01,HOUGANG,5 ROOM,231,HOUGANG ST 21,142,MODEL A-MAISONETTE,1984,61,98700,530000,339587,20714800
1993-06,HOUGANG,5 ROOM,233,HOUGANG ST 21,137,MODEL A-MAISONETTE,1984,11,168000,458000,313345,3446800
1990-07,HOUGANG,EXECUTIVE,235,HOUGANG ST 21,155,MAISONETTE,1984,16,182000,603000,380412,6086600
1990-01,HOUGANG,EXECUTIVE,237,HOUGANG ST 21,147,APARTMENT,1984,92,140000,633000,381004,35052400
1990-01,HOUGANG,4 ROOM,239,HOUGANG ST 22,105,MODEL A,1984,52,85000,388000,234062,12171200
1990-06,HOUGANG,3 ROOM,240,HOUGANG ST 22,74,MODEL A,1984,58,53000,343000,188591,10938288
1990-03,HOUGANG,3 ROOM,241,HOUGANG ST 22,74,MODEL A,1985,88,48500,352000,165164,14534400
1990-02,HOUGANG,3 ROOM,242,HOUGANG ST 22,67,NEW GENERATION,1984,89,40000,330000,150171,13365176
1991-01,HOUGANG,3 ROOM,243,HOUGANG ST 22,67,NEW GENERATION,1984,14,46000,227000,134714,1886000
1990-01,HOUGANG,3 ROOM,244,HOUGANG ST 22,67,NEW GENERATION,1984,74,38000,280000,152451,11281388
1991-09,HOUGANG,5 ROOM,245,HOUGANG ST 22,121,IMPROVED,1984,45,65000,438000,289484,13026800
1992-10,HOUGANG,3 ROOM,246,HOUGANG ST 22,67,NEW GENERATION,1984,5,60000,202000,130800,654000
1996-06,HOUGANG,4 ROOM,546,HOUGANG ST 51,103,MODEL A,1992,25,256000,490000,334200,8355000
1994-02,HOUGANG,4 ROOM,547,HOUGANG ST 51,102,MODEL A,1992,31,160000,388000,312457,9686168
1993-12,HOUGANG,4 ROOM,548,HOUGANG ST 51,103,MODEL A,1992,49,140000,370000,305155,14952600
1996-01,HOUGANG,4 ROOM,549,HOUGANG ST 51,103,MODEL A,1992,29,240000,465000,306738,8895388
1996-04,HOUGANG,4 ROOM,550,HOUGANG ST 51,111,MODEL A,1992,28,256000,382000,311314,8716790
1995-11,HOUGANG,4 ROOM,551,HOUGANG ST 51,103,MODEL A,1992,41,233000,380000,302107,12386400
1994-07,HOUGANG,4 ROOM,552,HOUGANG ST 51,104,MODEL A,1990,35,160000,486000,298494,10447300
1994-06,HOUGANG,4 ROOM,553,HOUGANG ST 51,104,MODEL A,1989,30,173000,400000,291193,8735800
1996-08,HOUGANG,5 ROOM,554,HOUGANG ST 51,124,IMPROVED,1992,26,270000,555000,352573,9166888
1994-03,HOUGANG,4 ROOM,555,HOUGANG ST 51,104,MODEL A,1992,34,145000,475000,323897,11012500
1996-03,HOUGANG,4 ROOM,556,HOUGANG ST 51,102,MODEL A,1992,35,246000,376000,297594,10415800
1996-03,HOUGANG,4 ROOM,557,HOUGANG ST 51,106,MODEL A,1992,42,256000,370000,308476,12956000
1996-02,HOUGANG,EXECUTIVE,558,HOUGANG ST 51,148,MAISONETTE,1992,23,431000,615000,531435,12223000
1996-03,HOUGANG,EXECUTIVE,559,HOUGANG ST 51,143,APARTMENT,1992,23,443000,651000,567565,13054000
1994-11,HOUGANG,EXECUTIVE,560,HOUGANG ST 51,143,APARTMENT,1992,32,360000,655000,534806,17113800
1997-04,HOUGANG,EXECUTIVE,561,HOUGANG ST 51,150,MAISONETTE,1992,1,520000,520000,520000,520000
1994-02,HOUGANG,EXECUTIVE,562,HOUGANG ST 51,148,MAISONETTE,1992,40,330000,630000,522397,20895888
1996-05,HOUGANG,EXECUTIVE,563,HOUGANG ST 51,143,APARTMENT,1992,30,480000,650000,551033,16531000
1993-12,HOUGANG,EXECUTIVE,564,HOUGANG ST 51,143,APARTMENT,1992,32,376200,695000,537284,17193088
1994-04,HOUGANG,5 ROOM,565,HOUGANG ST 51,122,IMPROVED,1992,30,210000,425000,311850,9355500
1996-10,HOUGANG,5 ROOM,566,HOUGANG ST 51,122,IMPROVED,1992,28,251000,480000,340469,9533128
1992-09,HOUGANG,4 ROOM,534,HOUGANG ST 52,107,MODEL A,1992,36,96300,368000,287975,10367100
1995-09,HOUGANG,4 ROOM,535,HOUGANG ST 52,114,MODEL A,1992,41,240000,385000,290098,11894000
1995-11,HOUGANG,4 ROOM,536,HOUGANG ST 52,103,MODEL A,1992,26,240000,375000,293877,7640800
1995-08,HOUGANG,4 ROOM,537,HOUGANG ST 52,106,MODEL A,1992,26,238000,380000,314692,8182000
1995-07,HOUGANG,EXECUTIVE,538,HOUGANG ST 52,147,MAISONETTE,1992,38,380000,658000,511711,19445000
1995-09,HOUGANG,EXECUTIVE,539,HOUGANG ST 52,147,MAISONETTE,1992,32,412000,640000,511681,16373800
1992-01,HOUGANG,4 ROOM,685,HOUGANG ST 61,85,SIMPLIFIED,1986,24,65000,241000,149521,3588500
1990-12,HOUGANG,4 ROOM,686,HOUGANG ST 61,87,SIMPLIFIED,1987,87,60000,440000,251449,21876100
1991-11,HOUGANG,4 ROOM,687,HOUGANG ST 61,89,SIMPLIFIED,1986,6,42000,265000,138833,833000
1991-11,HOUGANG,3 ROOM,688,HOUGANG ST 61,74,MODEL A,1987,73,58000,345000,188249,13742200
1991-08,HOUGANG,3 ROOM,689,HOUGANG ST 61,74,MODEL A,1987,61,56000,340000,183500,11193500
1992-03,HOUGANG,4 ROOM,690,HOUGANG ST 61,84,SIMPLIFIED,1987,77,64000,464000,244261,18808100
1992-05,HOUGANG,3 ROOM,691,HOUGANG ST 61,70,SIMPLIFIED,1987,8,41000,222000,124250,994000
1993-06,HOUGANG,3 ROOM,692,HOUGANG ST 61,70,SIMPLIFIED,1987,12,60000,210000,153042,1836500
1991-12,HOUGANG,4 ROOM,693,HOUGANG ST 61,89,SIMPLIFIED,1987,58,64000,291000,201190,11669000
1991-12,HOUGANG,4 ROOM,694,HOUGANG ST 61,85,SIMPLIFIED,1987,17,36000,260000,138412,2353000
1991-12,HOUGANG,3 ROOM,695,HOUGANG ST 61,74,MODEL A,1987,50,45000,336000,196262,9813100
1991-09,HOUGANG,4 ROOM,696,HOUGANG ST 61,104,MODEL A,1987,50,69000,305000,183820,9191000
1991-11,HOUGANG,4 ROOM,697,HOUGANG ST 61,89,SIMPLIFIED,1987,55,60000,300000,210453,11574900
1991-12,HOUGANG,3 ROOM,698,HOUGANG ST 61,64,SIMPLIFIED,1986,28,38000,238000,134000,3752000
1990-01,BUKIT MERAH,3 ROOM,28,HOY FATT RD,60,STANDARD,1967,59,15300,190000,84163,4965600
1991-08,BUKIT MERAH,4 ROOM,49,HOY FATT RD,84,SIMPLIFIED,1986,40,100000,543000,328940,13157588
1991-09,BUKIT MERAH,4 ROOM,50,HOY FATT RD,84,SIMPLIFIED,1987,53,95000,540000,298104,15799500
1990-02,JURONG WEST,3 ROOM,142,HU CHING RD,64,IMPROVED,1976,24,22500,180000,75933,1822400
1990-01,JURONG WEST,3 ROOM,145,HU CHING RD,64,IMPROVED,1976,24,23400,149000,72804,1747300
1990-01,BUKIT MERAH,3 ROOM,77,INDUS RD,63,IMPROVED,1973,57,38000,210000,118444,6751300
1990-01,BUKIT MERAH,3 ROOM,78,INDUS RD,76,IMPROVED,1982,54,40000,234000,132304,7144400
1990-04,KALLANG/WHAMPOA,3 ROOM,27,JLN BAHAGIA,56,STANDARD,1970,43,20000,175000,99686,4286500
1990-01,KALLANG/WHAMPOA,3 ROOM,28,JLN BAHAGIA,56,STANDARD,1971,39,19000,175000,89703,3498400
1992-07,KALLANG/WHAMPOA,4 ROOM,29,JLN BAHAGIA,84,SIMPLIFIED,1987,45,104500,453000,260618,11727800
1992-01,KALLANG/WHAMPOA,4 ROOM,30,JLN BAHAGIA,103,MODEL A,1987,42,70000,540000,295560,12413500
1990-08,KALLANG/WHAMPOA,3 ROOM,32,JLN BAHAGIA,56,STANDARD,1971,32,20000,153000,89650,2868800
1990-11,KALLANG/WHAMPOA,3 ROOM,33,JLN BAHAGIA,56,STANDARD,1970,44,20000,172000,90843,3997100
1990-04,KALLANG/WHAMPOA,3 ROOM,34,JLN BAHAGIA,56,STANDARD,1970,41,20000,168000,79398,3255300
1990-02,KALLANG/WHAMPOA,3 ROOM,35,JLN BAHAGIA,56,STANDARD,1971,46,20000,180000,102665,4722600
1990-01,KALLANG/WHAMPOA,3 ROOM,38,JLN BAHAGIA,83,TERRACE,1972,15,50000,745000,340200,5103000
1991-07,KALLANG/WHAMPOA,3 ROOM,39,JLN BAHAGIA,83,TERRACE,1972,6,90000,465000,310500,1863000
1990-10,KALLANG/WHAMPOA,3 ROOM,40,JLN BAHAGIA,91,TERRACE,1972,8,83000,515000,348850,2790800
1990-10,KALLANG/WHAMPOA,3 ROOM,41,JLN BAHAGIA,92,TERRACE,1972,7,118000,505000,316857,2218000
1990-09,KALLANG/WHAMPOA,3 ROOM,42,JLN BAHAGIA,101,TERRACE,1972,7,95000,660000,347357,2431500
1992-03,KALLANG/WHAMPOA,3 ROOM,43,JLN BAHAGIA,198,TERRACE,1972,9,128000,647000,382000,3438000
1992-03,KALLANG/WHAMPOA,3 ROOM,44,JLN BAHAGIA,173,TERRACE,1972,5,140000,460000,312200,1561000
1990-11,KALLANG/WHAMPOA,3 ROOM,45,JLN BAHAGIA,210,TERRACE,1972,5,53000,472000,278000,1390000
1991-03,KALLANG/WHAMPOA,3 ROOM,46,JLN BAHAGIA,92,TERRACE,1972,9,53000,540000,308667,2778000
1993-06,KALLANG/WHAMPOA,3 ROOM,47,JLN BAHAGIA,118,TERRACE,1972,5,144000,515000,415400,2077000
1992-11,KALLANG/WHAMPOA,3 ROOM,48,JLN BAHAGIA,78,TERRACE,1972,6,52000,410000,262167,1573000
1993-06,KALLANG/WHAMPOA,3 ROOM,49,JLN BAHAGIA,151,TERRACE,1972,3,180000,600000,331667,995000
1991-05,KALLANG/WHAMPOA,3 ROOM,50,JLN BAHAGIA,174,TERRACE,1972,9,87000,480000,311533,2803800
1990-12,KALLANG/WHAMPOA,3 ROOM,51,JLN BAHAGIA,90,TERRACE,1972,7,60000,510000,335429,2348000
1991-05,KALLANG/WHAMPOA,3 ROOM,52,JLN BAHAGIA,119,TERRACE,1972,8,60500,663388,349861,2798888
1990-03,KALLANG/WHAMPOA,3 ROOM,55,JLN BAHAGIA,206,TERRACE,1972,7,72000,555000,287857,2015000
1992-11,KALLANG/WHAMPOA,3 ROOM,60,JLN BAHAGIA,95,TERRACE,1972,7,55000,468000,334714,2343000
1990-08,KALLANG/WHAMPOA,5 ROOM,10,JLN BATU,139,IMPROVED,1986,111,27000,510000,271831,30173288
1990-05,KALLANG/WHAMPOA,5 ROOM,11,JLN BATU,127,IMPROVED,1986,97,27000,530000,272539,26436288
1990-03,KALLANG/WHAMPOA,3 ROOM,2,JLN BATU,60,STANDARD,1969,44,21000,188000,92257,4059300
1991-07,KALLANG/WHAMPOA,3 ROOM,3,JLN BATU,60,STANDARD,1969,33,27000,176000,101152,3338000
1990-05,KALLANG/WHAMPOA,3 ROOM,4,JLN BATU,60,STANDARD,1969,46,18900,164000,91889,4226888
1990-05,KALLANG/WHAMPOA,3 ROOM,5,JLN BATU,60,STANDARD,1969,35,19000,158800,86710,3034860
1990-03,KALLANG/WHAMPOA,3 ROOM,6,JLN BATU,60,STANDARD,1969,40,24500,170000,87725,3509000
1990-05,KALLANG/WHAMPOA,2 ROOM,7,JLN BATU,50,STANDARD,1970,78,15300,120000,63677,4966800
1990-02,KALLANG/WHAMPOA,2 ROOM,8,JLN BATU,58,STANDARD,1970,67,17000,118000,57500,3852500
1990-01,KALLANG/WHAMPOA,2 ROOM,9,JLN BATU,50,STANDARD,1970,104,15300,129000,60623,6304800
1990-04,CENTRAL AREA,4 ROOM,26,JLN BERSEH,87,IMPROVED,1979,30,74000,335500,225600,6768000
1990-04,BUKIT MERAH,2 ROOM,32,JLN BT HO SWEE,48,STANDARD,1971,23,15300,175000,76048,1749100
1990-03,BUKIT MERAH,3 ROOM,34,JLN BT HO SWEE,59,STANDARD,1971,28,21000,181000,112125,3139500
1990-03,BUKIT MERAH,3 ROOM,4,JLN BT HO SWEE,59,STANDARD,1971,16,25000,195000,112375,1798000
1990-03,BUKIT MERAH,3 ROOM,46,JLN BT HO SWEE,62,STANDARD,1970,24,23000,200000,114294,2743060
1990-01,BUKIT MERAH,3 ROOM,6,JLN BT HO SWEE,56,STANDARD,1971,18,26000,163000,99594,1792700
1990-02,BUKIT MERAH,3 ROOM,8,JLN BT HO SWEE,56,STANDARD,1971,17,20000,175000,93818,1594900
1990-01,BUKIT MERAH,3 ROOM,1,JLN BT MERAH,64,IMPROVED,1983,77,35000,208000,117681,9061433
1990-07,BUKIT MERAH,3 ROOM,107,JLN BT MERAH,63,STANDARD,1970,65,26000,195000,111188,7227200
1990-01,BUKIT MERAH,3 ROOM,108,JLN BT MERAH,74,MODEL A,1984,39,65000,412800,227315,8865300
1990-01,BUKIT MERAH,4 ROOM,109,JLN BT MERAH,104,MODEL A,1984,25,95000,415000,275100,6877500
1993-07,BUKIT MERAH,3 ROOM,11,JLN BT MERAH,82,NEW GENERATION,1988,2,82000,165000,123500,247000
1990-06,BUKIT MERAH,2 ROOM,113,JLN BT MERAH,48,STANDARD,1969,30,21600,183000,107586,3227580
1990-07,BUKIT MERAH,3 ROOM,131,JLN BT MERAH,65,IMPROVED,1976,39,40000,198000,117397,4578500
1990-01,BUKIT MERAH,3 ROOM,132,JLN BT MERAH,59,IMPROVED,1975,50,35000,216000,100840,5042000
1990-01,BUKIT MERAH,3 ROOM,133,JLN BT MERAH,59,IMPROVED,1983,40,42000,208000,124695,4987800
1990-03,BUKIT MERAH,3 ROOM,136,JLN BT MERAH,59,IMPROVED,1975,25,40000,220000,120480,3012000
1991-03,BUKIT MERAH,3 ROOM,137,JLN BT MERAH,59,IMPROVED,1975,19,45500,170000,125289,2380500
1990-05,BUKIT MERAH,3 ROOM,138,JLN BT MERAH,59,IMPROVED,1983,32,43500,200000,116222,3719100
1996-01,BUKIT MERAH,5 ROOM,14,JLN BT MERAH,127,IMPROVED,1996,1,552000,552000,552000,552000
1990-01,BUKIT MERAH,5 ROOM,140,JLN BT MERAH,119,IMPROVED,1979,35,142000,495000,381657,13358000
1990-01,BUKIT MERAH,3 ROOM,141,JLN BT MERAH,67,NEW GENERATION,1979,68,50000,335000,152571,10374800
1990-07,BUKIT MERAH,3 ROOM,142,JLN BT MERAH,67,NEW GENERATION,1979,48,45000,377000,155925,7484400
1991-01,BUKIT MERAH,5 ROOM,143,JLN BT MERAH,117,IMPROVED,1981,38,140000,569000,368325,13996338
1990-03,BUKIT MERAH,3 ROOM,144,JLN BT MERAH,81,NEW GENERATION,1981,23,61000,330000,185234,4260388
1990-03,BUKIT MERAH,3 ROOM,145,JLN BT MERAH,67,NEW GENERATION,1981,37,55000,370000,161573,5978200
1990-01,BUKIT MERAH,3 ROOM,146,JLN BT MERAH,67,NEW GENERATION,1981,63,58000,380000,180313,11359700
1990-01,BUKIT MERAH,3 ROOM,2,JLN BT MERAH,63,IMPROVED,1975,74,42000,210000,123343,9127380
1990-01,BUKIT MERAH,3 ROOM,28,JLN BT MERAH,60,STANDARD,1967,78,16200,177500,83819,6537900
1995-11,BUKIT MERAH,3 ROOM,7,JLN BT MERAH,72,NEW GENERATION,1990,2,140000,158000,149000,298000
1996-04,BEDOK,EXECUTIVE,662,JLN DAMAI,145,APARTMENT,1996,1,620000,620000,620000,620000
1996-01,BEDOK,EXECUTIVE,663,JLN DAMAI,143,APARTMENT,1996,1,595000,595000,595000,595000
1990-01,GEYLANG,3 ROOM,93,JLN DUA,62,STANDARD,1969,25,26400,212000,103236,2580900
1991-04,GEYLANG,3 ROOM,97,JLN DUA,56,STANDARD,1969,33,24000,180000,100976,3332200
1990-09,KALLANG/WHAMPOA,5 ROOM,102,JLN DUSUN,118,IMPROVED,1981,34,150000,525000,360176,12246000
1991-10,KALLANG/WHAMPOA,4 ROOM,104,JLN DUSUN,90,NEW GENERATION,1981,9,110000,271000,221444,1993000
1991-01,KALLANG/WHAMPOA,4 ROOM,106,JLN DUSUN,90,NEW GENERATION,1981,40,75000,380000,231490,9259600
1990-08,BUKIT MERAH,3 ROOM,20,JLN KLINIK,59,STANDARD,1971,32,19000,175000,93759,3000300
1990-01,BUKIT MERAH,3 ROOM,26,JLN KLINIK,60,STANDARD,1969,25,24000,205000,111000,2775000
1990-01,BUKIT MERAH,3 ROOM,28,JLN KLINIK,58,STANDARD,1969,59,16000,192000,91573,5402800
1990-01,BUKIT MERAH,3 ROOM,30,JLN KLINIK,58,STANDARD,1969,49,20000,188000,95067,4658300
1990-04,CENTRAL AREA,2 ROOM,10,JLN KUKOH,53,IMPROVED,1971,48,29800,255000,76407,3667538
1990-01,CENTRAL AREA,2 ROOM,8,JLN KUKOH,53,IMPROVED,1971,62,28000,210000,73932,4583800
1990-06,CENTRAL AREA,2 ROOM,9,JLN KUKOH,55,IMPROVED,1982,45,35100,210000,89060,4007720
1990-11,KALLANG/WHAMPOA,3 ROOM,53,JLN MA'MOR,108,TERRACE,1972,7,52000,500000,316429,2215000
1992-03,KALLANG/WHAMPOA,3 ROOM,54,JLN MA'MOR,88,TERRACE,1972,7,53000,485000,343571,2405000
1992-06,KALLANG/WHAMPOA,3 ROOM,56,JLN MA'MOR,179,TERRACE,1972,7,84000,452000,306571,2146000
1995-03,KALLANG/WHAMPOA,3 ROOM,57,JLN MA'MOR,99,TERRACE,1972,5,275000,440000,369400,1847000
1990-08,KALLANG/WHAMPOA,3 ROOM,58,JLN MA'MOR,165,TERRACE,1972,5,75000,530000,347000,1735000
1995-10,KALLANG/WHAMPOA,3 ROOM,59,JLN MA'MOR,80,TERRACE,1972,4,348000,422000,380000,1520000
1992-05,KALLANG/WHAMPOA,3 ROOM,62,JLN MA'MOR,81,TERRACE,1972,6,120000,435000,359667,2158000
1991-05,KALLANG/WHAMPOA,3 ROOM,63,JLN MA'MOR,108,TERRACE,1972,9,70000,660000,372210,3349888
1990-10,KALLANG/WHAMPOA,3 ROOM,64,JLN MA'MOR,126,TERRACE,1972,10,50000,660000,401000,4010000
1993-08,KALLANG/WHAMPOA,3 ROOM,65,JLN MA'MOR,126,TERRACE,1972,5,73000,526000,349800,1749000
1990-04,BUKIT MERAH,3 ROOM,24,JLN MEMBINA BARAT,56,STANDARD,1970,20,26000,210000,93106,1862130
1990-01,GEYLANG,2 ROOM,1,JLN PASAR BARU,40,STANDARD,1971,163,13500,220000,74657,12169050
1990-01,KALLANG/WHAMPOA,4 ROOM,101,JLN RAJAH,94,NEW GENERATION,1980,58,85000,355000,238531,13834800
1990-04,KALLANG/WHAMPOA,4 ROOM,102,JLN RAJAH,94,NEW GENERATION,1981,42,93300,360000,240169,10087100
1990-01,KALLANG/WHAMPOA,4 ROOM,103,JLN RAJAH,103,MODEL A,1984,58,132000,570000,354959,20587650
1990-01,KALLANG/WHAMPOA,5 ROOM,104,JLN RAJAH,135,MODEL A,1984,67,127000,610000,339309,22733678
1990-02,KALLANG/WHAMPOA,EXECUTIVE,105,JLN RAJAH,150,MAISONETTE,1984,47,166000,640000,429564,20189500
1990-08,KALLANG/WHAMPOA,EXECUTIVE,106,JLN RAJAH,149,MAISONETTE,1984,38,232500,645000,444079,16875000
1990-07,KALLANG/WHAMPOA,5 ROOM,107,JLN RAJAH,143,MODEL A,1984,26,127000,540000,348673,9065500
1990-05,KALLANG/WHAMPOA,EXECUTIVE,108,JLN RAJAH,149,MAISONETTE,1984,46,225000,680000,436870,20096000
1994-12,BUKIT MERAH,4 ROOM,10,JLN RUMAH TINGGI,98,NEW GENERATION,1988,8,175000,295000,225375,1803000
1990-01,BUKIT MERAH,3 ROOM,37,JLN RUMAH TINGGI,53,STANDARD,1969,64,18900,174000,86773,5553500
1990-05,BUKIT MERAH,5 ROOM,8,JLN RUMAH TINGGI,136,MODEL A,1984,53,145000,650000,390974,20721600
1990-07,BUKIT MERAH,5 ROOM,9,JLN RUMAH TINGGI,137,MODEL A,1984,38,127000,605000,369403,14037300
1996-04,BEDOK,5 ROOM,645,JLN TENAGA,121,IMPROVED,1993,26,370000,477000,400212,10405500
1994-02,BEDOK,5 ROOM,646,JLN TENAGA,129,IMPROVED,1993,23,277000,429000,370043,8511000
1994-10,BEDOK,5 ROOM,647,JLN TENAGA,123,IMPROVED,1993,33,265000,510000,385706,12728300
1996-03,BEDOK,5 ROOM,648,JLN TENAGA,122,IMPROVED,1993,41,280000,495000,409741,16799388
1997-09,BEDOK,5 ROOM,649,JLN TENAGA,121,IMPROVED,1993,32,342000,490000,401053,12833688
1996-04,BEDOK,5 ROOM,650,JLN TENAGA,133,MODEL A,1996,1,485000,485000,485000,485000
1996-01,BEDOK,5 ROOM,658,JLN TENAGA,125,IMPROVED,1996,1,395000,395000,395000,395000
1996-03,BEDOK,5 ROOM,659,JLN TENAGA,126,IMPROVED,1996,1,395000,395000,395000,395000
1996-06,BEDOK,5 ROOM,660,JLN TENAGA,138,MODEL A,1997,1,575000,575000,575000,575000
1990-06,KALLANG/WHAMPOA,3 ROOM,61,JLN TENTERAM,94,TERRACE,1972,7,60000,610000,350571,2454000
1991-05,GEYLANG,3 ROOM,3,JOO CHIAT RD,74,MODEL A,1985,40,65000,290000,175525,7021000
1990-10,GEYLANG,3 ROOM,4,JOO CHIAT RD,90,MODEL A,1985,46,53500,328000,187593,8629300
1990-02,TOA PAYOH,5 ROOM,10,JOO SENG RD,119,IMPROVED,1983,56,120000,525000,312768,17515000
1990-02,TOA PAYOH,5 ROOM,11,JOO SENG RD,123,IMPROVED,1983,49,99200,475000,299359,14668588
1990-07,TOA PAYOH,5 ROOM,12,JOO SENG RD,132,MODEL A,1984,36,138500,513000,318170,11454110
1990-06,TOA PAYOH,4 ROOM,13,JOO SENG RD,102,MODEL A,1984,18,106000,330000,246766,4441788
1990-01,TOA PAYOH,5 ROOM,14,JOO SENG RD,132,MODEL A,1984,34,120000,548000,308365,10484400
1990-01,TOA PAYOH,4 ROOM,15,JOO SENG RD,103,MODEL A,1984,68,90000,351000,222057,15099900
1990-03,TOA PAYOH,5 ROOM,16,JOO SENG RD,132,MODEL A,1984,43,115700,515000,327535,14084000
1990-01,TOA PAYOH,4 ROOM,17,JOO SENG RD,103,MODEL A,1983,50,97000,351000,234210,11710500
1991-10,TOA PAYOH,4 ROOM,18,JOO SENG RD,103,MODEL A,1984,48,113000,348000,237600,11404800
1993-04,TOA PAYOH,5 ROOM,19,JOO SENG RD,120,IMPROVED,1988,39,230000,500000,371538,14490000
1992-02,TOA PAYOH,EXECUTIVE,20,JOO SENG RD,151,MAISONETTE,1988,35,237000,639000,455614,15946500
1993-03,TOA PAYOH,EXECUTIVE,21,JOO SENG RD,155,MAISONETTE,1988,31,230000,620000,453113,14046500
1998-11,TOA PAYOH,5 ROOM,8,JOO SENG RD,136,MODEL A,1995,18,350000,523000,406822,7322800
1990-01,JURONG EAST,3 ROOM,329,JURONG EAST AVE 1,74,MODEL A,1983,71,47000,340000,150899,10713800
1990-05,JURONG EAST,3 ROOM,330,JURONG EAST AVE 1,74,MODEL A,1983,72,43000,330000,152453,10976600
1990-01,JURONG EAST,5 ROOM,331,JURONG EAST AVE 1,142,MODEL A,1985,78,100000,485000,282410,22028000
1990-07,JURONG EAST,5 ROOM,332,JURONG EAST AVE 1,135,MODEL A,1985,80,87000,457000,257185,20574800
1990-03,JURONG EAST,EXECUTIVE,333,JURONG EAST AVE 1,152,MAISONETTE,1984,12,160000,470000,297750,3573000
1991-03,JURONG EAST,EXECUTIVE,334,JURONG EAST AVE 1,149,MAISONETTE,1984,18,174000,490000,368444,6632000
1990-01,JURONG EAST,EXECUTIVE,335,JURONG EAST AVE 1,152,MAISONETTE,1984,20,145000,490000,336335,6726700
1990-03,JURONG EAST,EXECUTIVE,336,JURONG EAST AVE 1,149,MAISONETTE,1985,69,145000,550000,345526,23841300
1990-01,JURONG EAST,EXECUTIVE,337,JURONG EAST AVE 1,149,MAISONETTE,1985,76,125000,600000,348129,26457800
1990-05,JURONG EAST,4 ROOM,338,JURONG EAST AVE 1,104,MODEL A,1984,15,88000,308000,212833,3192500
1990-04,JURONG EAST,3 ROOM,339,JURONG EAST AVE 1,74,MODEL A,1983,64,39000,342000,153620,9831680
1990-03,JURONG EAST,5 ROOM,340,JURONG EAST AVE 1,140,MODEL A-MAISONETTE,1984,55,90700,500000,320118,17606500
1990-03,JURONG EAST,3 ROOM,341,JURONG EAST AVE 1,74,MODEL A,1983,66,43000,340000,162329,10713700
1997-11,JURONG EAST,3 ROOM,348,JURONG EAST AVE 1,87,MODEL A,1986,2,139000,212000,175500,351000
1992-04,JURONG EAST,3 ROOM,349,JURONG EAST AVE 1,74,MODEL A,1986,9,57000,218000,145889,1313000
1990-01,JURONG EAST,3 ROOM,101,JURONG EAST ST 13,68,NEW GENERATION,1983,145,34500,330000,131107,19010550
1990-03,JURONG EAST,3 ROOM,102,JURONG EAST ST 13,68,NEW GENERATION,1982,100,35000,251000,135145,13514500
1990-01,JURONG EAST,5 ROOM,103,JURONG EAST ST 13,120,IMPROVED,1982,58,97800,490000,327193,18977200
1996-12,JURONG EAST,4 ROOM,105,JURONG EAST ST 13,97,NEW GENERATION,1993,14,213000,320000,274643,3845000
1990-03,JURONG EAST,5 ROOM,106,JURONG EAST ST 13,120,IMPROVED,1982,56,110000,500000,293332,16426580
1996-05,JURONG EAST,5 ROOM,107,JURONG EAST ST 13,135,MODEL A,1993,10,365000,650000,513100,5131000
1990-03,JURONG EAST,4 ROOM,108,JURONG EAST ST 13,92,NEW GENERATION,1982,30,74000,313000,212467,6374000
1990-01,JURONG EAST,5 ROOM,109,JURONG EAST ST 13,120,IMPROVED,1981,36,103000,480000,312208,11239500
1990-01,JURONG EAST,3 ROOM,110,JURONG EAST ST 13,68,NEW GENERATION,1982,133,35000,283000,124265,16527300
1990-08,JURONG EAST,5 ROOM,111,JURONG EAST ST 13,120,IMPROVED,1981,41,90000,485000,315085,12918500
1990-12,JURONG EAST,4 ROOM,112,JURONG EAST ST 13,90,NEW GENERATION,1981,32,62000,296500,208891,6684500
1990-08,JURONG EAST,4 ROOM,113,JURONG EAST ST 13,90,NEW GENERATION,1981,53,50000,315000,199513,10574188
1990-02,JURONG EAST,3 ROOM,115,JURONG EAST ST 13,67,NEW GENERATION,1981,55,34000,318000,131800,7249000
1990-09,JURONG EAST,5 ROOM,116,JURONG EAST ST 13,120,IMPROVED,1981,44,75000,480000,321165,14131250
1993-09,JURONG EAST,5 ROOM,201,JURONG EAST ST 21,120,IMPROVED,1989,25,245000,500000,377000,9425000
1990-03,JURONG EAST,5 ROOM,203,JURONG EAST ST 21,121,IMPROVED,1984,42,62000,510000,261071,10965000
1990-06,JURONG EAST,5 ROOM,204,JURONG EAST ST 21,123,IMPROVED,1983,40,71500,450000,282308,11292300
1990-03,JURONG EAST,3 ROOM,205,JURONG EAST ST 21,67,NEW GENERATION,1983,51,42000,330000,161345,8228600
1990-03,JURONG EAST,4 ROOM,206,JURONG EAST ST 21,94,NEW GENERATION,1982,39,33000,300000,158282,6173000
1990-02,JURONG EAST,4 ROOM,207,JURONG EAST ST 21,99,NEW GENERATION,1983,66,34000,318000,163085,10763600
1990-01,JURONG EAST,3 ROOM,208,JURONG EAST ST 21,67,NEW GENERATION,1982,44,42000,303000,153534,6755500
1990-01,JURONG EAST,5 ROOM,209,JURONG EAST ST 21,123,IMPROVED,1983,48,71000,460000,283574,13611560
1990-01,JURONG EAST,3 ROOM,210,JURONG EAST ST 21,67,NEW GENERATION,1983,135,35000,292000,142676,19261300
1990-01,JURONG EAST,3 ROOM,211,JURONG EAST ST 21,67,NEW GENERATION,1983,88,33000,290000,133767,11771500
1990-02,JURONG EAST,5 ROOM,212,JURONG EAST ST 21,120,IMPROVED,1982,50,88000,470000,306594,15329700
1990-03,JURONG EAST,5 ROOM,213,JURONG EAST ST 21,120,IMPROVED,1982,43,109000,441800,286479,12318600
1990-01,JURONG EAST,3 ROOM,214,JURONG EAST ST 21,67,NEW GENERATION,1983,73,40000,310000,131493,9599000
1994-01,JURONG EAST,3 ROOM,215,JURONG EAST ST 21,67,NEW GENERATION,1984,4,82000,145000,118000,472000
1992-08,JURONG EAST,4 ROOM,215A,JURONG EAST ST 21,93,NEW GENERATION,1984,20,75000,279000,171925,3438500
1990-03,JURONG EAST,EXECUTIVE,216,JURONG EAST ST 21,142,APARTMENT,1985,52,140000,570000,354488,18433400
1990-07,JURONG EAST,4 ROOM,217,JURONG EAST ST 21,91,NEW GENERATION,1985,54,50000,295000,179957,9717700
1994-06,JURONG EAST,3 ROOM,217A,JURONG EAST ST 21,84,NEW GENERATION,1984,4,95000,193800,148700,594800
1990-01,JURONG EAST,4 ROOM,218,JURONG EAST ST 21,91,NEW GENERATION,1984,51,60000,302000,197206,10057500
1990-07,JURONG EAST,4 ROOM,219,JURONG EAST ST 21,91,NEW GENERATION,1985,32,70000,320000,211812,6778000
1990-04,JURONG EAST,5 ROOM,219A,JURONG EAST ST 21,118,IMPROVED,1985,41,100000,500000,320888,13156400
1990-04,JURONG EAST,5 ROOM,220,JURONG EAST ST 21,118,IMPROVED,1985,44,108000,440500,294241,12946600
1991-03,JURONG EAST,3 ROOM,221,JURONG EAST ST 21,85,NEW GENERATION,1984,7,56600,190000,136514,955600
1991-03,JURONG EAST,4 ROOM,221A,JURONG EAST ST 21,91,NEW GENERATION,1984,34,80000,315000,213059,7244000
1992-04,JURONG EAST,4 ROOM,222,JURONG EAST ST 21,100,NEW GENERATION,1984,15,50000,263000,176167,2642500
1990-11,JURONG EAST,4 ROOM,223,JURONG EAST ST 21,94,NEW GENERATION,1984,12,65000,300000,209833,2518000
1996-05,JURONG EAST,EXECUTIVE,223A,JURONG EAST ST 21,173,APARTMENT,1993,16,402000,648000,515000,8240000
1990-03,JURONG EAST,4 ROOM,224,JURONG EAST ST 21,91,NEW GENERATION,1984,34,59000,325000,196488,6680600
1995-11,JURONG EAST,4 ROOM,225,JURONG EAST ST 21,97,NEW GENERATION,1984,3,163500,205000,189167,567500
1990-02,JURONG EAST,3 ROOM,225A,JURONG EAST ST 21,67,NEW GENERATION,1984,65,33400,271000,130491,8481900
1990-05,JURONG EAST,5 ROOM,226,JURONG EAST ST 21,120,IMPROVED,1982,54,108000,485000,300172,16209300
1990-01,JURONG EAST,5 ROOM,227,JURONG EAST ST 21,120,IMPROVED,1984,47,120000,505000,303751,14276300
1992-06,JURONG EAST,4 ROOM,228,JURONG EAST ST 21,86,SIMPLIFIED,1987,39,90000,410000,243282,9488000
1990-02,JURONG EAST,3 ROOM,229,JURONG EAST ST 21,81,NEW GENERATION,1981,75,32000,260000,121130,9084779
1991-01,JURONG EAST,5 ROOM,230,JURONG EAST ST 21,120,IMPROVED,1981,44,105000,475000,323398,14229500
1990-03,JURONG EAST,3 ROOM,231,JURONG EAST ST 21,67,NEW GENERATION,1981,80,38000,302000,131272,10501800
1990-01,JURONG EAST,4 ROOM,232,JURONG EAST ST 21,98,NEW GENERATION,1982,58,35000,330000,165557,9602300
1990-01,JURONG EAST,3 ROOM,233,JURONG EAST ST 21,67,NEW GENERATION,1982,40,41000,280000,136770,5470800
1990-09,JURONG EAST,5 ROOM,234,JURONG EAST ST 21,121,IMPROVED,1982,58,98000,460000,301479,17485800
1991-04,JURONG EAST,4 ROOM,236,JURONG EAST ST 21,93,NEW GENERATION,1982,39,64000,305000,198554,7743600
1990-07,JURONG EAST,5 ROOM,238,JURONG EAST ST 21,120,IMPROVED,1982,50,142000,520000,336730,16836500
1990-04,JURONG EAST,5 ROOM,239,JURONG EAST ST 21,120,IMPROVED,1982,47,106000,468000,289996,13629800
1990-01,JURONG EAST,5 ROOM,240,JURONG EAST ST 21,121,IMPROVED,1982,43,90000,425000,299930,12897000
1990-02,JURONG EAST,3 ROOM,241,JURONG EAST ST 24,68,NEW GENERATION,1983,130,38500,285000,135039,17555100
1990-01,JURONG EAST,3 ROOM,242,JURONG EAST ST 24,84,NEW GENERATION,1982,9,36000,165000,118278,1064500
1990-01,JURONG EAST,3 ROOM,243,JURONG EAST ST 24,67,NEW GENERATION,1983,92,37000,300000,131862,12131300
1990-01,JURONG EAST,3 ROOM,244,JURONG EAST ST 24,71,NEW GENERATION,1983,150,35000,328000,140403,21060480
1990-06,JURONG EAST,3 ROOM,245,JURONG EAST ST 24,67,NEW GENERATION,1982,54,32000,287500,147572,7968900
1990-03,JURONG EAST,5 ROOM,246,JURONG EAST ST 24,121,IMPROVED,1983,37,108700,440000,280184,10366800
1990-01,JURONG EAST,3 ROOM,247,JURONG EAST ST 24,84,NEW GENERATION,1983,117,35000,292000,134775,15768700
1990-02,JURONG EAST,3 ROOM,248,JURONG EAST ST 24,67,NEW GENERATION,1983,92,37000,297000,147255,13547500
1990-12,JURONG EAST,3 ROOM,249,JURONG EAST ST 24,67,NEW GENERATION,1983,64,40000,270000,140936,9019888
1990-11,JURONG EAST,4 ROOM,250,JURONG EAST ST 24,94,NEW GENERATION,1986,63,40000,345000,160862,10134300
1990-01,JURONG EAST,4 ROOM,251,JURONG EAST ST 24,90,NEW GENERATION,1982,53,71000,313000,219642,11641000
1990-01,JURONG EAST,3 ROOM,257,JURONG EAST ST 24,67,NEW GENERATION,1983,122,32000,330000,143926,17559000
1990-01,JURONG EAST,5 ROOM,258,JURONG EAST ST 24,121,IMPROVED,1983,61,108700,460000,282107,17208499
1997-02,JURONG EAST,4 ROOM,259,JURONG EAST ST 24,96,NEW GENERATION,1982,5,132000,260000,184300,921500
1990-04,JURONG EAST,5 ROOM,260,JURONG EAST ST 24,127,IMPROVED,1983,55,77700,450000,286849,15776700
1990-05,JURONG EAST,3 ROOM,261,JURONG EAST ST 24,84,NEW GENERATION,1983,100,35000,290000,141057,14105700
1992-05,JURONG EAST,4 ROOM,262,JURONG EAST ST 24,96,NEW GENERATION,1983,11,42000,235000,132745,1460200
1990-07,JURONG EAST,5 ROOM,263,JURONG EAST ST 24,121,IMPROVED,1983,52,70000,460000,261929,13620300
1990-01,JURONG EAST,3 ROOM,264,JURONG EAST ST 24,68,NEW GENERATION,1983,123,33400,265800,128897,15854288
1990-02,JURONG EAST,4 ROOM,317,JURONG EAST ST 31,104,MODEL A,1984,72,64000,455000,251336,18096200
1990-02,JURONG EAST,3 ROOM,318,JURONG EAST ST 31,74,MODEL A,1984,11,44000,240000,139045,1529500
1990-01,JURONG EAST,4 ROOM,319,JURONG EAST ST 31,104,MODEL A,1984,51,85000,348000,217636,11099440
1991-05,JURONG EAST,5 ROOM,320,JURONG EAST ST 31,135,MODEL A,1984,60,80000,475000,273625,16417500
1990-03,JURONG EAST,3 ROOM,321,JURONG EAST ST 31,74,MODEL A,1984,60,53000,332500,166247,9974800
1990-01,JURONG EAST,4 ROOM,322,JURONG EAST ST 31,96,NEW GENERATION,1985,69,70000,434000,273613,18879300
1990-10,JURONG EAST,EXECUTIVE,322A,JURONG EAST ST 31,149,MAISONETTE,1985,56,130000,588000,348161,19497000
1990-01,JURONG EAST,EXECUTIVE,323,JURONG EAST ST 31,155,MAISONETTE,1985,52,114000,525000,352215,18315200
1990-01,JURONG EAST,5 ROOM,324,JURONG EAST ST 31,133,MODEL A,1984,48,88500,480000,269750,12948000
1990-03,JURONG EAST,EXECUTIVE,325,JURONG EAST ST 31,141,APARTMENT,1985,61,160000,600000,372659,22732200
1995-11,JURONG EAST,3 ROOM,326,JURONG EAST ST 31,74,MODEL A,1984,7,130000,203000,155857,1091000
1990-01,JURONG EAST,EXECUTIVE,327,JURONG EAST ST 31,147,MAISONETTE,1985,41,159000,570000,362520,14863300
1991-05,JURONG EAST,5 ROOM,328,JURONG EAST ST 31,134,MODEL A,1984,32,70000,411000,258025,8256800
1995-10,JURONG EAST,3 ROOM,343,JURONG EAST ST 31,90,MODEL A,1986,3,150000,208000,178000,534000
1991-07,JURONG EAST,3 ROOM,345,JURONG EAST ST 31,74,MODEL A,1986,7,42000,206000,104429,731000
1992-11,JURONG EAST,3 ROOM,346,JURONG EAST ST 31,74,MODEL A,1986,1,57000,57000,57000,57000
1993-01,JURONG EAST,3 ROOM,351,JURONG EAST ST 31,74,MODEL A,1986,8,57000,208000,147125,1177000
1991-11,JURONG EAST,3 ROOM,352,JURONG EAST ST 31,74,MODEL A,1986,6,42000,238000,143333,860000
1990-05,JURONG EAST,3 ROOM,301,JURONG EAST ST 32,67,NEW GENERATION,1983,108,40000,271000,142737,15415600
1990-01,JURONG EAST,3 ROOM,302,JURONG EAST ST 32,68,NEW GENERATION,1983,131,34000,312000,132867,17405620
1990-07,JURONG EAST,3 ROOM,303,JURONG EAST ST 32,67,NEW GENERATION,1983,58,37000,255000,126884,7359300
1990-02,JURONG EAST,3 ROOM,304,JURONG EAST ST 32,67,NEW GENERATION,1983,113,34000,302000,131998,14915800
1990-04,JURONG EAST,5 ROOM,305,JURONG EAST ST 32,123,IMPROVED,1983,59,70000,457000,289801,17098276
1990-01,JURONG EAST,3 ROOM,306,JURONG EAST ST 32,68,NEW GENERATION,1983,121,34000,260000,128492,15547500
1990-01,JURONG EAST,4 ROOM,307,JURONG EAST ST 32,103,MODEL A,1984,66,90000,482000,287629,18983500
1990-01,JURONG EAST,3 ROOM,308,JURONG EAST ST 32,74,MODEL A,1984,106,45000,325000,155196,16450800
1990-09,JURONG EAST,5 ROOM,309,JURONG EAST ST 32,131,MODEL A,1983,71,65000,462000,279487,19843600
1990-03,JURONG EAST,4 ROOM,310,JURONG EAST ST 32,105,MODEL A,1985,46,85000,438000,241239,11097000
1990-08,JURONG EAST,5 ROOM,311,JURONG EAST ST 32,134,MODEL A,1984,46,80000,455000,253691,11669788
1990-02,JURONG EAST,5 ROOM,312,JURONG EAST ST 32,134,MODEL A,1984,64,70100,415000,255739,16367300
1990-09,JURONG EAST,3 ROOM,313,JURONG EAST ST 32,74,MODEL A,1984,39,50000,326000,162415,6334180
1990-03,JURONG EAST,5 ROOM,314,JURONG EAST ST 32,134,MODEL A,1984,43,80000,450000,249837,10743000
1992-01,JURONG EAST,4 ROOM,315,JURONG EAST ST 32,110,MODEL A,1984,63,53000,320000,177090,11156688
1990-01,JURONG EAST,4 ROOM,316,JURONG EAST ST 32,105,MODEL A,1984,105,70000,505000,256749,26958600
1991-08,JURONG WEST,4 ROOM,423,JURONG WEST AVE 1,105,MODEL A,1984,51,57000,295000,145951,7443500
1990-04,JURONG WEST,4 ROOM,424,JURONG WEST AVE 1,105,MODEL A,1984,9,85000,320000,166722,1500500
1990-02,JURONG WEST,3 ROOM,425,JURONG WEST AVE 1,74,MODEL A,1984,76,56000,303000,156582,11900200
1990-02,JURONG WEST,5 ROOM,426,JURONG WEST AVE 1,135,MODEL A,1985,79,87000,467000,277506,21923000
1990-03,JURONG WEST,5 ROOM,427,JURONG WEST AVE 1,133,MODEL A,1985,69,100000,430000,266696,18402000
1990-03,JURONG WEST,4 ROOM,428,JURONG WEST AVE 1,103,MODEL A,1985,16,57000,330000,174594,2793500
1990-11,JURONG WEST,4 ROOM,429,JURONG WEST AVE 1,103,MODEL A,1985,24,47000,275000,162000,3888000
1990-02,JURONG WEST,4 ROOM,430,JURONG WEST AVE 1,106,MODEL A,1985,60,80000,318000,214188,12851300
1990-01,JURONG WEST,4 ROOM,431,JURONG WEST AVE 1,110,MODEL A,1985,61,57000,327000,187168,11417228
1990-01,JURONG WEST,5 ROOM,436,JURONG WEST AVE 1,133,MODEL A,1985,68,87000,450000,287362,19540600
1990-02,JURONG WEST,4 ROOM,437,JURONG WEST AVE 1,111,MODEL A,1985,75,92000,450000,288303,21622700
1990-03,JURONG WEST,3 ROOM,438,JURONG WEST AVE 1,74,MODEL A,1984,33,50000,250000,155145,5119800
1991-03,JURONG WEST,4 ROOM,439,JURONG WEST AVE 1,103,MODEL A,1984,13,68000,330000,190077,2471000
1990-04,JURONG WEST,3 ROOM,440,JURONG WEST AVE 1,75,MODEL A,1985,64,43000,307000,151278,9681800
1991-06,JURONG WEST,4 ROOM,441,JURONG WEST AVE 1,105,MODEL A,1984,58,75000,320000,200093,11605400
1990-01,JURONG WEST,4 ROOM,442,JURONG WEST AVE 1,103,MODEL A,1984,23,88000,305000,189904,4367800
1990-03,JURONG WEST,5 ROOM,443,JURONG WEST AVE 1,133,MODEL A,1985,59,86000,430000,279839,16510500
1990-01,JURONG WEST,5 ROOM,444,JURONG WEST AVE 1,133,MODEL A,1985,74,115000,445000,279007,20646500
1990-01,JURONG WEST,3 ROOM,484,JURONG WEST AVE 1,67,NEW GENERATION,1985,86,39000,302000,125700,10810200
1990-01,JURONG WEST,3 ROOM,485,JURONG WEST AVE 1,73,MODEL A,1984,76,45000,325000,150317,11424100
1990-02,JURONG WEST,4 ROOM,486,JURONG WEST AVE 1,91,NEW GENERATION,1985,75,62000,285000,186960,14022000
1990-01,JURONG WEST,3 ROOM,487,JURONG WEST AVE 1,73,MODEL A,1984,65,43000,315000,149823,9738500
1990-03,JURONG WEST,4 ROOM,488,JURONG WEST AVE 1,91,NEW GENERATION,1985,39,61000,298800,206597,8057300
1990-01,JURONG WEST,3 ROOM,489,JURONG WEST AVE 1,73,MODEL A,1984,63,45000,305000,152086,9581400
1990-01,JURONG WEST,3 ROOM,490,JURONG WEST AVE 1,73,MODEL A,1984,62,52000,293000,148768,9223600
1990-01,JURONG WEST,3 ROOM,491,JURONG WEST AVE 1,67,NEW GENERATION,1985,83,40000,280000,143482,11909000
1990-04,JURONG WEST,4 ROOM,537,JURONG WEST AVE 1,107,MODEL A,1984,45,87000,320000,207784,9350300
1990-07,JURONG WEST,4 ROOM,538,JURONG WEST AVE 1,103,MODEL A,1984,34,87000,323000,202409,6881900
1990-01,JURONG WEST,5 ROOM,539,JURONG WEST AVE 1,134,MODEL A,1984,47,74000,474000,272604,12812400
1990-03,JURONG WEST,4 ROOM,540,JURONG WEST AVE 1,107,MODEL A,1984,70,55000,335000,202749,14192400
1990-05,JURONG WEST,4 ROOM,541,JURONG WEST AVE 1,106,MODEL A,1984,41,70000,320000,233141,9558800
1990-08,JURONG WEST,4 ROOM,542,JURONG WEST AVE 1,103,MODEL A,1984,40,86000,321000,199620,7984800
1995-05,JURONG WEST,EXECUTIVE,719,JURONG WEST AVE 5,145,MAISONETTE,1992,19,380000,595000,490263,9315000
1994-06,JURONG WEST,5 ROOM,720,JURONG WEST AVE 5,121,IMPROVED,1989,54,157000,392000,263209,14213300
1994-09,JURONG WEST,4 ROOM,721,JURONG WEST AVE 5,104,MODEL A,1989,66,167000,376000,254305,16784100
1995-06,JURONG WEST,4 ROOM,722,JURONG WEST AVE 5,103,MODEL A,1990,33,202000,328000,250055,8251800
1995-07,JURONG WEST,4 ROOM,723,JURONG WEST AVE 5,106,MODEL A,1990,32,186000,378000,254156,8133000
1994-04,JURONG WEST,4 ROOM,725,JURONG WEST AVE 5,104,MODEL A,1989,54,178000,385000,272056,14691000
1995-02,JURONG WEST,EXECUTIVE,726,JURONG WEST AVE 5,146,MAISONETTE,1992,36,321000,600000,454800,16372800
1994-06,JURONG WEST,5 ROOM,727,JURONG WEST AVE 5,121,IMPROVED,1989,53,155000,400000,263717,13977000
1994-07,JURONG WEST,4 ROOM,728,JURONG WEST AVE 5,104,MODEL A,1989,47,163000,345000,259574,12200000
1994-06,JURONG WEST,5 ROOM,729,JURONG WEST AVE 5,121,IMPROVED,1989,42,174000,414088,263740,11077088
1990-01,JURONG WEST,3 ROOM,456,JURONG WEST ST 41,67,NEW GENERATION,1985,77,40000,292000,150356,11577400
1990-01,JURONG WEST,3 ROOM,457,JURONG WEST ST 41,73,MODEL A,1984,71,55000,325000,171834,12200200
1990-01,JURONG WEST,4 ROOM,458,JURONG WEST ST 41,91,NEW GENERATION,1984,42,66000,285000,196421,8249688
1990-03,JURONG WEST,3 ROOM,459,JURONG WEST ST 41,73,MODEL A,1984,83,48000,310000,155222,12883400
1990-06,JURONG WEST,4 ROOM,460,JURONG WEST ST 41,92,NEW GENERATION,1985,54,55000,297000,190496,10286800
1990-03,JURONG WEST,5 ROOM,461,JURONG WEST ST 41,121,IMPROVED,1985,53,70000,428000,268100,14209300
1990-02,JURONG WEST,3 ROOM,462,JURONG WEST ST 41,73,MODEL A,1984,75,50000,292000,163509,12263200
1990-01,JURONG WEST,4 ROOM,463,JURONG WEST ST 41,93,NEW GENERATION,1985,81,36000,305000,138347,11206100
1990-03,JURONG WEST,3 ROOM,464,JURONG WEST ST 41,73,MODEL A,1984,88,46500,318000,166536,14655200
1990-10,JURONG WEST,4 ROOM,465,JURONG WEST ST 41,91,NEW GENERATION,1984,51,65000,320000,196412,10017000
1990-07,JURONG WEST,4 ROOM,466,JURONG WEST ST 41,91,NEW GENERATION,1985,64,63000,296000,188795,12082888
1990-10,JURONG WEST,5 ROOM,467,JURONG WEST ST 41,121,IMPROVED,1985,31,109000,422000,301223,9337900
1990-03,JURONG WEST,5 ROOM,468,JURONG WEST ST 41,130,IMPROVED,1985,57,80000,408000,264386,15070000
1990-01,JURONG WEST,EXECUTIVE,469,JURONG WEST ST 41,151,MAISONETTE,1985,79,159600,590000,362546,28641100
1990-02,JURONG WEST,EXECUTIVE,470,JURONG WEST ST 41,151,MAISONETTE,1985,55,150000,605000,365547,20105100
1990-05,JURONG WEST,EXECUTIVE,471,JURONG WEST ST 41,151,MAISONETTE,1985,71,114000,560000,362759,25755888
1990-05,JURONG WEST,EXECUTIVE,472,JURONG WEST ST 41,151,MAISONETTE,1985,71,150000,590000,348501,24743600
1990-06,JURONG WEST,3 ROOM,473,JURONG WEST ST 41,67,NEW GENERATION,1984,34,38000,280000,144182,4902200
1990-02,JURONG WEST,3 ROOM,474,JURONG WEST ST 41,73,MODEL A,1984,74,45000,305000,166486,12320000
1990-02,JURONG WEST,3 ROOM,475,JURONG WEST ST 41,73,MODEL A,1984,83,48000,315000,166143,13789888
1990-01,JURONG WEST,3 ROOM,476,JURONG WEST ST 41,73,MODEL A,1984,74,43000,308000,165308,12232800
1990-01,JURONG WEST,3 ROOM,477,JURONG WEST ST 41,73,MODEL A,1984,69,52000,353000,162461,11209800
1990-03,JURONG WEST,4 ROOM,478,JURONG WEST ST 41,91,NEW GENERATION,1985,58,60000,308000,190962,11075800
1990-07,JURONG WEST,3 ROOM,479,JURONG WEST ST 41,67,NEW GENERATION,1984,5,43000,192500,101500,507500
1990-02,JURONG WEST,3 ROOM,480,JURONG WEST ST 41,67,NEW GENERATION,1985,118,37000,315000,134277,15844688
1990-01,JURONG WEST,3 ROOM,481,JURONG WEST ST 41,67,NEW GENERATION,1985,133,34800,265000,138825,18463780
1991-05,JURONG WEST,3 ROOM,482,JURONG WEST ST 41,67,NEW GENERATION,1984,4,39000,270000,136000,544000
1990-04,JURONG WEST,4 ROOM,483,JURONG WEST ST 41,91,NEW GENERATION,1985,61,60000,310000,189733,11573700
1991-08,JURONG WEST,4 ROOM,492,JURONG WEST ST 41,84,SIMPLIFIED,1986,52,32000,215000,120785,6280800
1991-10,JURONG WEST,3 ROOM,494,JURONG WEST ST 41,64,SIMPLIFIED,1986,18,33000,210000,105806,1904500
1991-01,JURONG WEST,3 ROOM,495,JURONG WEST ST 41,64,SIMPLIFIED,1986,20,39500,201000,125775,2515500
1991-02,JURONG WEST,3 ROOM,498,JURONG WEST ST 41,64,SIMPLIFIED,1986,42,30000,170000,109721,4608300
1990-04,JURONG WEST,5 ROOM,401,JURONG WEST ST 42,135,MODEL A,1984,56,90000,450000,290825,16286200
1990-01,JURONG WEST,4 ROOM,402,JURONG WEST ST 42,108,MODEL A,1984,39,88500,423000,285333,11128000
1990-02,JURONG WEST,4 ROOM,403,JURONG WEST ST 42,106,MODEL A,1984,67,74000,320000,199194,13346000
1990-05,JURONG WEST,5 ROOM,404,JURONG WEST ST 42,134,MODEL A,1984,56,72000,435000,261693,14654800
1990-02,JURONG WEST,EXECUTIVE,405,JURONG WEST ST 42,149,MAISONETTE,1985,56,160000,490000,322679,18070000
1990-05,JURONG WEST,4 ROOM,406,JURONG WEST ST 42,106,MODEL A,1984,64,80000,336000,199158,12746088
1990-01,JURONG WEST,EXECUTIVE,407,JURONG WEST ST 42,150,MAISONETTE,1985,82,140000,515000,329451,27015000
1990-03,JURONG WEST,5 ROOM,408,JURONG WEST ST 42,139,MODEL A-MAISONETTE,1984,61,88000,480000,304134,18552188
1990-03,JURONG WEST,EXECUTIVE,409,JURONG WEST ST 42,143,APARTMENT,1985,77,155000,530000,343792,26472000
1990-08,JURONG WEST,EXECUTIVE,410,JURONG WEST ST 42,150,MAISONETTE,1985,53,135000,560000,334026,17703400
1990-03,JURONG WEST,4 ROOM,411,JURONG WEST ST 42,103,MODEL A,1984,45,80000,313000,226844,10208000
1990-04,JURONG WEST,4 ROOM,412,JURONG WEST ST 42,103,MODEL A,1985,65,85000,329000,206979,13453650
1990-03,JURONG WEST,4 ROOM,413,JURONG WEST ST 42,105,MODEL A,1984,76,63100,340000,212534,16152600
1990-08,JURONG WEST,4 ROOM,414,JURONG WEST ST 42,104,MODEL A,1984,54,87000,310000,206228,11136300
1990-01,JURONG WEST,5 ROOM,415,JURONG WEST ST 42,134,MODEL A,1985,57,110000,436000,270246,15404000
1990-01,JURONG WEST,5 ROOM,416,JURONG WEST ST 42,134,MODEL A,1984,49,90700,450000,281600,13798400
1990-03,JURONG WEST,4 ROOM,417,JURONG WEST ST 42,84,SIMPLIFIED,1985,78,41300,283000,150141,11710960
1990-03,JURONG WEST,4 ROOM,418,JURONG WEST ST 42,84,SIMPLIFIED,1985,21,38000,253000,125271,2630700
1990-02,JURONG WEST,4 ROOM,419,JURONG WEST ST 42,88,SIMPLIFIED,1985,50,55000,270000,179690,8984500
1990-02,JURONG WEST,4 ROOM,420,JURONG WEST ST 42,84,SIMPLIFIED,1985,79,45900,273000,171745,13567840
1990-07,JURONG WEST,4 ROOM,421,JURONG WEST ST 42,84,SIMPLIFIED,1985,57,41000,255000,144626,8243700
1990-03,JURONG WEST,4 ROOM,422,JURONG WEST ST 42,84,SIMPLIFIED,1985,54,30000,243000,126783,6846300
1990-03,JURONG WEST,4 ROOM,432,JURONG WEST ST 42,104,MODEL A,1984,52,49000,323000,196004,10192200
1990-01,JURONG WEST,4 ROOM,433,JURONG WEST ST 42,104,MODEL A,1985,67,43000,355000,197034,13201308
1991-07,JURONG WEST,4 ROOM,434,JURONG WEST ST 42,103,MODEL A,1984,27,57000,275000,159863,4316300
1991-09,JURONG WEST,3 ROOM,435,JURONG WEST ST 42,74,MODEL A,1984,25,52500,289000,194935,4873380
1991-03,JURONG WEST,4 ROOM,445,JURONG WEST ST 42,103,MODEL A,1985,15,70000,240000,169033,2535500
1990-01,JURONG WEST,4 ROOM,446,JURONG WEST ST 42,103,MODEL A,1985,12,95000,320000,189042,2268500
1990-01,JURONG WEST,4 ROOM,447,JURONG WEST ST 42,103,MODEL A,1984,81,55000,330000,193112,15642040
1990-01,JURONG WEST,4 ROOM,448,JURONG WEST ST 42,103,MODEL A,1984,56,63100,338000,189309,10601288
1990-02,JURONG WEST,4 ROOM,449,JURONG WEST ST 42,119,MODEL A,1985,65,70000,307000,196357,12763200
1990-01,JURONG WEST,4 ROOM,450,JURONG WEST ST 42,107,MODEL A,1985,81,52000,314000,200233,16218888
1990-02,JURONG WEST,4 ROOM,451,JURONG WEST ST 42,103,MODEL A,1984,23,57000,300000,159152,3660500
1990-01,JURONG WEST,5 ROOM,452,JURONG WEST ST 42,133,MODEL A,1985,62,87100,510000,280369,17382900
1990-08,JURONG WEST,5 ROOM,453,JURONG WEST ST 42,135,MODEL A,1985,49,95000,432000,297816,14593000
1991-05,JURONG WEST,3 ROOM,454,JURONG WEST ST 42,74,MODEL A,1985,39,57000,334000,185423,7231500
1990-01,JURONG WEST,4 ROOM,455,JURONG WEST ST 42,109,MODEL A,1985,54,59000,340000,195415,10552400
1990-01,JURONG WEST,4 ROOM,543,JURONG WEST ST 42,104,MODEL A,1984,76,70000,328000,197396,15002100
1990-11,JURONG WEST,3 ROOM,544,JURONG WEST ST 42,74,MODEL A,1984,10,55000,192000,142350,1423500
1990-01,JURONG WEST,4 ROOM,545,JURONG WEST ST 42,108,MODEL A,1985,72,80000,307000,203056,14620028
1990-07,JURONG WEST,4 ROOM,546,JURONG WEST ST 42,103,MODEL A,1985,47,63100,325000,217027,10200288
1990-01,JURONG WEST,5 ROOM,547,JURONG WEST ST 42,140,MODEL A-MAISONETTE,1984,67,90700,520000,298476,19997888
1990-06,JURONG WEST,EXECUTIVE,548,JURONG WEST ST 42,150,MAISONETTE,1985,85,160000,548000,337500,28687500
1990-05,JURONG WEST,EXECUTIVE,549,JURONG WEST ST 42,159,MAISONETTE,1986,69,159600,520000,334078,23051400
1990-01,JURONG WEST,4 ROOM,550,JURONG WEST ST 42,104,MODEL A,1985,78,72000,318000,194865,15199500
1990-01,JURONG WEST,4 ROOM,551,JURONG WEST ST 42,108,MODEL A,1985,61,80000,450000,272928,16648600
1990-06,JURONG WEST,5 ROOM,552,JURONG WEST ST 42,133,MODEL A,1984,62,71500,432000,256332,15892600
1990-04,JURONG WEST,5 ROOM,553,JURONG WEST ST 42,133,MODEL A,1985,54,86000,445000,285305,15406480
1990-01,JURONG WEST,4 ROOM,554,JURONG WEST ST 42,104,MODEL A,1984,36,78000,300000,203872,7339380
1990-03,JURONG WEST,5 ROOM,555,JURONG WEST ST 42,134,MODEL A,1985,48,87000,430000,264500,12696000
1990-03,JURONG WEST,EXECUTIVE,556,JURONG WEST ST 42,159,MAISONETTE,1986,73,155000,530000,340577,24862100
1990-09,JURONG WEST,4 ROOM,557,JURONG WEST ST 42,104,MODEL A,1985,46,88000,325000,220441,10140300
1990-01,JURONG WEST,EXECUTIVE,558,JURONG WEST ST 42,150,MAISONETTE,1985,90,150000,530000,346472,31182500
1990-01,JURONG WEST,5 ROOM,559,JURONG WEST ST 42,139,MODEL A-MAISONETTE,1985,83,67000,460000,288523,23947400
1993-05,JURONG WEST,3 ROOM,501,JURONG WEST ST 51,74,MODEL A,1986,18,73500,188000,145910,2626388
1994-07,JURONG WEST,3 ROOM,506,JURONG WEST ST 52,74,MODEL A,1986,11,92000,178000,143391,1577300
1994-02,JURONG WEST,3 ROOM,507,JURONG WEST ST 52,74,MODEL A,1986,7,102000,166000,139857,979000
1994-10,JURONG WEST,3 ROOM,508,JURONG WEST ST 52,74,MODEL A,1986,10,90000,210000,150250,1502500
1990-03,JURONG WEST,4 ROOM,510,JURONG WEST ST 52,103,MODEL A,1984,66,50000,310300,161927,10687200
1990-01,JURONG WEST,3 ROOM,511,JURONG WEST ST 52,74,MODEL A,1984,113,41000,350000,158773,17941400
1990-03,JURONG WEST,3 ROOM,513,JURONG WEST ST 52,79,MODEL A,1984,81,42000,345000,167854,13596200
1990-02,JURONG WEST,4 ROOM,514,JURONG WEST ST 52,107,MODEL A,1984,97,52000,329000,168905,16383800
1990-01,JURONG WEST,4 ROOM,515,JURONG WEST ST 52,107,MODEL A,1984,107,41000,326000,159997,17119700
1990-01,JURONG WEST,3 ROOM,516,JURONG WEST ST 52,74,MODEL A,1984,122,45000,340000,161113,19655800
1990-01,JURONG WEST,3 ROOM,517,JURONG WEST ST 52,74,MODEL A,1983,16,45000,208000,124875,1998000
1990-03,JURONG WEST,4 ROOM,518,JURONG WEST ST 52,104,MODEL A,1984,124,53500,350000,170517,21144100
1991-08,JURONG WEST,3 ROOM,519,JURONG WEST ST 52,74,MODEL A,1983,13,57000,203000,116769,1518000
1990-01,JURONG WEST,3 ROOM,520,JURONG WEST ST 52,74,MODEL A,1984,95,50000,325000,158758,15082000
1990-03,JURONG WEST,3 ROOM,521,JURONG WEST ST 52,67,NEW GENERATION,1982,73,36000,280000,148785,10861300
1990-05,JURONG WEST,5 ROOM,522,JURONG WEST ST 52,118,IMPROVED,1982,42,97000,470000,264095,11092000
1990-05,JURONG WEST,5 ROOM,523,JURONG WEST ST 52,118,IMPROVED,1982,37,85000,480000,311008,11507300
1990-09,JURONG WEST,3 ROOM,524,JURONG WEST ST 52,82,NEW GENERATION,1982,71,37000,258000,138604,9840900
1990-01,JURONG WEST,3 ROOM,527,JURONG WEST ST 52,67,NEW GENERATION,1983,109,33000,310000,151355,16497688
1990-02,JURONG WEST,3 ROOM,528,JURONG WEST ST 52,71,NEW GENERATION,1983,109,34500,311000,139487,15204100
1990-07,JURONG WEST,5 ROOM,529,JURONG WEST ST 52,118,IMPROVED,1982,42,105000,455000,294631,12374500
1990-04,JURONG WEST,3 ROOM,531,JURONG WEST ST 52,67,NEW GENERATION,1983,66,38000,268000,141864,9363000
1990-04,JURONG WEST,5 ROOM,532,JURONG WEST ST 52,118,IMPROVED,1982,42,98000,462000,293929,12345000
1990-05,JURONG WEST,5 ROOM,533,JURONG WEST ST 52,118,IMPROVED,1982,59,87000,445000,285347,16835500
1990-01,JURONG WEST,3 ROOM,534,JURONG WEST ST 52,67,NEW GENERATION,1982,81,34000,254500,138579,11224900
1990-01,JURONG WEST,3 ROOM,535,JURONG WEST ST 52,67,NEW GENERATION,1983,77,38000,270000,123328,9496248
1990-01,JURONG WEST,3 ROOM,536,JURONG WEST ST 52,67,NEW GENERATION,1983,104,38000,270000,140442,14606000
1998-08,JURONG WEST,EXECUTIVE,701,JURONG WEST ST 71,147,APARTMENT,1993,20,368000,470000,411030,8220600
1994-02,JURONG WEST,EXECUTIVE,702,JURONG WEST ST 71,144,APARTMENT,1993,19,320000,530000,405663,7707600
1995-08,JURONG WEST,5 ROOM,703,JURONG WEST ST 71,126,IMPROVED,1995,25,214000,360000,270492,6762300
1999-06,JURONG WEST,4 ROOM,704,JURONG WEST ST 71,108,MODEL A,1995,14,211000,330000,242714,3398000
1999-09,JURONG WEST,4 ROOM,705,JURONG WEST ST 71,113,MODEL A,1995,22,203000,356000,282136,6207000
1999-08,JURONG WEST,4 ROOM,706,JURONG WEST ST 71,111,MODEL A,1995,26,217000,320000,269292,7001600
1999-09,JURONG WEST,4 ROOM,707,JURONG WEST ST 71,112,MODEL A,1995,15,233000,335000,286033,4290500
1998-07,JURONG WEST,EXECUTIVE,708,JURONG WEST ST 71,149,APARTMENT,1993,17,340000,455000,404511,6876688
1993-12,JURONG WEST,EXECUTIVE,709,JURONG WEST ST 71,154,APARTMENT,1993,26,310000,528000,402962,10477000
1998-08,JURONG WEST,EXECUTIVE,710,JURONG WEST ST 71,148,APARTMENT,1993,33,370000,443000,408924,13494500
1995-08,JURONG WEST,4 ROOM,711,JURONG WEST ST 71,104,MODEL A,1991,29,207000,395000,258690,7502000
1995-10,JURONG WEST,4 ROOM,712,JURONG WEST ST 71,104,MODEL A,1991,34,210000,342000,263338,8953500
1995-06,JURONG WEST,4 ROOM,713,JURONG WEST ST 71,104,MODEL A,1990,32,199000,410000,266203,8518500
1995-07,JURONG WEST,EXECUTIVE,714,JURONG WEST ST 71,146,MAISONETTE,1991,40,372000,578000,448112,17924500
1995-08,JURONG WEST,4 ROOM,715,JURONG WEST ST 71,104,MODEL A,1991,26,207000,333000,262942,6836500
1995-10,JURONG WEST,4 ROOM,716,JURONG WEST ST 71,104,MODEL A,1991,42,202000,330000,254948,10707800
1996-01,JURONG WEST,4 ROOM,717,JURONG WEST ST 71,104,MODEL A,1991,31,205500,330000,250000,7750000
1995-08,JURONG WEST,4 ROOM,718,JURONG WEST ST 71,103,MODEL A,1991,43,195000,335000,257767,11084000
1995-04,JURONG WEST,4 ROOM,724,JURONG WEST ST 72,103,MODEL A,1990,22,190000,308000,246682,5427000
1993-12,JURONG WEST,4 ROOM,730,JURONG WEST ST 72,109,MODEL A,1990,23,170000,336000,245957,5657000
1996-03,JURONG WEST,4 ROOM,731,JURONG WEST ST 72,103,MODEL A,1990,18,200000,340000,246639,4439500
1994-12,JURONG WEST,5 ROOM,732,JURONG WEST ST 73,123,IMPROVED,1995,31,203000,340000,263181,8158600
1996-05,JURONG WEST,4 ROOM,733,JURONG WEST ST 73,107,MODEL A,1995,22,210000,355000,272500,5995000
1999-04,JURONG WEST,4 ROOM,734,JURONG WEST ST 73,106,MODEL A,1995,26,210000,364000,257769,6702000
1999-07,JURONG WEST,4 ROOM,739,JURONG WEST ST 73,106,MODEL A,1995,32,203000,356000,263088,8418800
1995-10,JURONG WEST,4 ROOM,743,JURONG WEST ST 73,104,MODEL A,1992,29,202000,420000,306948,8901500
1998-03,JURONG WEST,4 ROOM,744,JURONG WEST ST 73,112,MODEL A,1993,30,193000,355000,256853,7705600
1995-04,JURONG WEST,5 ROOM,745,JURONG WEST ST 73,122,IMPROVED,1990,47,193000,400000,266762,12537800
1995-04,JURONG WEST,4 ROOM,746,JURONG WEST ST 73,104,MODEL A,1990,37,177000,418000,276297,10223000
1998-05,JURONG WEST,5 ROOM,747,JURONG WEST ST 73,130,IMPROVED,1993,16,211000,329000,269988,4319800
1994-09,JURONG WEST,5 ROOM,748,JURONG WEST ST 73,122,IMPROVED,1990,40,180000,365000,270070,10802800
1991-06,JURONG WEST,4 ROOM,749,JURONG WEST ST 73,104,MODEL A,1990,51,93000,412000,272106,13877400
1998-04,JURONG WEST,4 ROOM,750,JURONG WEST ST 73,108,MODEL A,1993,25,208000,360000,266840,6671000
1995-12,JURONG WEST,4 ROOM,751,JURONG WEST ST 73,104,MODEL A,1992,30,198000,400000,259167,7775000
1999-06,JURONG WEST,EXECUTIVE,752,JURONG WEST ST 74,148,APARTMENT,1995,18,370000,454500,406778,7322000
1995-03,JURONG WEST,EXECUTIVE,753,JURONG WEST ST 74,154,APARTMENT,1995,15,371000,442000,403400,6051000
1999-04,JURONG WEST,EXECUTIVE,754,JURONG WEST ST 74,150,APARTMENT,1995,15,355000,420000,394267,5914000
1999-11,JURONG WEST,4 ROOM,758,JURONG WEST ST 74,109,MODEL A,1996,3,239000,245000,243000,729000
1999-11,JURONG WEST,4 ROOM,759,JURONG WEST ST 74,109,MODEL A,1996,7,238000,355000,278400,1948800
1999-07,JURONG WEST,EXECUTIVE,760,JURONG WEST ST 74,144,APARTMENT,1995,12,381000,460000,415067,4980800
1999-07,JURONG WEST,EXECUTIVE,761,JURONG WEST ST 74,147,APARTMENT,1995,19,370000,455000,403368,7663988
1999-02,JURONG WEST,5 ROOM,735,JURONG WEST ST 75,125,IMPROVED,1995,35,204000,343000,253797,8882888
1999-02,JURONG WEST,5 ROOM,736,JURONG WEST ST 75,125,IMPROVED,1995,25,190000,331000,252280,6307000
1997-01,JURONG WEST,4 ROOM,737,JURONG WEST ST 75,103,MODEL A,1995,20,210000,330000,264880,5297600
1999-02,JURONG WEST,4 ROOM,738,JURONG WEST ST 75,105,MODEL A,1995,27,205000,320000,243159,6565300
1998-03,JURONG WEST,4 ROOM,810,JURONG WEST ST 81,107,MODEL A,1993,30,210000,330000,281750,8452500
1994-09,JURONG WEST,5 ROOM,811,JURONG WEST ST 81,136,MODEL A,1993,27,212000,340000,282852,7637000
1993-07,JURONG WEST,4 ROOM,812,JURONG WEST ST 81,104,MODEL A,1990,55,120000,355000,251527,13834001
1993-03,JURONG WEST,4 ROOM,813,JURONG WEST ST 81,104,MODEL A,1990,45,93000,370000,252320,11354388
1994-04,JURONG WEST,4 ROOM,814,JURONG WEST ST 81,104,MODEL A,1990,76,148000,387000,256349,19482518
1995-04,JURONG WEST,4 ROOM,815,JURONG WEST ST 81,104,MODEL A,1990,52,187000,390000,281790,14653100
1998-03,JURONG WEST,5 ROOM,816,JURONG WEST ST 81,125,IMPROVED,1993,30,201000,325000,254100,7623000
1998-02,JURONG WEST,5 ROOM,817,JURONG WEST ST 81,128,IMPROVED,1993,38,218000,343000,285539,10850500
1998-03,JURONG WEST,5 ROOM,818,JURONG WEST ST 81,126,IMPROVED,1993,7,298000,350000,322857,2260000
1998-03,JURONG WEST,5 ROOM,819,JURONG WEST ST 81,127,IMPROVED,1993,15,272000,360000,324433,4866500
1997-12,JURONG WEST,4 ROOM,820,JURONG WEST ST 81,107,MODEL A,1993,18,207000,335000,255528,4599500
1994-10,JURONG WEST,4 ROOM,821,JURONG WEST ST 81,104,MODEL A,1990,61,157000,417000,264013,16104800
1998-03,JURONG WEST,5 ROOM,822,JURONG WEST ST 81,129,IMPROVED,1993,18,212000,321000,283806,5108500
1994-05,JURONG WEST,5 ROOM,823,JURONG WEST ST 81,121,IMPROVED,1990,49,165000,383000,263363,12904800
1995-03,JURONG WEST,5 ROOM,824,JURONG WEST ST 81,121,IMPROVED,1990,59,175000,420000,268110,15818500
1998-03,JURONG WEST,5 ROOM,825,JURONG WEST ST 81,128,IMPROVED,1993,51,220000,333000,295408,15065800
1995-01,JURONG WEST,4 ROOM,826,JURONG WEST ST 81,104,MODEL A,1990,48,169000,387000,263062,12627000
1994-02,JURONG WEST,EXECUTIVE,827,JURONG WEST ST 81,146,APARTMENT,1993,17,300000,455000,406165,6904800
1994-05,JURONG WEST,EXECUTIVE,828,JURONG WEST ST 81,143,APARTMENT,1993,14,360000,453000,400157,5602200
1999-02,JURONG WEST,EXECUTIVE,828A,JURONG WEST ST 81,149,MAISONETTE,1993,1,370000,370000,370000,370000
1997-12,JURONG WEST,EXECUTIVE,829,JURONG WEST ST 81,145,APARTMENT,1993,16,360000,450000,408875,6542000
1995-03,JURONG WEST,EXECUTIVE,830,JURONG WEST ST 81,145,APARTMENT,1993,28,350000,488000,413346,11573688
1994-09,JURONG WEST,EXECUTIVE,830A,JURONG WEST ST 81,146,APARTMENT,1993,27,345000,482500,422481,11407000
1993-12,JURONG WEST,EXECUTIVE,831,JURONG WEST ST 81,146,APARTMENT,1993,33,295000,547000,400579,13219100
1998-01,JURONG WEST,4 ROOM,832,JURONG WEST ST 81,106,MODEL A,1993,34,209000,342800,280726,9544700
1997-12,JURONG WEST,4 ROOM,833,JURONG WEST ST 81,106,MODEL A,1993,25,205000,350000,281220,7030500
1998-01,JURONG WEST,5 ROOM,834,JURONG WEST ST 81,127,IMPROVED,1993,22,210000,373000,290977,6401500
1991-01,JURONG WEST,5 ROOM,835,JURONG WEST ST 81,122,IMPROVED,1989,46,120000,410000,264250,12155500
1994-01,JURONG WEST,4 ROOM,836,JURONG WEST ST 81,114,MODEL A,1993,38,177000,368000,265921,10105000
1994-08,JURONG WEST,4 ROOM,837,JURONG WEST ST 81,109,MODEL A,1993,32,160000,365000,286141,9156500
1994-10,JURONG WEST,5 ROOM,838,JURONG WEST ST 81,122,IMPROVED,1989,52,160000,405000,263371,13695300
1993-05,JURONG WEST,5 ROOM,839,JURONG WEST ST 81,126,IMPROVED,1993,38,177000,425000,268382,10198500
1997-10,JURONG WEST,4 ROOM,840,JURONG WEST ST 81,106,MODEL A,1993,26,213000,355000,285058,7411500
1998-01,JURONG WEST,EXECUTIVE,841,JURONG WEST ST 81,147,APARTMENT,1993,27,360000,460000,405389,10945500
1997-10,JURONG WEST,EXECUTIVE,842,JURONG WEST ST 81,147,APARTMENT,1993,26,360000,530000,423757,11017688
1997-10,JURONG WEST,4 ROOM,843,JURONG WEST ST 81,106,MODEL A,1993,23,222000,340000,277152,6374500
1999-04,JURONG WEST,5 ROOM,844,JURONG WEST ST 81,128,IMPROVED,1996,15,202000,303000,253053,3795800
1999-07,JURONG WEST,4 ROOM,845,JURONG WEST ST 81,108,MODEL A,1996,17,205000,315000,236294,4017000
1999-05,JURONG WEST,5 ROOM,846,JURONG WEST ST 81,126,IMPROVED,1996,16,203000,355000,303719,4859500
1999-06,JURONG WEST,4 ROOM,847,JURONG WEST ST 81,108,MODEL A,1996,14,210000,319000,268214,3755000
1999-07,JURONG WEST,4 ROOM,848,JURONG WEST ST 81,108,MODEL A,1996,12,217000,350000,286500,3438000
1996-01,JURONG WEST,5 ROOM,849,JURONG WEST ST 81,126,IMPROVED,1996,17,235000,358000,305382,5191500
1999-07,JURONG WEST,4 ROOM,850,JURONG WEST ST 81,108,MODEL A,1996,27,200000,315000,243407,6572000
1999-10,JURONG WEST,4 ROOM,851,JURONG WEST ST 81,108,MODEL A,1996,17,207000,310000,251929,4282800
1999-09,JURONG WEST,4 ROOM,852,JURONG WEST ST 81,108,MODEL A,1996,12,211000,302000,234542,2814500
1999-07,JURONG WEST,4 ROOM,853,JURONG WEST ST 81,108,MODEL A,1996,13,209000,317000,259985,3379800
1999-11,JURONG WEST,4 ROOM,854,JURONG WEST ST 81,106,MODEL A,1996,12,235000,315000,270750,3249000
1999-11,JURONG WEST,5 ROOM,857,JURONG WEST ST 81,128,IMPROVED,1996,4,286000,339800,318450,1273800
1996-01,JURONG WEST,4 ROOM,858,JURONG WEST ST 81,104,MODEL A,1996,8,230000,347000,285625,2285000
1999-12,JURONG WEST,EXECUTIVE,861,JURONG WEST ST 81,142,APARTMENT,1996,3,425000,465000,448333,1345000
1999-12,JURONG WEST,EXECUTIVE,862,JURONG WEST ST 81,141,APARTMENT,1996,2,445000,463000,454000,908000
1999-12,JURONG WEST,4 ROOM,863,JURONG WEST ST 81,105,MODEL A,1996,2,228000,312000,270000,540000
1999-11,JURONG WEST,5 ROOM,865,JURONG WEST ST 81,126,IMPROVED,1996,5,318000,343000,332400,1662000
1999-12,JURONG WEST,4 ROOM,866,JURONG WEST ST 81,105,MODEL A,1996,1,238500,238500,238500,238500
1993-09,JURONG WEST,4 ROOM,902,JURONG WEST ST 91,108,MODEL A,1988,53,116500,415000,251264,13317000
1991-01,JURONG WEST,5 ROOM,903,JURONG WEST ST 91,122,IMPROVED,1988,55,150000,420000,269473,14821000
1993-03,JURONG WEST,3 ROOM,904,JURONG WEST ST 91,73,MODEL A,1988,57,50000,310000,164496,9376300
1993-07,JURONG WEST,4 ROOM,905,JURONG WEST ST 91,108,MODEL A,1988,17,138000,300000,217882,3704000
1993-09,JURONG WEST,EXECUTIVE,906,JURONG WEST ST 91,144,APARTMENT,1989,72,255000,545000,382047,27507388
1993-07,JURONG WEST,5 ROOM,907,JURONG WEST ST 91,122,IMPROVED,1988,42,145000,420000,258873,10872678
1993-07,JURONG WEST,4 ROOM,908,JURONG WEST ST 91,103,MODEL A,1989,50,85000,294000,159176,7958800
1993-10,JURONG WEST,4 ROOM,909,JURONG WEST ST 91,108,MODEL A,1989,61,152000,415000,259507,15829900
1993-09,JURONG WEST,EXECUTIVE,910,JURONG WEST ST 91,145,MAISONETTE,1988,61,253000,540000,385916,23540896
1993-11,JURONG WEST,5 ROOM,911,JURONG WEST ST 91,122,IMPROVED,1989,39,160000,400000,279851,10914180
1993-09,JURONG WEST,EXECUTIVE,912,JURONG WEST ST 91,146,APARTMENT,1988,16,250000,525000,379688,6075000
1993-01,JURONG WEST,4 ROOM,913,JURONG WEST ST 91,104,MODEL A,1988,36,108780,412000,268480,9665280
1992-05,JURONG WEST,3 ROOM,917,JURONG WEST ST 91,73,MODEL A,1988,62,53000,320000,176400,10936800
1994-01,JURONG WEST,EXECUTIVE,918,JURONG WEST ST 91,145,APARTMENT,1989,15,250000,500000,399067,5986000
1993-08,JURONG WEST,4 ROOM,919,JURONG WEST ST 91,103,MODEL A,1988,47,118000,430000,253851,11931000
1993-06,JURONG WEST,5 ROOM,933,JURONG WEST ST 91,122,IMPROVED,1988,36,147000,450000,255481,9197300
1993-01,JURONG WEST,4 ROOM,934,JURONG WEST ST 91,104,MODEL A,1988,62,125000,418000,256371,15895000
1993-08,JURONG WEST,EXECUTIVE,935,JURONG WEST ST 91,147,MAISONETTE,1988,5,260000,530000,390600,1953000
1993-08,JURONG WEST,4 ROOM,936,JURONG WEST ST 91,103,MODEL A,1989,66,78000,286000,174205,11497500
1994-02,JURONG WEST,EXECUTIVE,937,JURONG WEST ST 91,148,MAISONETTE,1988,6,330000,530000,402500,2415000
1993-11,JURONG WEST,4 ROOM,938,JURONG WEST ST 91,104,MODEL A,1989,40,125000,410000,249938,9997500
1993-07,JURONG WEST,4 ROOM,939,JURONG WEST ST 91,103,MODEL A,1989,64,91000,310000,185586,11877500
1994-01,JURONG WEST,5 ROOM,940,JURONG WEST ST 91,121,IMPROVED,1989,54,155000,390000,247259,13352000
1994-03,JURONG WEST,4 ROOM,941,JURONG WEST ST 91,103,MODEL A,1989,41,153000,366000,235183,9642500
1994-03,JURONG WEST,5 ROOM,942,JURONG WEST ST 91,122,IMPROVED,1989,37,172500,415000,263159,9736888
1994-01,JURONG WEST,5 ROOM,943,JURONG WEST ST 91,132,IMPROVED,1989,40,163000,390000,249508,9980300
1993-10,JURONG WEST,4 ROOM,944,JURONG WEST ST 91,105,MODEL A,1989,59,129000,324000,226653,13372500
1994-02,JURONG WEST,4 ROOM,945,JURONG WEST ST 91,113,MODEL A,1989,50,145000,378000,243240,12162000
1994-01,JURONG WEST,5 ROOM,946,JURONG WEST ST 91,123,IMPROVED,1989,45,120000,400000,240978,10844000
1993-12,JURONG WEST,4 ROOM,947,JURONG WEST ST 91,105,MODEL A,1989,36,160000,315000,240389,8654000
1994-03,JURONG WEST,5 ROOM,948,JURONG WEST ST 91,122,IMPROVED,1989,35,160000,388000,246043,8611500
1993-03,JURONG WEST,4 ROOM,949,JURONG WEST ST 91,105,MODEL A,1988,28,100000,330000,235036,6581000
1995-01,JURONG WEST,4 ROOM,950,JURONG WEST ST 91,111,MODEL A,1989,33,160000,398000,254933,8412800
1994-07,JURONG WEST,5 ROOM,952,JURONG WEST ST 91,131,IMPROVED,1989,29,155000,343000,251466,7292500
1994-04,JURONG WEST,4 ROOM,953,JURONG WEST ST 91,111,MODEL A,1989,28,136000,424000,243786,6826000
1993-02,JURONG WEST,5 ROOM,920,JURONG WEST ST 92,122,IMPROVED,1989,53,155000,398000,250613,13282500
1993-06,JURONG WEST,4 ROOM,921,JURONG WEST ST 92,104,MODEL A,1988,35,135000,412000,271637,9507300
1993-09,JURONG WEST,4 ROOM,922,JURONG WEST ST 92,108,MODEL A,1988,50,135000,415000,261290,13064500
1993-09,JURONG WEST,4 ROOM,923,JURONG WEST ST 92,108,MODEL A,1989,27,135000,412500,256426,6923500
1993-08,JURONG WEST,5 ROOM,924,JURONG WEST ST 92,122,IMPROVED,1988,12,140000,388000,255583,3067000
1992-07,JURONG WEST,4 ROOM,925,JURONG WEST ST 92,103,MODEL A,1988,58,75000,334000,177086,10271000
1994-03,JURONG WEST,3 ROOM,926,JURONG WEST ST 92,73,MODEL A,1989,42,86000,300000,182619,7670000
1993-06,JURONG WEST,4 ROOM,928,JURONG WEST ST 92,103,MODEL A,1988,59,79000,300000,166008,9794500
1991-11,JURONG WEST,3 ROOM,929,JURONG WEST ST 92,73,MODEL A,1989,70,46000,310000,180397,12627800
1993-11,JURONG WEST,5 ROOM,930,JURONG WEST ST 92,122,IMPROVED,1988,17,158000,382000,236412,4019000
1993-11,JURONG WEST,5 ROOM,931,JURONG WEST ST 92,122,IMPROVED,1988,34,87000,390000,269165,9151600
1992-11,JURONG WEST,5 ROOM,932,JURONG WEST ST 92,122,IMPROVED,1988,63,125000,415000,258571,16290000
1994-09,JURONG WEST,4 ROOM,961,JURONG WEST ST 92,103,MODEL A,1989,24,183000,349500,271729,6521500
1994-06,JURONG WEST,4 ROOM,965,JURONG WEST ST 93,103,MODEL A,1989,25,151000,395000,277580,6939500
1993-11,JURONG WEST,5 ROOM,966,JURONG WEST ST 93,120,IMPROVED,1989,16,145000,418000,269344,4309500
1994-05,JURONG WEST,EXECUTIVE,974,JURONG WEST ST 93,154,MAISONETTE,1989,7,300000,535500,406071,2842500
1994-06,JURONG WEST,4 ROOM,975,JURONG WEST ST 93,104,MODEL A,1989,27,158000,375000,257537,6953500
1994-02,JURONG WEST,4 ROOM,976,JURONG WEST ST 93,104,MODEL A,1989,42,143000,378000,249650,10485300
1992-04,JURONG WEST,5 ROOM,977,JURONG WEST ST 93,121,IMPROVED,1989,60,116000,398000,246775,14806500
1993-06,JURONG WEST,4 ROOM,978,JURONG WEST ST 93,103,MODEL A,1989,21,139000,413000,257833,5414500
1994-02,JURONG WEST,4 ROOM,979,JURONG WEST ST 93,110,MODEL A,1989,52,130000,313000,235288,12235000
1994-05,JURONG WEST,4 ROOM,980,JURONG WEST ST 93,105,MODEL A,1989,33,147000,430000,258782,8539800
1990-09,KALLANG/WHAMPOA,3 ROOM,63,KALLANG BAHRU,65,IMPROVED,1974,91,33600,198000,125745,11442750
1990-02,KALLANG/WHAMPOA,3 ROOM,64,KALLANG BAHRU,65,IMPROVED,1974,108,35000,220000,118593,12808000
1990-01,KALLANG/WHAMPOA,3 ROOM,65,KALLANG BAHRU,65,IMPROVED,1981,119,34000,203000,109070,12979300
1990-03,CENTRAL AREA,3 ROOM,28,KELANTAN RD,65,IMPROVED,1977,43,45000,200000,123118,5294080
1990-11,CENTRAL AREA,3 ROOM,29,KELANTAN RD,65,IMPROVED,1977,36,45000,213000,122722,4418000
1990-02,CENTRAL AREA,3 ROOM,30,KELANTAN RD,65,IMPROVED,1981,33,50000,222800,127282,4200300
1991-01,KALLANG/WHAMPOA,4 ROOM,51,KENT RD,91,NEW GENERATION,1982,40,80000,370000,250075,10003000
1990-01,KALLANG/WHAMPOA,4 ROOM,52,KENT RD,91,NEW GENERATION,1982,39,80000,390000,240223,9368680
1992-04,KALLANG/WHAMPOA,4 ROOM,53,KENT RD,91,NEW GENERATION,1982,13,93000,348000,288769,3754000
1990-02,KALLANG/WHAMPOA,5 ROOM,54,KENT RD,120,IMPROVED,1982,42,135000,600000,390571,16404000
1990-03,KALLANG/WHAMPOA,3 ROOM,12,KG ARANG RD,103,NEW GENERATION,1982,38,76500,388000,210187,7987100
1990-01,KALLANG/WHAMPOA,3 ROOM,14,KG ARANG RD,103,NEW GENERATION,1984,53,73500,345000,188440,9987300
1990-01,BUKIT MERAH,3 ROOM,18,KG BAHRU HILL,72,STANDARD,1979,9,50000,304000,178456,1606100
1995-10,BUKIT MERAH,3 ROOM,19,KG BAHRU HILL,78,STANDARD,1979,5,145000,220000,183000,915000
1990-03,BUKIT MERAH,4 ROOM,22,KG BAHRU HILL,97,STANDARD,1979,4,80000,278000,150250,601000
1990-09,BUKIT MERAH,3 ROOM,23,KG BAHRU HILL,78,STANDARD,1979,9,46000,313800,162533,1462800
1991-05,BUKIT MERAH,4 ROOM,24,KG BAHRU HILL,97,STANDARD,1979,5,74000,268000,181000,905000
1992-10,KALLANG/WHAMPOA,3 ROOM,1,KG KAYU RD,62,STANDARD,1984,25,29000,170000,105520,2638000
1991-10,BUKIT MERAH,3 ROOM,34,KIM CHENG ST,88,STANDARD,1973,1,60000,60000,60000,60000
1990-01,BUKIT MERAH,3 ROOM,41,KIM CHENG ST,75,STANDARD,1973,6,40000,258000,170167,1021000
1996-04,BUKIT MERAH,3 ROOM,42,KIM CHENG ST,88,STANDARD,1973,7,195000,325000,263714,1846000
1990-04,TOA PAYOH,3 ROOM,194,KIM KEAT AVE,66,IMPROVED,1973,90,29000,206000,101551,9139600
1990-02,TOA PAYOH,3 ROOM,195,KIM KEAT AVE,66,IMPROVED,1973,225,28600,211000,105768,23797900
1994-02,TOA PAYOH,4 ROOM,253,KIM KEAT AVE,111,MODEL A,1989,9,180000,402000,300222,2702000
1993-11,TOA PAYOH,EXECUTIVE,254,KIM KEAT AVE,146,APARTMENT,1989,43,340000,690000,498056,21416388
1993-11,TOA PAYOH,4 ROOM,255,KIM KEAT AVE,103,MODEL A,1988,24,170000,585000,342000,8208000
1993-11,TOA PAYOH,5 ROOM,256,KIM KEAT AVE,122,IMPROVED,1988,53,215000,600000,376755,19968000
1992-09,TOA PAYOH,EXECUTIVE,257,KIM KEAT AVE,146,MAISONETTE,1988,35,230500,688000,502683,17593889
1994-06,TOA PAYOH,5 ROOM,258,KIM KEAT AVE,127,IMPROVED,1988,24,255000,544000,386958,9287000
1993-10,TOA PAYOH,5 ROOM,259,KIM KEAT AVE,122,IMPROVED,1989,29,130000,570000,347310,10072000
1993-12,TOA PAYOH,5 ROOM,241,KIM KEAT LINK,122,IMPROVED,1989,17,280000,520000,365882,6220000
1994-06,TOA PAYOH,4 ROOM,242,KIM KEAT LINK,104,MODEL A,1989,15,190000,455000,298660,4479900
1994-10,TOA PAYOH,5 ROOM,243,KIM KEAT LINK,133,IMPROVED,1989,10,272000,470000,345850,3458500
1993-12,TOA PAYOH,4 ROOM,244,KIM KEAT LINK,104,MODEL A,1989,28,228000,490000,345161,9664500
1995-04,TOA PAYOH,4 ROOM,245,KIM KEAT LINK,108,MODEL A,1989,6,270000,442000,358667,2152000
1993-09,TOA PAYOH,5 ROOM,246,KIM KEAT LINK,128,IMPROVED,1989,31,185000,590000,336290,10425000
1993-12,TOA PAYOH,5 ROOM,247,KIM KEAT LINK,126,IMPROVED,1989,35,258000,532000,363551,12724300
1993-12,TOA PAYOH,5 ROOM,248,KIM KEAT LINK,125,IMPROVED,1989,54,200000,520000,348537,18821000
1994-06,TOA PAYOH,4 ROOM,249,KIM KEAT LINK,104,MODEL A,1988,29,200000,518000,327310,9492000
1993-09,TOA PAYOH,5 ROOM,250,KIM KEAT LINK,128,IMPROVED,1989,34,155000,567000,347774,11824300
1994-01,TOA PAYOH,4 ROOM,251,KIM KEAT LINK,104,MODEL A,1988,21,170000,405000,319000,6699000
1994-01,TOA PAYOH,5 ROOM,252,KIM KEAT LINK,122,IMPROVED,1988,10,200000,560000,326700,3267000
1991-08,BUKIT MERAH,3 ROOM,38,KIM PONG RD,88,STANDARD,1974,5,50000,220000,147200,736000
1990-11,BUKIT MERAH,3 ROOM,49,KIM PONG RD,75,STANDARD,1973,9,50000,288000,153922,1385300
1990-01,BUKIT MERAH,5 ROOM,7,KIM TIAN PL,131,MODEL A,1984,32,180000,635000,418305,13385751
1990-06,BUKIT MERAH,5 ROOM,8,KIM TIAN PL,131,MODEL A,1984,35,186000,688000,434000,15190000
1999-06,BUKIT MERAH,5 ROOM,122,KIM TIAN RD,126,IMPROVED,1995,15,475000,560000,503900,7558500
1999-04,BUKIT MERAH,5 ROOM,123,KIM TIAN RD,126,IMPROVED,1995,12,368000,580000,454083,5449000
1999-01,BUKIT MERAH,4 ROOM,125,KIM TIAN RD,107,MODEL A,1995,5,335000,511000,394800,1974000
1990-04,BUKIT MERAH,4 ROOM,128,KIM TIAN RD,88,IMPROVED,1975,29,75000,385000,226890,6579800
1990-01,BUKIT MERAH,4 ROOM,129,KIM TIAN RD,88,IMPROVED,1976,48,75000,385000,243688,11697000
1990-04,BUKIT MERAH,3 ROOM,130,KIM TIAN RD,76,IMPROVED,1976,32,40000,215000,130456,4174600
1998-12,BUKIT MERAH,4 ROOM,6,KIM TIAN RD,107,MODEL A,1995,7,340000,526000,430143,3011000
1990-07,KALLANG/WHAMPOA,3 ROOM,804,KING GEORGE'S AVE,59,IMPROVED,1981,34,55000,213000,144079,4898700
1991-06,KALLANG/WHAMPOA,3 ROOM,806,KING GEORGE'S AVE,68,IMPROVED,1981,31,48000,230000,137777,4271100
1990-01,KALLANG/WHAMPOA,5 ROOM,807,KING GEORGE'S AVE,115,IMPROVED,1981,33,150000,525000,352903,11645800
1990-12,CENTRAL AREA,4 ROOM,334,KRETA AYER RD,83,IMPROVED,1981,15,85000,370000,217733,3266000
1991-06,BUKIT MERAH,5 ROOM,43,LENGKOK BAHRU,122,IMPROVED,1986,13,93000,510000,259492,3373400
1992-03,BUKIT MERAH,5 ROOM,44,LENGKOK BAHRU,139,MODEL A-MAISONETTE,1984,4,258000,440000,371000,1484000
1993-07,BUKIT MERAH,5 ROOM,45,LENGKOK BAHRU,141,MODEL A-MAISONETTE,1984,6,363000,570000,471333,2828000
1992-01,BUKIT MERAH,4 ROOM,46,LENGKOK BAHRU,111,MODEL A,1984,27,170000,596000,353611,9547488
1990-02,BUKIT MERAH,5 ROOM,47,LENGKOK BAHRU,137,MODEL A,1984,20,100000,620000,293455,5869100
1991-06,BUKIT MERAH,4 ROOM,48,LENGKOK BAHRU,84,SIMPLIFIED,1986,51,93000,518500,303265,15466500
1991-09,BUKIT MERAH,4 ROOM,51,LENGKOK BAHRU,84,SIMPLIFIED,1986,48,120000,530000,298208,14314000
1990-07,BUKIT MERAH,4 ROOM,52,LENGKOK BAHRU,84,SIMPLIFIED,1986,46,78000,530000,306528,14100300
1991-06,BUKIT MERAH,5 ROOM,53,LENGKOK BAHRU,122,IMPROVED,1986,39,110000,470000,302815,11809800
1991-12,BUKIT MERAH,4 ROOM,54,LENGKOK BAHRU,84,SIMPLIFIED,1986,9,90000,545000,274778,2473000
1993-10,BEDOK,EXECUTIVE,101,LENGKONG TIGA,146,MAISONETTE,1988,7,360000,560000,497286,3481000
1993-11,BEDOK,4 ROOM,102,LENGKONG TIGA,104,MODEL A,1989,34,200000,580000,387803,13185300
1993-10,BEDOK,5 ROOM,103,LENGKONG TIGA,125,IMPROVED,1989,33,182000,595000,403667,13321000
1993-11,BEDOK,EXECUTIVE,104,LENGKONG TIGA,146,MAISONETTE,1989,36,350000,701000,525653,18923500
1994-05,BEDOK,EXECUTIVE,105,LENGKONG TIGA,154,MAISONETTE,1989,5,425000,565000,491600,2458000
1993-09,BEDOK,EXECUTIVE,106,LENGKONG TIGA,146,MAISONETTE,1989,28,355000,695000,498750,13965000
1994-03,BEDOK,EXECUTIVE,107,LENGKONG TIGA,149,MAISONETTE,1989,9,370000,557000,486111,4375000
1993-01,BEDOK,EXECUTIVE,108,LENGKONG TIGA,146,MAISONETTE,1989,30,300000,680000,516150,15484500
1993-06,BEDOK,5 ROOM,109,LENGKONG TIGA,125,IMPROVED,1989,39,105000,550000,374531,14606700
1993-11,BEDOK,4 ROOM,110,LENGKONG TIGA,104,MODEL A,1989,20,195000,570000,385800,7716000
1993-05,BEDOK,5 ROOM,111,LENGKONG TIGA,121,IMPROVED,1989,48,180000,600000,401769,19284900
1994-02,BEDOK,5 ROOM,112,LENGKONG TIGA,120,IMPROVED,1989,27,305000,620000,441370,11917000
1994-03,BEDOK,4 ROOM,113,LENGKONG TIGA,103,MODEL A,1989,7,231000,410000,327413,2291888
1994-01,BEDOK,5 ROOM,114,LENGKONG TIGA,125,IMPROVED,1989,31,278000,600000,437258,13555000
1994-04,BEDOK,4 ROOM,115,LENGKONG TIGA,104,MODEL A,1989,18,195000,595000,343000,6174000
1993-12,BEDOK,4 ROOM,116,LENGKONG TIGA,104,MODEL A,1989,28,190000,585000,401011,11228300
1990-03,LIM CHU KANG,3 ROOM,3,LIM CHU KANG RD,59,IMPROVED,1980,31,20400,144000,56655,1756300
1990-10,LIM CHU KANG,4 ROOM,4,LIM CHU KANG RD,83,IMPROVED,1980,33,22000,156000,70242,2318000
1995-08,BUKIT MERAH,3 ROOM,19,LIM LIAK ST,88,STANDARD,1973,6,190000,295000,231833,1391000
1993-03,BUKIT MERAH,3 ROOM,21,LIM LIAK ST,88,STANDARD,1973,3,101000,195000,161667,485000
1993-02,BUKIT MERAH,3 ROOM,23,LIM LIAK ST,88,STANDARD,1973,3,125000,248000,189333,568000
1992-04,BUKIT MERAH,3 ROOM,25,LIM LIAK ST,88,STANDARD,1973,4,40000,229000,129750,519000
1990-06,BUKIT MERAH,3 ROOM,27,LIM LIAK ST,88,STANDARD,1973,4,52000,272000,205500,822000
1990-07,BUKIT MERAH,3 ROOM,29,LIM LIAK ST,75,STANDARD,1973,9,52000,300000,183500,1651500
1992-12,BUKIT MERAH,3 ROOM,33,LIM LIAK ST,75,STANDARD,1973,3,52000,150000,110667,332000
1991-08,BUKIT MERAH,3 ROOM,35,LIM LIAK ST,88,STANDARD,1973,6,55000,321000,167917,1007500
1990-08,BUKIT MERAH,3 ROOM,37,LIM LIAK ST,88,STANDARD,1974,3,55000,320000,168333,505000
1990-01,TOA PAYOH,3 ROOM,100,LOR 1 TOA PAYOH,68,IMPROVED,1970,78,29000,252000,125827,9814500
1990-04,TOA PAYOH,3 ROOM,107,LOR 1 TOA PAYOH,67,IMPROVED,1970,34,28700,228000,122338,4159500
1990-04,TOA PAYOH,3 ROOM,108,LOR 1 TOA PAYOH,66,IMPROVED,1970,59,33000,218000,119939,7076400
1990-02,TOA PAYOH,3 ROOM,109,LOR 1 TOA PAYOH,66,IMPROVED,1970,34,35000,230000,117019,3978650
1990-07,TOA PAYOH,3 ROOM,110,LOR 1 TOA PAYOH,65,IMPROVED,1967,32,40000,200000,126100,4035200
1990-03,TOA PAYOH,3 ROOM,111,LOR 1 TOA PAYOH,66,IMPROVED,1970,47,30000,213000,135019,6345900
1990-06,TOA PAYOH,3 ROOM,112,LOR 1 TOA PAYOH,65,IMPROVED,1967,55,32000,208000,120535,6629440
1990-01,TOA PAYOH,3 ROOM,113,LOR 1 TOA PAYOH,65,IMPROVED,1967,59,30000,230000,120932,7135000
1990-01,TOA PAYOH,3 ROOM,114,LOR 1 TOA PAYOH,65,IMPROVED,1967,45,30000,218000,122767,5524500
1990-01,TOA PAYOH,3 ROOM,115,LOR 1 TOA PAYOH,65,IMPROVED,1967,40,30000,225000,116432,4657300
1990-02,TOA PAYOH,3 ROOM,117,LOR 1 TOA PAYOH,65,IMPROVED,1968,53,30000,243800,108572,5754300
1990-07,TOA PAYOH,3 ROOM,118,LOR 1 TOA PAYOH,65,IMPROVED,1968,51,35000,239000,126669,6460100
1990-10,TOA PAYOH,3 ROOM,119,LOR 1 TOA PAYOH,65,IMPROVED,1968,47,33000,250000,116032,5453500
1990-03,TOA PAYOH,3 ROOM,123,LOR 1 TOA PAYOH,67,IMPROVED,1970,47,30000,226000,113938,5355100
1990-04,TOA PAYOH,3 ROOM,124,LOR 1 TOA PAYOH,67,IMPROVED,1970,55,30000,206000,120136,6607500
1990-02,TOA PAYOH,3 ROOM,125,LOR 1 TOA PAYOH,67,IMPROVED,1970,78,30000,205000,121805,9500800
1990-01,TOA PAYOH,3 ROOM,126,LOR 1 TOA PAYOH,67,IMPROVED,1970,88,35000,217000,132078,11622900
1990-01,TOA PAYOH,3 ROOM,128,LOR 1 TOA PAYOH,67,IMPROVED,1970,91,33000,210000,126007,11466600
1990-02,TOA PAYOH,3 ROOM,157,LOR 1 TOA PAYOH,67,IMPROVED,1971,158,30000,243000,133469,21088154
1990-06,TOA PAYOH,3 ROOM,158,LOR 1 TOA PAYOH,76,IMPROVED,1972,51,30000,233000,132755,6770500
1990-01,TOA PAYOH,3 ROOM,159,LOR 1 TOA PAYOH,65,IMPROVED,1972,76,28800,225000,116886,8883300
1990-01,TOA PAYOH,3 ROOM,163,LOR 1 TOA PAYOH,65,IMPROVED,1972,41,34000,230000,124139,5089700
1990-01,TOA PAYOH,3 ROOM,166,LOR 1 TOA PAYOH,60,IMPROVED,1969,59,29000,212000,116108,6850400
1990-07,TOA PAYOH,3 ROOM,167,LOR 1 TOA PAYOH,60,IMPROVED,1969,33,30000,175000,101242,3341000
1990-01,TOA PAYOH,3 ROOM,168,LOR 1 TOA PAYOH,65,IMPROVED,1972,50,30000,228800,116272,5813600
1990-01,TOA PAYOH,3 ROOM,169,LOR 1 TOA PAYOH,65,IMPROVED,1972,52,30000,235000,115279,5994500
1999-06,TOA PAYOH,4 ROOM,171,LOR 1 TOA PAYOH,104,MODEL A,1995,33,296000,543500,416479,13743800
1999-05,TOA PAYOH,5 ROOM,172,LOR 1 TOA PAYOH,124,IMPROVED,1995,16,315000,508000,442038,7072600
1999-03,TOA PAYOH,4 ROOM,172A,LOR 1 TOA PAYOH,104,MODEL A,1995,3,298000,480000,368667,1106000
1990-01,TOA PAYOH,3 ROOM,173,LOR 1 TOA PAYOH,77,IMPROVED,1972,100,28600,223000,110321,11032100
1990-02,TOA PAYOH,3 ROOM,174,LOR 1 TOA PAYOH,65,IMPROVED,1972,52,30000,195000,118698,6172300
1991-11,TOA PAYOH,EXECUTIVE,236,LOR 1 TOA PAYOH,146,MAISONETTE,1986,29,218000,680000,472793,13711000
1991-03,TOA PAYOH,EXECUTIVE,237,LOR 1 TOA PAYOH,146,MAISONETTE,1986,49,190000,665000,442976,21705800
1991-09,TOA PAYOH,5 ROOM,238,LOR 1 TOA PAYOH,120,IMPROVED,1986,39,131000,545000,352830,13760388
1992-06,TOA PAYOH,5 ROOM,239,LOR 1 TOA PAYOH,120,IMPROVED,1986,40,111000,575000,391970,15678800
1991-07,TOA PAYOH,EXECUTIVE,240,LOR 1 TOA PAYOH,146,MAISONETTE,1986,27,200000,660000,468381,12646300
1990-01,TOA PAYOH,3 ROOM,98,LOR 1 TOA PAYOH,68,IMPROVED,1970,104,29000,253888,124841,12983426
1998-02,TOA PAYOH,EXECUTIVE,101A,LOR 2 TOA PAYOH,145,APARTMENT,1993,16,510000,660000,596625,9546000
1997-10,TOA PAYOH,EXECUTIVE,101B,LOR 2 TOA PAYOH,147,APARTMENT,1993,11,528000,685000,613091,6744000
1990-01,TOA PAYOH,3 ROOM,116,LOR 2 TOA PAYOH,63,IMPROVED,1970,145,30000,243000,130569,18932450
1990-01,TOA PAYOH,2 ROOM,120,LOR 2 TOA PAYOH,40,STANDARD,1968,139,13500,155000,65510,9105900
1990-02,TOA PAYOH,4 ROOM,175,LOR 2 TOA PAYOH,84,IMPROVED,1974,27,80000,425000,228785,6177200
1990-09,TOA PAYOH,3 ROOM,83,LOR 2 TOA PAYOH,67,IMPROVED,1971,38,30000,235000,110653,4204800
1999-12,TOA PAYOH,4 ROOM,86,LOR 2 TOA PAYOH,106,MODEL A,1997,2,395000,401000,398000,796000
1990-05,TOA PAYOH,3 ROOM,89,LOR 2 TOA PAYOH,57,IMPROVED,1974,83,36500,320000,167460,13899188
1997-12,TOA PAYOH,EXECUTIVE,99A,LOR 2 TOA PAYOH,146,APARTMENT,1993,19,556000,655000,611026,11609500
1997-10,TOA PAYOH,EXECUTIVE,99B,LOR 2 TOA PAYOH,145,APARTMENT,1993,15,520000,696000,624800,9372000
1997-09,TOA PAYOH,EXECUTIVE,99C,LOR 2 TOA PAYOH,148,APARTMENT,1993,17,520000,630000,574647,9769000
1994-03,KALLANG/WHAMPOA,4 ROOM,111,LOR 3 GEYLANG,108,MODEL A,1989,4,200000,420000,295000,1180000
1991-09,KALLANG/WHAMPOA,4 ROOM,112,LOR 3 GEYLANG,107,MODEL A,1989,13,133000,372000,291692,3792000
1994-09,KALLANG/WHAMPOA,4 ROOM,113,LOR 3 GEYLANG,107,MODEL A,1989,27,182000,420000,334881,9041800
1994-02,KALLANG/WHAMPOA,5 ROOM,114,LOR 3 GEYLANG,121,IMPROVED,1989,15,256000,535000,362553,5438300
1990-01,TOA PAYOH,3 ROOM,91,LOR 3 TOA PAYOH,68,IMPROVED,1970,73,29000,210000,122603,8950000
1990-02,TOA PAYOH,3 ROOM,96,LOR 3 TOA PAYOH,68,IMPROVED,1970,105,32000,260000,122921,12906700
1994-03,TOA PAYOH,5 ROOM,97,LOR 3 TOA PAYOH,123,IMPROVED,1993,13,400000,560000,484000,6292000
1990-03,TOA PAYOH,4 ROOM,191,LOR 4 TOA PAYOH,84,IMPROVED,1974,32,74500,410000,224088,7170800
1990-01,TOA PAYOH,4 ROOM,193,LOR 4 TOA PAYOH,84,IMPROVED,1974,42,60000,415000,224443,9426600
1990-02,TOA PAYOH,3 ROOM,66,LOR 4 TOA PAYOH,64,STANDARD,1969,61,18000,223000,103884,6336900
1990-01,TOA PAYOH,3 ROOM,69,LOR 4 TOA PAYOH,62,STANDARD,1973,44,20000,180000,96220,4233700
1991-05,TOA PAYOH,3 ROOM,70,LOR 4 TOA PAYOH,64,STANDARD,1969,13,17000,145000,88000,1144000
1991-06,TOA PAYOH,3 ROOM,71,LOR 4 TOA PAYOH,58,STANDARD,1969,17,22000,195000,95647,1626000
1990-01,TOA PAYOH,3 ROOM,73,LOR 4 TOA PAYOH,72,STANDARD,1973,79,16800,210000,100751,7959300
1999-12,TOA PAYOH,5 ROOM,80,LOR 4 TOA PAYOH,123,IMPROVED,1996,1,469000,469000,469000,469000
1999-12,TOA PAYOH,4 ROOM,82,LOR 4 TOA PAYOH,105,MODEL A,1996,5,350000,515000,413900,2069500
1990-04,TOA PAYOH,3 ROOM,85,LOR 4 TOA PAYOH,68,IMPROVED,1972,2,35000,36500,35750,71500
1990-01,TOA PAYOH,3 ROOM,85A,LOR 4 TOA PAYOH,68,IMPROVED,1972,62,30000,253500,124709,7731940
1990-01,TOA PAYOH,3 ROOM,85B,LOR 4 TOA PAYOH,68,IMPROVED,1972,57,29000,250000,151982,8663000
1990-02,TOA PAYOH,3 ROOM,85C,LOR 4 TOA PAYOH,68,IMPROVED,1972,55,28600,258000,124395,6841700
1990-09,TOA PAYOH,3 ROOM,92,LOR 4 TOA PAYOH,60,STANDARD,1967,13,20000,192000,97115,1262500
1992-05,TOA PAYOH,3 ROOM,94,LOR 4 TOA PAYOH,60,STANDARD,1967,13,20000,187000,131462,1709000
1990-01,TOA PAYOH,3 ROOM,95,LOR 4 TOA PAYOH,60,STANDARD,1967,15,21500,150000,63627,954400
1990-01,TOA PAYOH,3 ROOM,30,LOR 5 TOA PAYOH,60,IMPROVED,1970,68,29000,210000,109518,7447200
1990-06,TOA PAYOH,3 ROOM,34,LOR 5 TOA PAYOH,67,IMPROVED,1970,82,30000,220000,114027,9350200
1990-02,TOA PAYOH,3 ROOM,38,LOR 5 TOA PAYOH,67,IMPROVED,1970,93,28600,222000,122490,11391600
1997-10,TOA PAYOH,4 ROOM,43,LOR 5 TOA PAYOH,109,MODEL A,1993,18,283000,476000,383772,6907900
1997-05,TOA PAYOH,5 ROOM,44,LOR 5 TOA PAYOH,121,IMPROVED,1993,26,390000,510000,450827,11721500
1998-01,TOA PAYOH,4 ROOM,45,LOR 5 TOA PAYOH,107,MODEL A,1993,24,275000,540000,401471,9635300
1995-04,TOA PAYOH,5 ROOM,46,LOR 5 TOA PAYOH,134,MODEL A,1993,24,420000,528000,467500,11220000
1995-11,TOA PAYOH,5 ROOM,48,LOR 5 TOA PAYOH,136,MODEL A,1993,20,417000,515000,461100,9222000
1997-05,TOA PAYOH,5 ROOM,49,LOR 5 TOA PAYOH,136,MODEL A,1993,23,423000,570000,491191,11297389
1997-06,TOA PAYOH,5 ROOM,50,LOR 5 TOA PAYOH,126,IMPROVED,1993,37,412000,565000,475562,17595788
1990-01,TOA PAYOH,3 ROOM,53,LOR 5 TOA PAYOH,68,IMPROVED,1968,63,32000,236000,121714,7668000
1990-03,TOA PAYOH,3 ROOM,57,LOR 5 TOA PAYOH,61,STANDARD,1973,56,17500,175000,102550,5742800
1990-01,TOA PAYOH,3 ROOM,59,LOR 5 TOA PAYOH,61,STANDARD,1973,56,18000,190000,97432,5456200
1991-06,TOA PAYOH,3 ROOM,61,LOR 5 TOA PAYOH,65,IMPROVED,1967,38,21500,198000,111539,4238500
1990-05,TOA PAYOH,3 ROOM,72,LOR 5 TOA PAYOH,64,STANDARD,1969,6,21000,180000,103833,623000
1990-04,TOA PAYOH,3 ROOM,47,LOR 6 TOA PAYOH,58,STANDARD,1969,34,17500,188000,104456,3551500
1990-02,TOA PAYOH,2 ROOM,51,LOR 6 TOA PAYOH,50,STANDARD,1983,140,14000,195000,86245,12074290
1990-01,TOA PAYOH,3 ROOM,1,LOR 7 TOA PAYOH,67,IMPROVED,1969,83,29000,233000,131428,10908500
1990-01,TOA PAYOH,3 ROOM,12,LOR 7 TOA PAYOH,66,IMPROVED,1970,81,30000,206000,118529,9600840
1990-01,TOA PAYOH,3 ROOM,13,LOR 7 TOA PAYOH,66,IMPROVED,1970,88,29000,209000,109653,9649500
1990-01,TOA PAYOH,3 ROOM,17,LOR 7 TOA PAYOH,67,IMPROVED,1971,131,29000,235000,120415,15774340
1990-04,TOA PAYOH,3 ROOM,18,LOR 7 TOA PAYOH,67,IMPROVED,1970,55,38000,223000,110295,6066200
1990-01,TOA PAYOH,3 ROOM,2,LOR 7 TOA PAYOH,67,IMPROVED,1969,101,28600,228000,132847,13417498
1990-09,TOA PAYOH,3 ROOM,20,LOR 7 TOA PAYOH,67,IMPROVED,1970,53,32000,222800,123498,6545400
1990-06,TOA PAYOH,3 ROOM,3,LOR 7 TOA PAYOH,68,IMPROVED,1969,64,30000,253000,138767,8881100
1990-03,TOA PAYOH,3 ROOM,4,LOR 7 TOA PAYOH,68.2,IMPROVED,1969,55,30000,219000,102484,5636640
1990-02,TOA PAYOH,3 ROOM,8,LOR 7 TOA PAYOH,66,IMPROVED,1970,58,28600,203800,108709,6305150
1990-01,TOA PAYOH,3 ROOM,9,LOR 7 TOA PAYOH,66,IMPROVED,1970,78,29000,203000,107684,8399350
1990-03,TOA PAYOH,4 ROOM,213,LOR 8 TOA PAYOH,82,IMPROVED,1975,53,50000,335000,214386,11362480
1990-05,TOA PAYOH,4 ROOM,214,LOR 8 TOA PAYOH,82,IMPROVED,1975,76,46900,334000,209613,15930600
1990-03,TOA PAYOH,5 ROOM,215,LOR 8 TOA PAYOH,114,STANDARD,1975,45,105000,515000,320711,14432000
1990-03,TOA PAYOH,5 ROOM,216,LOR 8 TOA PAYOH,117,STANDARD,1975,53,90000,520000,281774,14934000
1990-04,TOA PAYOH,5 ROOM,217,LOR 8 TOA PAYOH,117,STANDARD,1976,64,100000,505000,328639,21032908
1990-01,TOA PAYOH,5 ROOM,218,LOR 8 TOA PAYOH,117,STANDARD,1978,68,108000,480000,311188,21160800
1990-02,TOA PAYOH,4 ROOM,219,LOR 8 TOA PAYOH,82,IMPROVED,1978,78,46000,320000,194576,15176950
1990-11,TOA PAYOH,4 ROOM,220,LOR 8 TOA PAYOH,82,IMPROVED,1976,51,60000,320000,206745,10544000
1990-03,TOA PAYOH,4 ROOM,221,LOR 8 TOA PAYOH,82,IMPROVED,1976,50,60000,335000,192705,9635260
1990-02,TOA PAYOH,4 ROOM,222,LOR 8 TOA PAYOH,82,IMPROVED,1976,89,55000,326000,193058,17182188
1990-02,TOA PAYOH,5 ROOM,223,LOR 8 TOA PAYOH,117,STANDARD,1976,52,78500,470000,310258,16133405
1990-05,TOA PAYOH,5 ROOM,224,LOR 8 TOA PAYOH,114,STANDARD,1976,57,110000,488000,290972,16585400
1990-01,TOA PAYOH,3 ROOM,225,LOR 8 TOA PAYOH,65,IMPROVED,1976,59,38000,223000,121017,7140000
1990-12,TOA PAYOH,4 ROOM,226,LOR 8 TOA PAYOH,82,IMPROVED,1976,43,65000,315000,220837,9496000
1990-01,TOA PAYOH,4 ROOM,227,LOR 8 TOA PAYOH,82,IMPROVED,1976,43,62700,335000,203465,8749000
1990-08,TOA PAYOH,4 ROOM,228,LOR 8 TOA PAYOH,82,IMPROVED,1976,60,57000,340000,224733,13484000
1990-03,TOA PAYOH,5 ROOM,229,LOR 8 TOA PAYOH,117,STANDARD,1976,44,100000,500000,290318,12774000
1990-02,TOA PAYOH,5 ROOM,230,LOR 8 TOA PAYOH,117,STANDARD,1976,45,110000,478000,302871,13629200
1990-07,TOA PAYOH,3 ROOM,231,LOR 8 TOA PAYOH,65,IMPROVED,1976,73,30000,230000,113219,8265000
1990-01,TOA PAYOH,3 ROOM,232,LOR 8 TOA PAYOH,76,IMPROVED,1976,76,32000,225000,112858,8577200
1990-03,TOA PAYOH,3 ROOM,233,LOR 8 TOA PAYOH,66,IMPROVED,1981,58,29000,212000,106845,6197000
1990-03,TOA PAYOH,3 ROOM,234,LOR 8 TOA PAYOH,65,IMPROVED,1976,30,31000,203000,116400,3492000
1990-03,TOA PAYOH,3 ROOM,235,LOR 8 TOA PAYOH,65,IMPROVED,1976,52,30000,247000,116029,6033500
1990-01,HOUGANG,EXECUTIVE,128,LOR AH SOO,149,MAISONETTE,1984,64,179000,645000,388912,24890388
1990-04,HOUGANG,4 ROOM,129,LOR AH SOO,106,MODEL A,1985,120,64000,545000,250180,30021556
1990-10,HOUGANG,4 ROOM,130,LOR AH SOO,103,MODEL A,1984,30,75000,330000,221643,6649300
1993-11,HOUGANG,5 ROOM,131,LOR AH SOO,144,MODEL A-MAISONETTE,1984,5,310000,470000,367400,1837000
1990-01,HOUGANG,EXECUTIVE,132,LOR AH SOO,151,MAISONETTE,1984,59,179000,617000,408864,24123000
1990-01,HOUGANG,5 ROOM,133,LOR AH SOO,144,MODEL A-MAISONETTE,1985,70,80000,500000,231179,16182500
1991-06,HOUGANG,4 ROOM,134,LOR AH SOO,103,MODEL A,1984,30,107000,342000,246233,7387000
1990-01,HOUGANG,4 ROOM,135,LOR AH SOO,106,MODEL A,1985,121,64000,520000,251312,30408700
1992-10,HOUGANG,5 ROOM,136,LOR AH SOO,138,MODEL A-MAISONETTE,1984,3,150000,385000,253667,761000
1990-01,HOUGANG,4 ROOM,137,LOR AH SOO,104,MODEL A,1985,65,95000,465000,244268,15877400
1990-01,HOUGANG,5 ROOM,138,LOR AH SOO,132,MODEL A,1984,49,95000,463000,252126,12354189
1990-02,HOUGANG,5 ROOM,139,LOR AH SOO,132,MODEL A,1984,49,87000,470000,257445,12614800
1990-01,HOUGANG,5 ROOM,140,LOR AH SOO,131,MODEL A,1984,48,142000,489000,336844,16168500
1990-01,HOUGANG,EXECUTIVE,141,LOR AH SOO,146,MAISONETTE,1985,53,145000,660000,367758,19491168
1990-01,HOUGANG,4 ROOM,142,LOR AH SOO,108,MODEL A,1984,75,97000,495000,252719,18953900
1990-07,HOUGANG,4 ROOM,143,LOR AH SOO,108,MODEL A,1984,56,97000,510000,243148,13616300
1990-03,HOUGANG,EXECUTIVE,144,LOR AH SOO,148,MAISONETTE,1984,63,170000,580000,388129,24452100
1990-02,HOUGANG,EXECUTIVE,145,LOR AH SOO,148,MAISONETTE,1984,69,178000,596000,384174,26508000
1990-02,SERANGOON,3 ROOM,1,LOR LEW LIAN,64,IMPROVED,1978,69,32000,233000,123191,8500200
1990-03,SERANGOON,3 ROOM,2,LOR LEW LIAN,59,IMPROVED,1983,63,33000,250000,127376,8024700
1990-12,SERANGOON,3 ROOM,3,LOR LEW LIAN,64,IMPROVED,1978,46,40000,253000,137210,6311676
1990-04,SERANGOON,3 ROOM,4,LOR LEW LIAN,73,IMPROVED,1978,57,36000,213000,119526,6813000
1990-01,SERANGOON,3 ROOM,5,LOR LEW LIAN,64,IMPROVED,1978,55,30000,238000,130387,7171300
1990-01,SERANGOON,4 ROOM,6,LOR LEW LIAN,98,NEW GENERATION,1978,33,79000,333000,216121,7132000
1990-03,SERANGOON,4 ROOM,7,LOR LEW LIAN,98,NEW GENERATION,1978,40,65000,343000,211090,8443600
1990-06,KALLANG/WHAMPOA,3 ROOM,76,LOR LIMAU,65,IMPROVED,1973,66,34000,175000,104641,6906300
1990-01,KALLANG/WHAMPOA,3 ROOM,77,LOR LIMAU,59,IMPROVED,1973,72,35000,200000,109610,7891900
1990-04,BUKIT MERAH,3 ROOM,32,LOWER DELTA RD,60,IMPROVED,1972,46,45000,203000,117748,5416400
1990-01,GEYLANG,2 ROOM,81,MACPHERSON LANE,50,STANDARD,1968,115,12000,119000,59837,6881300
1990-03,GEYLANG,3 ROOM,82,MACPHERSON LANE,64,STANDARD,1968,52,18000,173000,77188,4013800
1990-02,GEYLANG,2 ROOM,83,MACPHERSON LANE,50,STANDARD,1968,48,13500,162000,77169,3704100
1990-01,QUEENSTOWN,3 ROOM,96,MARGARET DR,59,IMPROVED,1975,86,30000,225000,120210,10338100
1990-03,MARINE PARADE,5 ROOM,27,MARINE CRES,128,STANDARD,1975,41,110000,614000,400793,16432500
1990-07,MARINE PARADE,5 ROOM,28,MARINE CRES,126,STANDARD,1975,44,110000,565000,382223,16817800
1990-05,MARINE PARADE,5 ROOM,29,MARINE CRES,120,STANDARD,1975,37,130000,600000,417711,15455300
1990-01,MARINE PARADE,3 ROOM,30,MARINE CRES,76,IMPROVED,1975,121,30000,310000,157783,19091800
1990-01,MARINE PARADE,3 ROOM,31,MARINE CRES,65,IMPROVED,1975,128,29000,305000,150759,19297200
1990-01,MARINE PARADE,3 ROOM,32,MARINE CRES,65,IMPROVED,1975,113,35000,300000,160445,18130300
1990-03,MARINE PARADE,3 ROOM,33,MARINE CRES,76,IMPROVED,1975,124,30000,310000,149145,18494000
1990-07,MARINE PARADE,3 ROOM,34,MARINE CRES,70,IMPROVED,1975,70,40000,350000,194231,13596200
1990-01,MARINE PARADE,3 ROOM,35,MARINE CRES,59,IMPROVED,1975,82,29000,350000,182104,14932500
1990-01,MARINE PARADE,5 ROOM,43,MARINE CRES,120,STANDARD,1975,54,155000,620000,415813,22453920
1990-02,MARINE PARADE,5 ROOM,44,MARINE CRES,120,STANDARD,1975,42,110000,600000,399841,16793333
1990-02,MARINE PARADE,4 ROOM,45,MARINE CRES,88,IMPROVED,1975,62,65500,373000,249789,15486888
1990-05,MARINE PARADE,3 ROOM,46,MARINE CRES,65,IMPROVED,1975,71,29000,255000,158387,11245500
1990-03,MARINE PARADE,3 ROOM,47,MARINE CRES,65,IMPROVED,1975,102,29000,283000,134809,13750500
1990-02,MARINE PARADE,4 ROOM,60,MARINE DR,87,IMPROVED,1976,61,64400,413000,277211,16909888
1991-01,MARINE PARADE,4 ROOM,61,MARINE DR,87,IMPROVED,1976,54,66000,430000,283417,15304500
1990-01,MARINE PARADE,4 ROOM,62,MARINE DR,87,IMPROVED,1976,76,65000,410000,264129,20073800
1990-02,MARINE PARADE,4 ROOM,63,MARINE DR,87,IMPROVED,1976,71,65000,428000,268687,19076800
1990-04,MARINE PARADE,3 ROOM,64,MARINE DR,79,IMPROVED,1976,87,45000,333000,187124,16279800
1990-02,MARINE PARADE,3 ROOM,65,MARINE DR,65,IMPROVED,1976,80,29500,340000,178946,14315700
1990-01,MARINE PARADE,3 ROOM,66,MARINE DR,65,IMPROVED,1976,104,29000,330000,187027,19450800
1990-01,MARINE PARADE,3 ROOM,67,MARINE DR,65,IMPROVED,1976,91,35000,325000,182670,16622980
1990-01,MARINE PARADE,5 ROOM,71,MARINE DR,126,STANDARD,1977,47,100000,658000,417631,19628670
1990-01,MARINE PARADE,5 ROOM,72,MARINE DR,120,STANDARD,1977,57,100000,635000,394084,22462800
1990-01,MARINE PARADE,5 ROOM,73,MARINE DR,117,STANDARD,1977,37,110000,582000,373143,13806300
1990-03,MARINE PARADE,4 ROOM,74,MARINE DR,82,IMPROVED,1976,41,83000,380000,228363,9362888
1990-03,MARINE PARADE,4 ROOM,75,MARINE DR,82,IMPROVED,1976,44,65000,385000,256027,11265200
1990-06,MARINE PARADE,4 ROOM,76,MARINE DR,82,IMPROVED,1976,45,70000,415000,242351,10905800
1990-03,MARINE PARADE,5 ROOM,77,MARINE DR,120,STANDARD,1977,46,126000,600000,400333,18415300
1990-01,MARINE PARADE,5 ROOM,78,MARINE DR,122,STANDARD,1977,44,110000,620000,381920,16804500
1990-03,MARINE PARADE,5 ROOM,79,MARINE DR,120,STANDARD,1977,45,110000,605000,390400,17568000
1990-04,MARINE PARADE,5 ROOM,1,MARINE TER,120,STANDARD,1975,52,109900,668000,374363,19466900
1990-01,MARINE PARADE,5 ROOM,12,MARINE TER,120,STANDARD,1975,50,100000,610000,368290,18414500
1990-01,MARINE PARADE,5 ROOM,13,MARINE TER,126,STANDARD,1975,39,109900,615000,410728,16018400
1990-01,MARINE PARADE,5 ROOM,14,MARINE TER,120,STANDARD,1975,43,90000,630000,372023,15997000
1990-06,MARINE PARADE,4 ROOM,17,MARINE TER,82,IMPROVED,1975,65,66000,383000,240131,15608500
1990-02,MARINE PARADE,4 ROOM,18,MARINE TER,88,IMPROVED,1975,66,65000,425000,240433,15868600
1990-01,MARINE PARADE,3 ROOM,19,MARINE TER,65,IMPROVED,1975,54,30000,359000,172208,9299230
1990-02,MARINE PARADE,5 ROOM,2,MARINE TER,122,STANDARD,1975,48,130000,610000,389454,18693800
1990-03,MARINE PARADE,3 ROOM,20,MARINE TER,65,IMPROVED,1975,48,39000,360000,204844,9832500
1990-01,MARINE PARADE,5 ROOM,3,MARINE TER,120,STANDARD,1975,59,110000,610000,400729,23643000
1990-01,MARINE PARADE,3 ROOM,4,MARINE TER,65,IMPROVED,1975,71,34000,265000,152620,10836000
1990-03,MARINE PARADE,3 ROOM,5,MARINE TER,65,IMPROVED,1975,76,38000,268000,138836,10551500
1990-03,MARINE PARADE,4 ROOM,54,MARINE TER,88,IMPROVED,1975,58,64000,400000,246919,14321300
1990-01,MARINE PARADE,4 ROOM,55,MARINE TER,88,IMPROVED,1975,62,60000,385000,222772,13811888
1990-02,MARINE PARADE,3 ROOM,57,MARINE TER,65,IMPROVED,1975,78,34000,260000,136755,10666888
1990-08,MARINE PARADE,3 ROOM,58,MARINE TER,65,IMPROVED,1975,54,30000,243500,139969,7558300
1991-02,MARINE PARADE,3 ROOM,59,MARINE TER,65,IMPROVED,1975,73,30000,255000,157682,11510800
1990-03,MARINE PARADE,3 ROOM,6,MARINE TER,65,IMPROVED,1975,86,29000,295000,144112,12393600
1990-01,MARINE PARADE,3 ROOM,7,MARINE TER,70,IMPROVED,1975,68,30000,278000,140523,9555578
1990-02,MARINE PARADE,3 ROOM,8,MARINE TER,65,IMPROVED,1975,61,40000,254000,151779,9258500
1990-01,WOODLANDS,3 ROOM,212,MARSILING CRES,74,MODEL A,1983,76,37300,308000,130476,9916200
1990-01,WOODLANDS,3 ROOM,213,MARSILING CRES,74,MODEL A,1982,83,37300,278000,134160,11135300
1990-01,WOODLANDS,3 ROOM,217,MARSILING CRES,74,MODEL A,1982,83,37300,278000,132319,10982500
1990-09,WOODLANDS,3 ROOM,218,MARSILING CRES,81,NEW GENERATION,1986,55,36000,188000,107151,5893300
1990-01,WOODLANDS,3 ROOM,1,MARSILING DR,65,IMPROVED,1974,97,20400,150000,78857,7649150
1990-01,WOODLANDS,5 ROOM,10,MARSILING DR,126,STANDARD,1976,45,60000,342000,210933,9492000
1990-10,WOODLANDS,5 ROOM,11,MARSILING DR,123,STANDARD,1976,47,65000,355000,230128,10816000
1990-01,WOODLANDS,3 ROOM,2,MARSILING DR,65,IMPROVED,1974,165,20400,173000,82003,13530500
1990-08,WOODLANDS,4 ROOM,201,MARSILING DR,91,NEW GENERATION,1980,59,48000,270000,170471,10057800
1990-03,WOODLANDS,3 ROOM,202,MARSILING DR,68,NEW GENERATION,1981,119,28000,268000,121656,14477100
1990-01,WOODLANDS,3 ROOM,203,MARSILING DR,68,NEW GENERATION,1981,71,27300,260000,104635,7429100
1990-01,WOODLANDS,3 ROOM,204,MARSILING DR,68,NEW GENERATION,1981,180,27300,260000,107436,19338400
1990-01,WOODLANDS,4 ROOM,205,MARSILING DR,91,NEW GENERATION,1980,87,41700,270000,168077,14622680
1990-01,WOODLANDS,3 ROOM,206,MARSILING DR,68,NEW GENERATION,1981,120,28000,249000,106577,12789250
1990-01,WOODLANDS,3 ROOM,22,MARSILING DR,67,NEW GENERATION,1977,130,27300,233000,111692,14520000
1990-02,WOODLANDS,3 ROOM,23,MARSILING DR,82,NEW GENERATION,1977,126,27300,206000,101990,12850700
1990-01,WOODLANDS,3 ROOM,24,MARSILING DR,82,NEW GENERATION,1977,124,27300,240000,108123,13407200
1990-01,WOODLANDS,4 ROOM,25,MARSILING DR,91,NEW GENERATION,1977,67,43000,245000,167137,11198200
1990-09,WOODLANDS,4 ROOM,26,MARSILING DR,92,NEW GENERATION,1977,51,48000,264000,161431,8233000
1990-05,WOODLANDS,4 ROOM,27,MARSILING DR,91,NEW GENERATION,1977,52,58000,265000,172588,8974600
1990-08,WOODLANDS,4 ROOM,28,MARSILING DR,97,NEW GENERATION,1977,62,50000,270000,159861,9911400
1990-01,WOODLANDS,4 ROOM,29,MARSILING DR,98,NEW GENERATION,1979,57,50000,260000,169807,9679000
1990-02,WOODLANDS,3 ROOM,30,MARSILING DR,73,NEW GENERATION,1977,118,27700,223000,108859,12845408
1990-01,WOODLANDS,3 ROOM,31,MARSILING DR,73,NEW GENERATION,1977,92,27300,262000,115269,10604720
1990-02,WOODLANDS,3 ROOM,32,MARSILING DR,73,NEW GENERATION,1980,77,28000,250000,118378,9115088
1990-02,WOODLANDS,4 ROOM,33,MARSILING DR,98,NEW GENERATION,1978,63,56000,265000,172746,10883000
1991-01,WOODLANDS,4 ROOM,34,MARSILING DR,98,NEW GENERATION,1978,76,43000,267000,158078,12013900
1990-01,WOODLANDS,5 ROOM,35,MARSILING DR,115,STANDARD,1977,57,78000,365000,237242,13522800
1990-01,WOODLANDS,5 ROOM,36,MARSILING DR,124,STANDARD,1978,67,75000,440000,250018,16751180
1990-02,WOODLANDS,5 ROOM,37,MARSILING DR,124,STANDARD,1978,65,60000,405000,242905,15788800
1990-03,WOODLANDS,4 ROOM,5,MARSILING DR,90,IMPROVED,1974,37,45000,220000,133027,4922000
1990-01,WOODLANDS,3 ROOM,6,MARSILING DR,65,IMPROVED,1976,102,20400,159000,82386,8403400
1990-03,WOODLANDS,4 ROOM,7,MARSILING DR,90,IMPROVED,1976,72,35000,215000,132462,9537300
1990-01,WOODLANDS,4 ROOM,8,MARSILING DR,88,IMPROVED,1976,61,45000,220000,141500,8631500
1990-07,WOODLANDS,5 ROOM,9,MARSILING DR,117,STANDARD,1976,49,74000,350000,221516,10854300
1990-01,WOODLANDS,3 ROOM,12,MARSILING LANE,76,IMPROVED,1976,110,20400,160000,84207,9262800
1990-01,WOODLANDS,3 ROOM,13,MARSILING LANE,65,IMPROVED,1976,83,20400,210000,89730,7447600
1990-01,WOODLANDS,3 ROOM,15,MARSILING LANE,65,IMPROVED,1976,110,20400,162500,78884,8677200
1990-02,WOODLANDS,3 ROOM,17,MARSILING LANE,65,IMPROVED,1984,96,22700,158000,88753,8520300
1990-03,WOODLANDS,5 ROOM,214,MARSILING LANE,118,IMPROVED,1981,61,75000,411000,244980,14943760
1990-04,WOODLANDS,5 ROOM,215,MARSILING LANE,118,IMPROVED,1980,55,63400,400000,242469,13335800
1990-06,WOODLANDS,5 ROOM,216,MARSILING LANE,118,IMPROVED,1981,62,75000,400000,246573,15287500
1999-01,WOODLANDS,5 ROOM,134,MARSILING RD,134,MODEL A,1995,31,282000,445000,375484,11640000
1998-12,WOODLANDS,EXECUTIVE,135,MARSILING RD,158,APARTMENT,1995,7,380000,423000,399000,2793000
1994-08,WOODLANDS,EXECUTIVE,136,MARSILING RD,173,APARTMENT,1995,7,270000,430000,360571,2524000
1990-12,WOODLANDS,5 ROOM,137,MARSILING RD,121,IMPROVED,1985,55,103000,388000,255882,14073500
1999-02,WOODLANDS,5 ROOM,138,MARSILING RD,134,MODEL A,1995,30,287000,438000,386000,11580000
1998-12,WOODLANDS,EXECUTIVE,139,MARSILING RD,174,APARTMENT,1995,18,305000,448000,392889,7072000
1992-01,WOODLANDS,4 ROOM,140,MARSILING RD,93,NEW GENERATION,1985,12,56000,263000,180917,2171000
1998-10,WOODLANDS,5 ROOM,141,MARSILING RD,134,MODEL A,1995,30,285000,467500,371517,11145500
1998-09,WOODLANDS,EXECUTIVE,142,MARSILING RD,174,APARTMENT,1995,26,263000,443000,369962,9619000
1993-07,WOODLANDS,4 ROOM,143,MARSILING RD,91,NEW GENERATION,1985,12,73000,250000,192833,2314000
1999-08,WOODLANDS,EXECUTIVE,114,MARSILING RISE,170,APARTMENT,1995,2,410000,420000,415000,830000
1999-08,WOODLANDS,4 ROOM,115,MARSILING RISE,111,MODEL A,1995,15,207000,452000,359320,5389800
1999-05,WOODLANDS,EXECUTIVE,116,MARSILING RISE,160,APARTMENT,1995,4,365000,400000,378500,1514000
1998-12,WOODLANDS,EXECUTIVE,117,MARSILING RISE,160,APARTMENT,1995,2,390000,443000,416500,833000
1999-03,WOODLANDS,5 ROOM,118,MARSILING RISE,134,MODEL A,1995,20,300000,442000,377600,7552000
1999-07,WOODLANDS,4 ROOM,119,MARSILING RISE,111,MODEL A,1995,16,233000,471000,342719,5483500
1990-07,WOODLANDS,5 ROOM,120,MARSILING RISE,121,IMPROVED,1985,76,46000,406000,246536,18736700
1999-05,WOODLANDS,EXECUTIVE,121,MARSILING RISE,170,APARTMENT,1995,2,362000,401000,381500,763000
1999-01,WOODLANDS,EXECUTIVE,122,MARSILING RISE,170,APARTMENT,1995,4,360000,429000,393075,1572300
1990-07,WOODLANDS,5 ROOM,123,MARSILING RISE,121,IMPROVED,1985,67,60000,415000,255351,17108500
1999-11,WOODLANDS,4 ROOM,124,MARSILING RISE,107,MODEL A,1995,4,260000,431000,346500,1386000
1990-01,WOODLANDS,3 ROOM,125,MARSILING RISE,69,IMPROVED,1985,41,30000,362000,159756,6549980
1999-08,WOODLANDS,EXECUTIVE,126,MARSILING RISE,160,APARTMENT,1995,1,335000,335000,335000,335000
1991-05,WOODLANDS,4 ROOM,127,MARSILING RISE,93,NEW GENERATION,1985,16,64000,257000,177875,2846000
1996-03,WOODLANDS,5 ROOM,128,MARSILING RISE,134,MODEL A,1995,13,315000,445000,410385,5335000
1990-05,WOODLANDS,3 ROOM,129,MARSILING RISE,69,IMPROVED,1985,57,22700,363000,157707,8989300
1990-01,WOODLANDS,3 ROOM,130,MARSILING RISE,69,IMPROVED,1985,42,26300,318000,136283,5723900
1990-03,WOODLANDS,3 ROOM,131,MARSILING RISE,60,IMPROVED,1985,57,30000,351000,107937,6152400
1999-05,WOODLANDS,5 ROOM,133,MARSILING RISE,134,MODEL A,1995,8,302000,445000,385500,3084000
1992-02,KALLANG/WHAMPOA,4 ROOM,108,MCNAIR RD,104,MODEL A,1987,61,127000,500000,322979,19701718
1992-05,KALLANG/WHAMPOA,4 ROOM,109,MCNAIR RD,104,MODEL A,1987,37,165000,484000,304030,11249100
1992-02,KALLANG/WHAMPOA,EXECUTIVE,110,MCNAIR RD,140,APARTMENT,1987,47,232000,650000,442226,20784600
1991-04,KALLANG/WHAMPOA,4 ROOM,111,MCNAIR RD,104,MODEL A,1987,47,92000,420000,243064,11424000
1992-11,KALLANG/WHAMPOA,3 ROOM,112,MCNAIR RD,64,SIMPLIFIED,1987,23,60000,502000,315995,7267888
1992-06,KALLANG/WHAMPOA,4 ROOM,119,MCNAIR RD,104,MODEL A,1987,34,95000,540000,300897,10230500
1992-05,KALLANG/WHAMPOA,4 ROOM,120,MCNAIR RD,84,SIMPLIFIED,1987,45,80000,435000,277273,12477300
1992-01,KALLANG/WHAMPOA,4 ROOM,121,MCNAIR RD,104,MODEL A,1987,40,120000,530000,323580,12943200
1992-02,KALLANG/WHAMPOA,4 ROOM,122,MCNAIR RD,104,MODEL A,1987,38,60000,568000,265584,10092200
1991-11,KALLANG/WHAMPOA,3 ROOM,123,MCNAIR RD,64,SIMPLIFIED,1987,39,59900,380000,205664,8020900
1991-12,KALLANG/WHAMPOA,4 ROOM,124,MCNAIR RD,88,SIMPLIFIED,1987,36,60000,345000,206667,7440000
1999-03,QUEENSTOWN,4 ROOM,143,MEI LING ST,109,MODEL A,1995,11,330000,560000,408818,4497000
1999-05,QUEENSTOWN,5 ROOM,145,MEI LING ST,129,IMPROVED,1995,8,318000,484000,431000,3448000
1999-05,QUEENSTOWN,5 ROOM,146,MEI LING ST,135,MODEL A,1995,19,501000,562000,532105,10110000
1999-01,QUEENSTOWN,EXECUTIVE,147,MEI LING ST,154,MAISONETTE,1995,5,518000,590000,562200,2811000
1999-06,QUEENSTOWN,EXECUTIVE,148,MEI LING ST,150,APARTMENT,1995,22,525000,731000,604682,13303000
1999-02,QUEENSTOWN,EXECUTIVE,149,MEI LING ST,142,APARTMENT,1995,14,533000,640000,591986,8287800
1994-09,QUEENSTOWN,EXECUTIVE,150,MEI LING ST,142,APARTMENT,1995,30,490000,680000,590130,17703900
1990-03,QUEENSTOWN,3 ROOM,152,MEI LING ST,67,IMPROVED,1970,24,38000,185000,94271,2262500
1990-02,QUEENSTOWN,3 ROOM,153,MEI LING ST,67,IMPROVED,1970,34,34000,210000,104065,3538200
1991-01,QUEENSTOWN,3 ROOM,154,MEI LING ST,67,IMPROVED,1970,46,32500,206000,125554,5775500
1990-02,QUEENSTOWN,3 ROOM,157,MEI LING ST,69,IMPROVED,1970,58,30000,195000,115817,6717388
1990-07,QUEENSTOWN,3 ROOM,158,MEI LING ST,66,IMPROVED,1970,40,35000,201000,125018,5000700
1990-01,QUEENSTOWN,3 ROOM,160,MEI LING ST,72,IMPROVED,1970,108,44000,325000,156104,16859240
1990-01,QUEENSTOWN,3 ROOM,161,MEI LING ST,72,IMPROVED,1970,127,35000,346000,155741,19779120
1990-04,QUEENSTOWN,3 ROOM,162,MEI LING ST,66,IMPROVED,1970,37,36000,183000,116230,4300500
1995-11,BUKIT MERAH,3 ROOM,36,MOH GUAN TER,75,STANDARD,1973,1,190000,190000,190000,190000
1990-07,BUKIT MERAH,3 ROOM,43,MOH GUAN TER,77,STANDARD,1973,5,25000,93000,55000,275000
1991-08,BUKIT MERAH,3 ROOM,44,MOH GUAN TER,77,STANDARD,1973,12,26000,200000,85583,1027000
1990-01,BUKIT MERAH,3 ROOM,47,MOH GUAN TER,77,STANDARD,1973,11,25000,275000,85336,938700
1990-03,BUKIT MERAH,2 ROOM,48,MOH GUAN TER,67,STANDARD,1973,8,30000,218000,111625,893000
1991-09,BUKIT MERAH,3 ROOM,50,MOH GUAN TER,88,STANDARD,1973,5,60000,265000,189600,948000
1990-01,KALLANG/WHAMPOA,4 ROOM,69,MOULMEIN RD,84,IMPROVED,1972,53,60000,360000,204570,10842200
1990-02,CENTRAL AREA,2 ROOM,32,NEW MKT RD,52,STANDARD,1983,43,22000,190000,84525,3634580
1993-06,BEDOK,3 ROOM,210,NEW UPP CHANGI RD,68,NEW GENERATION,1980,14,78000,218000,151663,2123280
1990-11,BEDOK,3 ROOM,211,NEW UPP CHANGI RD,68,NEW GENERATION,1980,22,47000,235000,125568,2762500
1990-12,BEDOK,4 ROOM,24,NEW UPP CHANGI RD,98,NEW GENERATION,1978,70,34000,321000,151836,10628500
1990-02,BEDOK,3 ROOM,27,NEW UPP CHANGI RD,65,IMPROVED,1982,116,26000,210000,115751,13427150
1990-01,BEDOK,3 ROOM,28,NEW UPP CHANGI RD,65,IMPROVED,1977,107,26000,216000,99821,10680800
1990-01,BEDOK,3 ROOM,29,NEW UPP CHANGI RD,65,IMPROVED,1977,105,27000,207000,113370,11903850
1990-01,BEDOK,3 ROOM,30,NEW UPP CHANGI RD,65,IMPROVED,1977,101,25100,205000,109689,11078600
1990-01,BEDOK,4 ROOM,51,NEW UPP CHANGI RD,84,IMPROVED,1977,91,56000,315000,186273,16950800
1990-02,BEDOK,4 ROOM,52,NEW UPP CHANGI RD,84,IMPROVED,1977,62,57000,320000,187855,11647000
1990-01,BEDOK,4 ROOM,53,NEW UPP CHANGI RD,84,IMPROVED,1977,68,57000,303000,183181,12456300
1990-01,BEDOK,5 ROOM,54,NEW UPP CHANGI RD,118,STANDARD,1977,41,102000,520000,323768,13274500
1990-05,BEDOK,5 ROOM,55,NEW UPP CHANGI RD,118,STANDARD,1977,55,95000,495000,327503,18012688
1990-02,BEDOK,3 ROOM,57,NEW UPP CHANGI RD,68,IMPROVED,1985,106,30000,218000,115708,12265100
1999-12,BEDOK,3 ROOM,59,NEW UPP CHANGI RD,65,IMPROVED,1978,1,134000,134000,134000,134000
1990-08,BEDOK,5 ROOM,60,NEW UPP CHANGI RD,118,STANDARD,1977,58,97000,537000,335388,19452500
1990-02,BEDOK,5 ROOM,61,NEW UPP CHANGI RD,118,STANDARD,1977,48,103000,460000,313635,15054500
1990-01,BEDOK,4 ROOM,62,NEW UPP CHANGI RD,92,NEW GENERATION,1978,60,70000,370000,200331,12019888
1991-08,BEDOK,4 ROOM,63,NEW UPP CHANGI RD,92,NEW GENERATION,1978,54,56000,342000,213252,11515600
1990-03,BEDOK,4 ROOM,64,NEW UPP CHANGI RD,92,NEW GENERATION,1978,52,72000,360000,225492,11725600
1991-01,BEDOK,4 ROOM,65,NEW UPP CHANGI RD,92,NEW GENERATION,1978,43,70000,340000,221686,9532500
1990-04,BUKIT MERAH,3 ROOM,51,NILE RD,51,STANDARD,1969,46,17500,263500,104135,4790200
1990-04,BUKIT MERAH,3 ROOM,54,NILE RD,48,STANDARD,1969,58,15500,279000,106093,6153400
1990-01,KALLANG/WHAMPOA,5 ROOM,12,NTH BRIDGE RD,117,STANDARD,1975,32,155000,471000,363656,11637000
1990-07,KALLANG/WHAMPOA,3 ROOM,467,NTH BRIDGE RD,60,IMPROVED,1978,45,49000,237000,150840,6787800
1990-01,KALLANG/WHAMPOA,3 ROOM,468,NTH BRIDGE RD,60,IMPROVED,1979,51,50000,235000,137720,7023700
1990-04,GEYLANG,3 ROOM,95,OLD AIRPORT RD,56,STANDARD,1969,34,22000,180000,98424,3346400
1990-04,GEYLANG,3 ROOM,99,OLD AIRPORT RD,56,STANDARD,1969,36,20000,178000,102530,3691088
1991-07,CENTRAL AREA,3 ROOM,16,OUTRAM HILL,57,STANDARD,1976,9,30000,143000,93333,840000
1990-05,CENTRAL AREA,2 ROOM,21,OUTRAM PK,43,STANDARD,1983,55,27000,236500,94755,5211500
1990-01,CENTRAL AREA,2 ROOM,22,OUTRAM PK,43,STANDARD,1983,65,20000,155000,71769,4665000
1990-03,KALLANG/WHAMPOA,3 ROOM,44,OWEN RD,67,NEW GENERATION,1979,38,45000,277000,131758,5006800
1990-01,KALLANG/WHAMPOA,3 ROOM,46,OWEN RD,68,NEW GENERATION,1982,38,48500,340000,153692,5840300
1990-03,JURONG EAST,5 ROOM,401,PANDAN GDNS,117,STANDARD,1979,64,84800,432000,249117,15943480
1990-04,JURONG EAST,4 ROOM,402,PANDAN GDNS,97,NEW GENERATION,1978,34,60000,280000,184551,6274725
1990-01,JURONG EAST,5 ROOM,403,PANDAN GDNS,104,STANDARD,1979,66,80000,405000,256733,16944400
1990-01,JURONG EAST,5 ROOM,404,PANDAN GDNS,114,STANDARD,1979,70,62000,361000,231307,16191516
1990-01,JURONG EAST,5 ROOM,405,PANDAN GDNS,117,STANDARD,1979,57,78000,410000,248526,14166000
1990-01,JURONG EAST,5 ROOM,406,PANDAN GDNS,104,STANDARD,1979,73,62000,465000,264199,19286500
1990-03,JURONG EAST,5 ROOM,407,PANDAN GDNS,114,STANDARD,1979,60,64000,418000,254822,15289340
1990-01,JURONG EAST,4 ROOM,408,PANDAN GDNS,97,NEW GENERATION,1978,47,45900,283000,178899,8408250
1990-05,JURONG EAST,4 ROOM,409,PANDAN GDNS,97,NEW GENERATION,1978,48,55000,294000,186490,8951500
1990-02,JURONG EAST,3 ROOM,410,PANDAN GDNS,73,IMPROVED,1979,89,23000,188000,107970,9609300
1990-03,JURONG EAST,3 ROOM,411,PANDAN GDNS,72,IMPROVED,1979,90,27000,176500,97690,8792100
1990-07,JURONG EAST,3 ROOM,412,PANDAN GDNS,72,IMPROVED,1979,68,26000,198000,109557,7449900
1990-02,JURONG EAST,5 ROOM,413,PANDAN GDNS,117,STANDARD,1979,63,85000,455000,262329,16526700
1990-04,JURONG EAST,4 ROOM,414,PANDAN GDNS,100,NEW GENERATION,1978,34,52000,315000,191676,6517000
1996-01,PASIR RIS,EXECUTIVE,531,PASIR RIS DR 1,148,MAISONETTE,1992,27,465000,690000,579778,15654000
1997-06,PASIR RIS,EXECUTIVE,532,PASIR RIS DR 1,144,APARTMENT,1992,16,482000,710000,620062,9921000
1997-05,PASIR RIS,EXECUTIVE,533,PASIR RIS DR 1,145,APARTMENT,1992,14,475000,700000,593999,8315988
1997-06,PASIR RIS,EXECUTIVE,534,PASIR RIS DR 1,148,MAISONETTE,1992,40,430000,652000,563245,22529800
1996-01,PASIR RIS,EXECUTIVE,535,PASIR RIS DR 1,150,APARTMENT,1992,23,475000,680000,601256,13828888
1997-02,PASIR RIS,EXECUTIVE,536,PASIR RIS DR 1,147,APARTMENT,1992,15,475000,661000,579333,8690000
1998-01,PASIR RIS,4 ROOM,634,PASIR RIS DR 1,104,MODEL A,1995,33,238000,390000,300848,9928000
1998-12,PASIR RIS,4 ROOM,635,PASIR RIS DR 1,104,MODEL A,1995,32,235000,380000,295947,9470300
1995-03,PASIR RIS,5 ROOM,636,PASIR RIS DR 1,121,IMPROVED,1995,33,328000,400000,358700,11837088
1999-02,PASIR RIS,5 ROOM,637,PASIR RIS DR 1,122,IMPROVED,1995,36,253000,399000,335875,12091500
1999-04,PASIR RIS,5 ROOM,638,PASIR RIS DR 1,123,IMPROVED,1995,28,340000,435000,363717,10184088
1999-02,PASIR RIS,4 ROOM,639,PASIR RIS DR 1,104,MODEL A,1995,29,259500,362000,291776,8461500
1999-01,PASIR RIS,4 ROOM,640,PASIR RIS DR 1,104,MODEL A,1995,48,252000,365500,286127,13734100
1999-01,PASIR RIS,4 ROOM,641,PASIR RIS DR 1,104,MODEL A,1995,33,253000,385000,292024,9636800
1999-03,PASIR RIS,EXECUTIVE,642,PASIR RIS DR 10,148,APARTMENT,1995,14,400000,495000,454643,6365000
1999-03,PASIR RIS,EXECUTIVE,643,PASIR RIS DR 10,148,APARTMENT,1995,15,398000,508000,448733,6731000
1996-04,PASIR RIS,EXECUTIVE,644,PASIR RIS DR 10,149,APARTMENT,1995,10,405000,600000,459800,4598000
1995-05,PASIR RIS,EXECUTIVE,645,PASIR RIS DR 10,146,APARTMENT,1995,15,420000,502500,456100,6841500
1995-10,PASIR RIS,EXECUTIVE,646,PASIR RIS DR 10,146,APARTMENT,1995,16,400000,500000,451281,7220500
1999-03,PASIR RIS,EXECUTIVE,647,PASIR RIS DR 10,145,APARTMENT,1995,20,415000,512000,448000,8960000
1999-04,PASIR RIS,EXECUTIVE,648,PASIR RIS DR 10,150,APARTMENT,1995,22,410000,510000,449991,9899800
1999-04,PASIR RIS,EXECUTIVE,649,PASIR RIS DR 10,145,APARTMENT,1995,15,400000,500000,452367,6785500
1995-10,PASIR RIS,EXECUTIVE,650,PASIR RIS DR 10,149,APARTMENT,1995,15,405000,513000,460100,6901500
1996-02,PASIR RIS,EXECUTIVE,651,PASIR RIS DR 10,143,APARTMENT,1995,20,415000,510000,454025,9080500
1999-05,PASIR RIS,4 ROOM,700,PASIR RIS DR 10,112,MODEL A,1996,12,257000,330000,291292,3495500
1999-06,PASIR RIS,4 ROOM,701,PASIR RIS DR 10,112,MODEL A,1996,17,256000,320000,296782,5045288
1999-05,PASIR RIS,4 ROOM,702,PASIR RIS DR 10,111,MODEL A,1996,6,280000,315000,299333,1796000
1999-05,PASIR RIS,4 ROOM,703,PASIR RIS DR 10,112,MODEL A,1996,19,255000,337000,290500,5519500
1999-04,PASIR RIS,4 ROOM,704,PASIR RIS DR 10,112,MODEL A,1996,19,253000,333000,291126,5531400
1999-04,PASIR RIS,4 ROOM,705,PASIR RIS DR 10,113,MODEL A,1996,7,278000,330000,304214,2129500
1999-08,PASIR RIS,5 ROOM,706,PASIR RIS DR 10,124,IMPROVED,1996,12,352000,419000,383917,4607000
1999-07,PASIR RIS,5 ROOM,707,PASIR RIS DR 10,124,IMPROVED,1996,12,260000,404000,356400,4276800
1999-06,PASIR RIS,5 ROOM,708,PASIR RIS DR 10,124,IMPROVED,1996,28,297000,440000,374511,10486300
1999-07,PASIR RIS,4 ROOM,709,PASIR RIS DR 10,104,MODEL A,1996,23,275000,392500,353213,8123888
1995-12,PASIR RIS,4 ROOM,738,PASIR RIS DR 10,104,MODEL A,1996,1,235000,235000,235000,235000
1999-02,PASIR RIS,4 ROOM,626,PASIR RIS DR 3,104,MODEL A,1995,34,255000,393800,304224,10343600
1999-01,PASIR RIS,4 ROOM,627,PASIR RIS DR 3,104,MODEL A,1995,27,253000,370000,296389,8002500
1998-12,PASIR RIS,5 ROOM,628,PASIR RIS DR 3,120,IMPROVED,1995,21,323000,388000,351190,7375000
1998-12,PASIR RIS,4 ROOM,629,PASIR RIS DR 3,104,MODEL A,1995,29,256000,392000,341228,9895600
1998-12,PASIR RIS,5 ROOM,630,PASIR RIS DR 3,121,IMPROVED,1995,31,315000,418000,362551,11239080
1994-05,PASIR RIS,4 ROOM,631,PASIR RIS DR 3,104,MODEL A,1995,42,160000,388000,291707,12251688
1999-01,PASIR RIS,5 ROOM,632,PASIR RIS DR 3,122,IMPROVED,1995,33,254000,408000,308055,10165800
1999-01,PASIR RIS,4 ROOM,633,PASIR RIS DR 3,104,MODEL A,1995,33,260000,380000,302652,9987500
1995-11,PASIR RIS,5 ROOM,231,PASIR RIS DR 4,128,IMPROVED,1993,41,268000,545000,352280,14443500
1997-12,PASIR RIS,5 ROOM,232,PASIR RIS DR 4,128,IMPROVED,1993,42,253000,463000,355586,14934600
1995-09,PASIR RIS,5 ROOM,233,PASIR RIS DR 4,127,IMPROVED,1993,50,249000,470000,356808,17840388
1998-02,PASIR RIS,4 ROOM,234,PASIR RIS DR 4,106,MODEL A,1993,47,260000,420000,341647,16057388
1994-08,PASIR RIS,4 ROOM,440,PASIR RIS DR 4,106,MODEL A,1989,23,165000,385000,296557,6820800
1997-03,PASIR RIS,EXECUTIVE,456,PASIR RIS DR 4,143,APARTMENT,1992,34,399000,630000,503691,17125500
1995-12,PASIR RIS,EXECUTIVE,457,PASIR RIS DR 4,142,APARTMENT,1992,37,420000,616000,497983,18425388
1994-06,PASIR RIS,5 ROOM,458,PASIR RIS DR 4,122,IMPROVED,1992,52,180000,485000,342058,17787000
1994-02,PASIR RIS,EXECUTIVE,459,PASIR RIS DR 4,144,APARTMENT,1992,38,360000,645000,526553,20009000
1993-11,PASIR RIS,EXECUTIVE,460,PASIR RIS DR 4,142,APARTMENT,1992,36,330000,715000,496181,17862500
1994-06,PASIR RIS,4 ROOM,461,PASIR RIS DR 4,104,MODEL A,1992,48,173000,495000,356635,17118500
1995-12,PASIR RIS,4 ROOM,478,PASIR RIS DR 4,107,MODEL A,1992,44,238000,400000,304650,13404600
1995-11,PASIR RIS,4 ROOM,479,PASIR RIS DR 4,112,MODEL A,1992,41,253000,408000,303207,12431500
1995-11,PASIR RIS,4 ROOM,480,PASIR RIS DR 4,106,MODEL A,1992,31,245000,387000,302187,9367810
1995-11,PASIR RIS,4 ROOM,481,PASIR RIS DR 4,105,MODEL A,1992,36,240000,403000,313158,11273700
1993-10,PASIR RIS,4 ROOM,482,PASIR RIS DR 4,103,MODEL A,1989,71,150000,485000,308331,21891488
1994-03,PASIR RIS,5 ROOM,483,PASIR RIS DR 4,122,IMPROVED,1989,58,178000,480000,309643,17959300
1996-07,PASIR RIS,4 ROOM,484,PASIR RIS DR 4,105,MODEL A,1992,42,249000,525000,342162,14370788
1994-02,PASIR RIS,5 ROOM,485,PASIR RIS DR 4,124,IMPROVED,1992,9,265000,425000,353000,3177000
1995-01,PASIR RIS,4 ROOM,486,PASIR RIS DR 4,104,MODEL A,1992,57,195000,530000,361225,20589800
1996-03,PASIR RIS,4 ROOM,487,PASIR RIS DR 4,104,MODEL A,1992,48,254000,567000,370260,17772500
1994-10,PASIR RIS,4 ROOM,405,PASIR RIS DR 6,111,MODEL A,1989,47,165000,518000,309932,14566800
1994-12,PASIR RIS,4 ROOM,406,PASIR RIS DR 6,106,MODEL A,1989,39,191000,493000,327282,12764000
1994-12,PASIR RIS,4 ROOM,407,PASIR RIS DR 6,106,MODEL A,1990,39,181000,435000,308218,12020500
1992-08,PASIR RIS,EXECUTIVE,408,PASIR RIS DR 6,147,MAISONETTE,1990,43,320000,685000,533681,22948300
1994-12,PASIR RIS,4 ROOM,409,PASIR RIS DR 6,106,MODEL A,1989,53,180000,475000,326840,17322500
1994-10,PASIR RIS,EXECUTIVE,410,PASIR RIS DR 6,145,MAISONETTE,1989,8,350000,675000,489688,3917500
1992-03,PASIR RIS,5 ROOM,411,PASIR RIS DR 6,128,IMPROVED,1990,45,140000,475000,299442,13474900
1993-05,PASIR RIS,4 ROOM,412,PASIR RIS DR 6,106,MODEL A,1989,52,110000,435000,301057,15654988
1995-01,PASIR RIS,EXECUTIVE,413,PASIR RIS DR 6,145,MAISONETTE,1989,14,348000,605000,509571,7134000
1995-02,PASIR RIS,4 ROOM,414,PASIR RIS DR 6,113,MODEL A,1990,40,205000,480000,331400,13256000
1995-01,PASIR RIS,5 ROOM,415,PASIR RIS DR 6,122,IMPROVED,1990,39,203000,502000,328295,12803500
1994-09,PASIR RIS,4 ROOM,416,PASIR RIS DR 6,105,MODEL A,1989,62,182000,463000,292911,18160500
1994-10,PASIR RIS,5 ROOM,417,PASIR RIS DR 6,122,IMPROVED,1990,76,175000,520000,316217,24032500
1994-02,PASIR RIS,EXECUTIVE,418,PASIR RIS DR 6,149,MAISONETTE,1989,53,341000,608000,482179,25555500
1994-01,PASIR RIS,5 ROOM,419,PASIR RIS DR 6,132,IMPROVED,1989,55,170000,515000,296873,16328000
1995-06,PASIR RIS,EXECUTIVE,420,PASIR RIS DR 6,146,MAISONETTE,1989,8,408000,523000,472438,3779500
1994-02,PASIR RIS,5 ROOM,421,PASIR RIS DR 6,131,IMPROVED,1989,48,173000,455000,296704,14241800
1994-07,PASIR RIS,EXECUTIVE,422,PASIR RIS DR 6,151,MAISONETTE,1989,41,350000,680000,498349,20432300
1994-06,PASIR RIS,4 ROOM,423,PASIR RIS DR 6,104,MODEL A,1989,51,180000,505000,319749,16307188
1994-07,PASIR RIS,EXECUTIVE,424,PASIR RIS DR 6,143,MAISONETTE,1989,11,320000,595000,457636,5034000
1994-08,PASIR RIS,4 ROOM,425,PASIR RIS DR 6,104,MODEL A,1989,48,170000,483000,310875,14922000
1993-07,PASIR RIS,4 ROOM,426,PASIR RIS DR 6,84,SIMPLIFIED,1988,89,130000,385000,250840,22324800
1993-06,PASIR RIS,4 ROOM,427,PASIR RIS DR 6,84,SIMPLIFIED,1988,62,116000,410000,235726,14615000
1994-03,PASIR RIS,4 ROOM,428,PASIR RIS DR 6,104,MODEL A,1990,64,163000,483000,310552,19875300
1995-01,PASIR RIS,4 ROOM,429,PASIR RIS DR 6,113,MODEL A,1990,44,185000,525000,331643,14592300
1995-03,PASIR RIS,4 ROOM,442,PASIR RIS DR 6,94,NEW GENERATION,1989,18,178000,378000,269556,4852000
1992-08,PASIR RIS,5 ROOM,446,PASIR RIS DR 6,121,IMPROVED,1989,61,153000,488000,283920,17319100
1995-05,PASIR RIS,EXECUTIVE,447,PASIR RIS DR 6,155,MAISONETTE,1989,5,380000,478000,450400,2252000
1993-10,PASIR RIS,EXECUTIVE,448,PASIR RIS DR 6,146,MAISONETTE,1989,25,380000,610000,491560,12289000
1995-03,PASIR RIS,EXECUTIVE,449,PASIR RIS DR 6,146,MAISONETTE,1989,5,370000,590000,480400,2402000
1994-07,PASIR RIS,4 ROOM,450,PASIR RIS DR 6,105,MODEL A,1989,40,175000,398000,278862,11154500
1994-07,PASIR RIS,4 ROOM,451,PASIR RIS DR 6,105,MODEL A,1989,44,178000,387000,286289,12596700
1994-06,PASIR RIS,4 ROOM,452,PASIR RIS DR 6,104,MODEL A,1989,36,192000,402000,298205,10735388
1994-06,PASIR RIS,4 ROOM,453,PASIR RIS DR 6,105,MODEL A,1989,42,182000,392000,311845,13097500
1994-12,PASIR RIS,EXECUTIVE,454,PASIR RIS DR 6,146,MAISONETTE,1989,34,343000,648000,484376,16468800
1993-03,PASIR RIS,EXECUTIVE,455,PASIR RIS DR 6,146,MAISONETTE,1989,8,110000,543000,433500,3468000
1993-09,PASIR RIS,4 ROOM,467,PASIR RIS DR 6,106,MODEL A,1989,42,170000,410000,292050,12266100
1992-10,PASIR RIS,4 ROOM,468,PASIR RIS DR 6,103,MODEL A,1989,33,79660,442000,289081,9539660
1994-06,PASIR RIS,4 ROOM,469,PASIR RIS DR 6,113,MODEL A,1989,49,170000,415000,295651,14486900
1991-10,PASIR RIS,4 ROOM,470,PASIR RIS DR 6,116,MODEL A,1989,39,110000,478000,289218,11279500
1993-05,PASIR RIS,EXECUTIVE,471,PASIR RIS DR 6,147,MAISONETTE,1989,10,290000,580000,459500,4595000
1993-03,PASIR RIS,4 ROOM,472,PASIR RIS DR 6,103,MODEL A,1989,57,100000,496000,319446,18208400
1993-12,PASIR RIS,4 ROOM,473,PASIR RIS DR 6,103,MODEL A,1989,71,155000,441000,300330,21323400
1994-10,PASIR RIS,4 ROOM,474,PASIR RIS DR 6,107,MODEL A,1989,51,159120,380000,300489,15324920
1992-09,PASIR RIS,4 ROOM,475,PASIR RIS DR 6,103,MODEL A,1990,61,90000,410000,289485,17658600
1994-08,PASIR RIS,4 ROOM,476,PASIR RIS DR 6,105,MODEL A,1989,47,180000,388000,275085,12929000
1994-05,PASIR RIS,4 ROOM,477,PASIR RIS DR 6,105,MODEL A,1989,62,185000,370000,288185,17867500
1994-05,PASIR RIS,5 ROOM,109,PASIR RIS ST 11,123,IMPROVED,1990,50,195000,500000,324240,16212000
1994-07,PASIR RIS,5 ROOM,110,PASIR RIS ST 11,120,IMPROVED,1990,50,191000,442000,311690,15584500
1995-03,PASIR RIS,EXECUTIVE,111,PASIR RIS ST 11,145,MAISONETTE,1990,9,350000,645000,513000,4617000
1995-03,PASIR RIS,4 ROOM,112,PASIR RIS ST 11,103,MODEL A,1990,72,145000,475000,300542,21639000
1994-09,PASIR RIS,4 ROOM,113,PASIR RIS ST 11,103,MODEL A,1990,69,194000,500000,308536,21289000
1994-02,PASIR RIS,5 ROOM,114,PASIR RIS ST 11,123,IMPROVED,1989,56,170000,428000,285402,15982500
1994-01,PASIR RIS,4 ROOM,115,PASIR RIS ST 11,106,MODEL A,1989,70,160000,511000,302543,21178000
1994-03,PASIR RIS,EXECUTIVE,116,PASIR RIS ST 11,147,MAISONETTE,1989,14,360000,630000,463357,6487000
1993-07,PASIR RIS,4 ROOM,117,PASIR RIS ST 11,111,MODEL A,1990,60,130000,465000,309548,18572900
1994-02,PASIR RIS,5 ROOM,118,PASIR RIS ST 11,122,IMPROVED,1989,61,193000,490000,309098,18855000
1992-04,PASIR RIS,4 ROOM,119,PASIR RIS ST 11,103,MODEL A,1989,67,90000,495000,283701,19008000
1993-09,PASIR RIS,EXECUTIVE,120,PASIR RIS ST 11,145,MAISONETTE,1988,13,275000,618000,417846,5432000
1993-11,PASIR RIS,5 ROOM,121,PASIR RIS ST 11,132,IMPROVED,1989,82,170000,495000,302774,24827498
1991-11,PASIR RIS,4 ROOM,122,PASIR RIS ST 11,104,MODEL A,1989,65,85000,490000,295093,19181068
1993-11,PASIR RIS,EXECUTIVE,123,PASIR RIS ST 11,145,MAISONETTE,1988,9,250000,620000,431500,3883500
1993-10,PASIR RIS,5 ROOM,124,PASIR RIS ST 11,123,IMPROVED,1989,70,135000,477000,286976,20088300
1993-10,PASIR RIS,5 ROOM,125,PASIR RIS ST 11,122,IMPROVED,1989,62,170000,466000,302785,18772700
1993-10,PASIR RIS,5 ROOM,126,PASIR RIS ST 11,132,IMPROVED,1989,70,140000,500000,282776,19794299
1993-11,PASIR RIS,4 ROOM,127,PASIR RIS ST 11,104,MODEL A,1989,63,150000,462000,292659,18437500
1993-09,PASIR RIS,EXECUTIVE,128,PASIR RIS ST 11,146,MAISONETTE,1988,57,285000,638000,438032,24967800
1992-08,PASIR RIS,EXECUTIVE,129,PASIR RIS ST 11,154,MAISONETTE,1988,68,245000,686500,432684,29422500
1998-07,PASIR RIS,EXECUTIVE,130,PASIR RIS ST 11,147,APARTMENT,1994,14,385000,510000,453777,6352880
1996-04,PASIR RIS,EXECUTIVE,131,PASIR RIS ST 11,151,APARTMENT,1994,15,390000,678000,467387,7010800
1998-07,PASIR RIS,EXECUTIVE,132,PASIR RIS ST 11,149,APARTMENT,1994,9,408000,515000,472778,4255000
1998-08,PASIR RIS,EXECUTIVE,133,PASIR RIS ST 11,146,APARTMENT,1994,15,385000,492000,438867,6583000
1998-07,PASIR RIS,EXECUTIVE,134,PASIR RIS ST 11,149,APARTMENT,1994,21,375000,600000,449976,9449500
1995-03,PASIR RIS,EXECUTIVE,135,PASIR RIS ST 11,152,APARTMENT,1994,23,390000,590000,451283,10379500
1998-08,PASIR RIS,EXECUTIVE,136,PASIR RIS ST 11,149,APARTMENT,1994,19,408000,475000,442553,8408500
1996-02,PASIR RIS,EXECUTIVE,137,PASIR RIS ST 11,149,APARTMENT,1994,16,402000,600000,456469,7303500
1998-12,PASIR RIS,5 ROOM,138,PASIR RIS ST 11,134,MODEL A,1994,19,260000,388000,340632,6472000
1998-11,PASIR RIS,4 ROOM,139,PASIR RIS ST 11,106,MODEL A,1994,35,265000,405000,333600,11676000
1995-02,PASIR RIS,5 ROOM,140,PASIR RIS ST 11,126,IMPROVED,1994,36,253000,426000,333806,12017000
1995-08,PASIR RIS,5 ROOM,141,PASIR RIS ST 11,126,IMPROVED,1995,19,268000,427300,345905,6572188
1998-09,PASIR RIS,5 ROOM,142,PASIR RIS ST 11,128,IMPROVED,1994,47,115000,382000,269847,12682800
1994-06,PASIR RIS,4 ROOM,143,PASIR RIS ST 11,105,MODEL A,1995,32,180000,400000,302438,9678000
1998-12,PASIR RIS,4 ROOM,144,PASIR RIS ST 11,106,MODEL A,1994,25,260000,408000,310780,7769500
1998-11,PASIR RIS,5 ROOM,145,PASIR RIS ST 11,127,IMPROVED,1994,21,258000,400000,339048,7120000
1998-12,PASIR RIS,5 ROOM,146,PASIR RIS ST 11,126,IMPROVED,1995,28,244000,398000,327750,9177000
1994-03,PASIR RIS,5 ROOM,180,PASIR RIS ST 11,124,IMPROVED,1993,38,275000,440000,370645,14084500
1998-02,PASIR RIS,5 ROOM,181,PASIR RIS ST 11,123,IMPROVED,1993,34,255000,440000,352868,11997500
1996-05,PASIR RIS,5 ROOM,182,PASIR RIS ST 11,123,IMPROVED,1993,16,306000,432000,374688,5995000
1998-01,PASIR RIS,5 ROOM,183,PASIR RIS ST 11,124,IMPROVED,1993,16,350000,430000,381118,6097888
1996-01,PASIR RIS,5 ROOM,184,PASIR RIS ST 11,123,IMPROVED,1993,22,250000,435000,364045,8009000
1998-04,PASIR RIS,4 ROOM,185,PASIR RIS ST 11,106,MODEL A,1993,30,257000,425000,361833,10855000
1994-03,PASIR RIS,5 ROOM,186,PASIR RIS ST 11,124,IMPROVED,1993,43,230000,437500,363965,15650500
1998-03,PASIR RIS,5 ROOM,187,PASIR RIS ST 11,123,IMPROVED,1993,24,305000,408000,364283,8742800
1992-05,PASIR RIS,EXECUTIVE,101,PASIR RIS ST 12,146,MAISONETTE,1988,99,160000,630000,436877,43250800
1993-09,PASIR RIS,5 ROOM,102,PASIR RIS ST 12,128,IMPROVED,1988,68,140000,480000,308556,20981800
1994-02,PASIR RIS,5 ROOM,103,PASIR RIS ST 12,122,IMPROVED,1989,63,180000,490000,322759,20333800
1993-01,PASIR RIS,5 ROOM,104,PASIR RIS ST 12,122,IMPROVED,1989,74,100000,492000,304285,22517099
1993-11,PASIR RIS,4 ROOM,105,PASIR RIS ST 12,104,MODEL A,1989,67,180000,515000,311452,20867300
1991-08,PASIR RIS,5 ROOM,106,PASIR RIS ST 12,122,IMPROVED,1989,71,100000,490000,316563,22476000
1993-09,PASIR RIS,5 ROOM,107,PASIR RIS ST 12,122,IMPROVED,1989,60,150000,500000,301483,18089000
1993-05,PASIR RIS,EXECUTIVE,108,PASIR RIS ST 12,149,MAISONETTE,1988,37,225000,638000,445819,16495300
1996-01,PASIR RIS,5 ROOM,188,PASIR RIS ST 12,123,IMPROVED,1993,34,284800,435000,356626,12125300
1998-03,PASIR RIS,5 ROOM,189,PASIR RIS ST 12,126,IMPROVED,1993,23,333000,406000,373522,8591000
1998-06,PASIR RIS,4 ROOM,190,PASIR RIS ST 12,104,MODEL A,1993,38,256800,402000,306008,11628300
1998-05,PASIR RIS,4 ROOM,191,PASIR RIS ST 12,104,MODEL A,1993,30,258000,400000,334561,10036838
1998-06,PASIR RIS,5 ROOM,192,PASIR RIS ST 12,128,IMPROVED,1993,44,304000,456000,367816,16183900
1998-03,PASIR RIS,5 ROOM,193,PASIR RIS ST 12,126,IMPROVED,1993,26,345000,421000,378638,9844600
1998-06,PASIR RIS,4 ROOM,194,PASIR RIS ST 12,105,MODEL A,1993,22,268000,425000,333886,7345500
1998-02,PASIR RIS,5 ROOM,195,PASIR RIS ST 12,126,IMPROVED,1993,25,345000,413000,372440,9311000
1998-03,PASIR RIS,5 ROOM,196,PASIR RIS ST 12,125,IMPROVED,1993,30,270000,420000,361450,10843500
1998-04,PASIR RIS,5 ROOM,197,PASIR RIS ST 12,127,IMPROVED,1993,31,258000,420000,351223,10887900
1998-05,PASIR RIS,5 ROOM,198,PASIR RIS ST 12,124,IMPROVED,1993,43,312000,395000,362430,15584500
1998-02,PASIR RIS,5 ROOM,199,PASIR RIS ST 12,139,MODEL A,1993,32,310000,428000,370359,11851500
1995-12,PASIR RIS,5 ROOM,147,PASIR RIS ST 13,127,IMPROVED,1995,39,258000,445000,314107,12250188
1998-12,PASIR RIS,4 ROOM,148,PASIR RIS ST 13,109,MODEL A,1995,23,242000,365000,288787,6642100
1996-03,PASIR RIS,5 ROOM,149,PASIR RIS ST 13,134,MODEL A,1995,22,262000,448000,321841,7080500
1998-12,PASIR RIS,4 ROOM,150,PASIR RIS ST 13,108,MODEL A,1995,35,252000,380000,318200,11137000
1999-02,PASIR RIS,4 ROOM,151,PASIR RIS ST 13,109,MODEL A,1995,16,253000,365000,311656,4986500
1998-11,PASIR RIS,EXECUTIVE,152,PASIR RIS ST 13,149,APARTMENT,1995,13,410000,590000,441923,5745000
1999-03,PASIR RIS,EXECUTIVE,153,PASIR RIS ST 13,145,APARTMENT,1995,16,388000,505000,439469,7031500
1999-05,PASIR RIS,EXECUTIVE,154,PASIR RIS ST 13,153,APARTMENT,1995,6,400000,412000,404167,2425000
1999-01,PASIR RIS,EXECUTIVE,155,PASIR RIS ST 13,147,APARTMENT,1995,22,375000,485000,423841,9324500
1999-03,PASIR RIS,EXECUTIVE,156,PASIR RIS ST 13,149,APARTMENT,1995,11,395000,492500,435409,4789500
1999-01,PASIR RIS,EXECUTIVE,157,PASIR RIS ST 13,149,APARTMENT,1995,12,405000,600000,437400,5248800
1994-10,PASIR RIS,EXECUTIVE,158,PASIR RIS ST 13,149,APARTMENT,1995,21,410000,560000,448333,9415000
1995-05,PASIR RIS,EXECUTIVE,159,PASIR RIS ST 13,150,APARTMENT,1995,13,415000,580000,462562,6013300
1996-01,PASIR RIS,EXECUTIVE,160,PASIR RIS ST 13,148,APARTMENT,1995,18,405000,570000,437389,7873000
1998-12,PASIR RIS,EXECUTIVE,161,PASIR RIS ST 13,150,APARTMENT,1995,9,400000,488000,444667,4002000
1998-01,PASIR RIS,EXECUTIVE,203,PASIR RIS ST 21,145,APARTMENT,1993,32,380000,540000,463962,14846800
1996-01,PASIR RIS,EXECUTIVE,204,PASIR RIS ST 21,148,APARTMENT,1993,35,380000,595000,456000,15960000
1998-03,PASIR RIS,EXECUTIVE,205,PASIR RIS ST 21,147,APARTMENT,1993,31,395000,523000,462468,14336500
1998-03,PASIR RIS,EXECUTIVE,206,PASIR RIS ST 21,148,APARTMENT,1993,33,392000,515000,461085,15215800
1994-07,PASIR RIS,EXECUTIVE,207,PASIR RIS ST 21,146,APARTMENT,1993,35,400000,515000,453729,15880500
1998-03,PASIR RIS,EXECUTIVE,208,PASIR RIS ST 21,149,APARTMENT,1993,39,390000,530000,460279,17950888
1998-05,PASIR RIS,EXECUTIVE,209,PASIR RIS ST 21,149,APARTMENT,1993,26,395000,483000,441973,11491300
1995-11,PASIR RIS,EXECUTIVE,210,PASIR RIS ST 21,149,APARTMENT,1993,37,408800,602000,466724,17268800
1998-02,PASIR RIS,5 ROOM,211,PASIR RIS ST 21,139,MODEL A,1993,41,259000,432000,347171,14234000
1996-04,PASIR RIS,5 ROOM,212,PASIR RIS ST 21,127,IMPROVED,1993,51,258000,470000,333588,17013000
1997-12,PASIR RIS,4 ROOM,213,PASIR RIS ST 21,106,MODEL A,1993,38,250000,500000,327121,12430600
1997-04,PASIR RIS,5 ROOM,214,PASIR RIS ST 21,126,IMPROVED,1993,37,258000,458000,351541,13007000
1996-04,PASIR RIS,4 ROOM,215,PASIR RIS ST 21,108,MODEL A,1993,39,248000,418000,322462,12576000
1996-03,PASIR RIS,5 ROOM,216,PASIR RIS ST 21,125,IMPROVED,1993,40,253000,463000,315818,12632700
1994-10,PASIR RIS,EXECUTIVE,217,PASIR RIS ST 21,149,APARTMENT,1993,31,345000,598000,480016,14880500
1995-02,PASIR RIS,EXECUTIVE,218,PASIR RIS ST 21,147,APARTMENT,1993,24,380000,553000,454438,10906500
1994-06,PASIR RIS,EXECUTIVE,219,PASIR RIS ST 21,148,APARTMENT,1993,21,399000,620000,496690,10430500
1995-02,PASIR RIS,EXECUTIVE,220,PASIR RIS ST 21,149,APARTMENT,1993,34,380000,576000,458324,15583000
1996-02,PASIR RIS,EXECUTIVE,221,PASIR RIS ST 21,148,APARTMENT,1993,38,392000,600000,464732,17659800
1996-06,PASIR RIS,EXECUTIVE,222,PASIR RIS ST 21,148,APARTMENT,1993,17,390000,609000,451588,7677000
1995-11,PASIR RIS,EXECUTIVE,223,PASIR RIS ST 21,147,APARTMENT,1993,21,399000,555000,475619,9988000
1994-07,PASIR RIS,EXECUTIVE,224,PASIR RIS ST 21,149,APARTMENT,1993,27,385000,575000,479815,12955000
1994-09,PASIR RIS,5 ROOM,225,PASIR RIS ST 21,130,MODEL A,1993,38,272000,440000,348232,13232800
1998-01,PASIR RIS,4 ROOM,226,PASIR RIS ST 21,107,MODEL A,1993,52,254000,451000,320625,16672500
1997-12,PASIR RIS,5 ROOM,227,PASIR RIS ST 21,124,IMPROVED,1993,53,258000,448000,358644,19008152
1993-11,PASIR RIS,5 ROOM,228,PASIR RIS ST 21,137,MODEL A,1993,48,260000,430000,343081,16467888
1994-12,PASIR RIS,5 ROOM,229,PASIR RIS ST 21,126,IMPROVED,1993,66,258000,455000,335174,22121500
1998-01,PASIR RIS,4 ROOM,230,PASIR RIS ST 21,106,MODEL A,1993,58,258000,430000,336378,19509900
1994-05,PASIR RIS,EXECUTIVE,235,PASIR RIS ST 21,147,APARTMENT,1993,28,340000,580000,455113,12743160
1994-09,PASIR RIS,EXECUTIVE,236,PASIR RIS ST 21,148,APARTMENT,1993,36,401500,555000,467042,16813500
1997-11,PASIR RIS,EXECUTIVE,237,PASIR RIS ST 21,152,APARTMENT,1993,19,422000,585000,484711,9209500
1994-08,PASIR RIS,EXECUTIVE,238,PASIR RIS ST 21,147,APARTMENT,1993,31,403880,602500,483722,14995380
1997-10,PASIR RIS,EXECUTIVE,239,PASIR RIS ST 21,147,APARTMENT,1993,31,380000,635000,474387,14706000
1996-03,PASIR RIS,EXECUTIVE,240,PASIR RIS ST 21,150,APARTMENT,1993,34,380000,525000,449441,15281000
1996-01,PASIR RIS,EXECUTIVE,241,PASIR RIS ST 21,146,APARTMENT,1993,20,408000,595000,483800,9676000
1997-11,PASIR RIS,EXECUTIVE,242,PASIR RIS ST 21,149,APARTMENT,1993,22,380000,553000,454659,10002500
1997-10,PASIR RIS,EXECUTIVE,243,PASIR RIS ST 21,148,APARTMENT,1993,20,423000,565000,484934,9698680
1996-02,PASIR RIS,EXECUTIVE,244,PASIR RIS ST 21,145,APARTMENT,1993,30,405000,610000,502633,15079000
1997-08,PASIR RIS,EXECUTIVE,245,PASIR RIS ST 21,147,APARTMENT,1993,27,392500,581000,463500,12514500
1995-11,PASIR RIS,EXECUTIVE,246,PASIR RIS ST 21,147,APARTMENT,1993,28,400000,625000,473321,13253000
1997-12,PASIR RIS,EXECUTIVE,247,PASIR RIS ST 21,147,APARTMENT,1993,26,378000,535000,446577,11611000
1995-09,PASIR RIS,EXECUTIVE,248,PASIR RIS ST 21,148,APARTMENT,1993,21,382000,600000,464000,9744000
1998-02,PASIR RIS,EXECUTIVE,249,PASIR RIS ST 21,149,APARTMENT,1993,22,395000,520000,461591,10155000
1996-05,PASIR RIS,EXECUTIVE,250,PASIR RIS ST 21,148,APARTMENT,1993,18,408000,650000,466378,8394800
1995-11,PASIR RIS,EXECUTIVE,251,PASIR RIS ST 21,149,APARTMENT,1993,22,375000,665000,454855,10006800
1998-11,PASIR RIS,5 ROOM,252,PASIR RIS ST 21,135,MODEL A,1993,32,246000,560000,309688,9910000
1998-11,PASIR RIS,4 ROOM,253,PASIR RIS ST 21,107,MODEL A,1993,27,257000,430000,309648,8360500
1998-08,PASIR RIS,5 ROOM,254,PASIR RIS ST 21,137,MODEL A,1993,36,246000,620000,322244,11600800
1998-06,PASIR RIS,5 ROOM,255,PASIR RIS ST 21,127,IMPROVED,1993,22,267000,665000,337068,7415500
1998-10,PASIR RIS,4 ROOM,256,PASIR RIS ST 21,108,MODEL A,1993,41,259000,403000,304634,12490000
1998-08,PASIR RIS,4 ROOM,257,PASIR RIS ST 21,106,MODEL A,1993,17,254000,386000,322441,5481500
1996-02,PASIR RIS,EXECUTIVE,266,PASIR RIS ST 21,146,APARTMENT,1994,19,385000,563000,442189,8401600
1998-11,PASIR RIS,EXECUTIVE,267,PASIR RIS ST 21,144,APARTMENT,1994,15,393000,475000,431000,6465000
1998-08,PASIR RIS,EXECUTIVE,268,PASIR RIS ST 21,147,APARTMENT,1994,20,410000,560000,452315,9046300
1998-07,PASIR RIS,EXECUTIVE,269,PASIR RIS ST 21,143,APARTMENT,1994,20,391000,480000,437350,8747000
1998-08,PASIR RIS,EXECUTIVE,270,PASIR RIS ST 21,144,APARTMENT,1994,19,372000,485000,433520,8236889
1998-11,PASIR RIS,EXECUTIVE,271,PASIR RIS ST 21,144,APARTMENT,1994,16,415000,485000,440062,7041000
1998-10,PASIR RIS,4 ROOM,272,PASIR RIS ST 21,106,MODEL A,1994,29,256000,400000,318362,9232500
1995-12,PASIR RIS,4 ROOM,273,PASIR RIS ST 21,107,MODEL A,1994,38,225000,395000,316947,12044000
1998-07,PASIR RIS,4 ROOM,274,PASIR RIS ST 21,107,MODEL A,1994,33,260000,381000,315545,10413000
1994-10,PASIR RIS,5 ROOM,275,PASIR RIS ST 21,126,IMPROVED,1994,21,263000,378000,313419,6581800
1995-09,PASIR RIS,EXECUTIVE,463,PASIR RIS ST 41,146,APARTMENT,1992,27,400000,615000,517807,13980800
1997-04,PASIR RIS,EXECUTIVE,464,PASIR RIS ST 41,148,MAISONETTE,1992,29,405000,635000,505138,14649000
1997-04,PASIR RIS,EXECUTIVE,465,PASIR RIS ST 41,150,APARTMENT,1992,18,403000,630000,501750,9031500
1993-07,PASIR RIS,EXECUTIVE,466,PASIR RIS ST 41,148,MAISONETTE,1992,30,330000,610000,510467,15314000
1997-05,PASIR RIS,EXECUTIVE,537,PASIR RIS ST 51,144,APARTMENT,1992,35,445000,675000,548043,19181500
1997-03,PASIR RIS,EXECUTIVE,538,PASIR RIS ST 51,143,APARTMENT,1992,23,415000,660000,561065,12904500
1997-07,PASIR RIS,EXECUTIVE,539,PASIR RIS ST 51,147,MAISONETTE,1992,1,588000,588000,588000,588000
1992-08,PASIR RIS,EXECUTIVE,540,PASIR RIS ST 51,143,APARTMENT,1992,28,208000,650000,545143,15264000
1997-02,PASIR RIS,EXECUTIVE,541,PASIR RIS ST 51,144,APARTMENT,1992,18,450000,650000,587667,10578000
1997-04,PASIR RIS,EXECUTIVE,542,PASIR RIS ST 51,148,MAISONETTE,1992,3,590000,648000,626000,1878000
1997-02,PASIR RIS,EXECUTIVE,543,PASIR RIS ST 51,144,APARTMENT,1992,18,427000,688000,586111,10550000
1997-01,PASIR RIS,EXECUTIVE,544,PASIR RIS ST 51,144,APARTMENT,1992,19,423000,685000,590632,11222000
1997-04,PASIR RIS,EXECUTIVE,545,PASIR RIS ST 51,147,MAISONETTE,1992,4,455000,618000,566000,2264000
1994-06,PASIR RIS,EXECUTIVE,546,PASIR RIS ST 51,143,APARTMENT,1992,23,394000,688000,534817,12300800
1994-06,PASIR RIS,EXECUTIVE,547,PASIR RIS ST 51,143,APARTMENT,1992,39,393000,680000,563487,21976000
1997-01,PASIR RIS,EXECUTIVE,548,PASIR RIS ST 51,144,APARTMENT,1992,26,368000,645000,527865,13724500
1996-08,PASIR RIS,EXECUTIVE,549,PASIR RIS ST 51,157,MAISONETTE,1992,17,479000,700000,615176,10458000
1994-09,PASIR RIS,EXECUTIVE,550,PASIR RIS ST 51,144,APARTMENT,1992,21,420000,665000,545262,11450500
1997-04,PASIR RIS,5 ROOM,551,PASIR RIS ST 51,123,IMPROVED,1992,41,262000,485000,391361,16045800
1995-06,PASIR RIS,5 ROOM,552,PASIR RIS ST 51,122,IMPROVED,1992,28,345000,491800,412521,11550600
1994-09,PASIR RIS,5 ROOM,553,PASIR RIS ST 51,123,IMPROVED,1992,39,246000,495000,397526,15503500
1993-12,PASIR RIS,5 ROOM,554,PASIR RIS ST 51,123,IMPROVED,1992,36,244000,493000,394686,14208688
1994-08,PASIR RIS,5 ROOM,555,PASIR RIS ST 51,123,IMPROVED,1992,38,313000,535000,431132,16383000
1997-03,PASIR RIS,4 ROOM,556,PASIR RIS ST 51,104,MODEL A,1992,35,262000,490000,409909,14346800
1995-12,PASIR RIS,5 ROOM,557,PASIR RIS ST 51,122,IMPROVED,1993,39,318000,500000,423782,16527500
1997-07,PASIR RIS,4 ROOM,558,PASIR RIS ST 51,104,MODEL A,1993,31,265000,465000,343629,10652500
1997-03,PASIR RIS,4 ROOM,559,PASIR RIS ST 51,104,MODEL A,1993,40,255000,435000,331738,13269500
1997-12,PASIR RIS,4 ROOM,560,PASIR RIS ST 51,105,MODEL A,1993,33,251000,408000,302827,9993300
1994-07,PASIR RIS,4 ROOM,561,PASIR RIS ST 51,104,MODEL A,1993,42,248000,415000,339893,14275500
1998-01,PASIR RIS,4 ROOM,562,PASIR RIS ST 51,104,MODEL A,1993,20,255000,411000,347550,6951000
1993-07,PASIR RIS,5 ROOM,564,PASIR RIS ST 51,123,IMPROVED,1992,32,215000,572000,398821,12762276
1992-09,PASIR RIS,5 ROOM,565,PASIR RIS ST 51,123,IMPROVED,1992,44,188000,495000,381802,16799300
1997-07,PASIR RIS,5 ROOM,566,PASIR RIS ST 51,121,IMPROVED,1992,28,292000,492500,395536,11075000
1994-02,PASIR RIS,5 ROOM,567,PASIR RIS ST 51,123,IMPROVED,1992,31,300000,495288,406719,12608288
1995-12,PASIR RIS,5 ROOM,568,PASIR RIS ST 51,123,IMPROVED,1992,42,274000,460000,354281,14879800
1997-10,PASIR RIS,4 ROOM,569,PASIR RIS ST 51,104,MODEL A,1992,44,269000,458000,337209,14837180
1998-08,PASIR RIS,EXECUTIVE,500,PASIR RIS ST 52,144,APARTMENT,1993,31,411000,590000,497968,15437000
1995-09,PASIR RIS,EXECUTIVE,501,PASIR RIS ST 52,145,APARTMENT,1993,24,405000,560000,502495,12059888
1994-05,PASIR RIS,EXECUTIVE,502,PASIR RIS ST 52,145,APARTMENT,1993,27,420000,568000,491078,13259100
1998-06,PASIR RIS,EXECUTIVE,503,PASIR RIS ST 52,147,APARTMENT,1993,19,390000,550000,479621,9112800
1993-12,PASIR RIS,EXECUTIVE,504,PASIR RIS ST 52,145,APARTMENT,1993,38,345000,715000,493574,18755800
1998-04,PASIR RIS,EXECUTIVE,505,PASIR RIS ST 52,145,APARTMENT,1993,33,409000,590000,511658,16884728
1994-01,PASIR RIS,EXECUTIVE,506,PASIR RIS ST 52,145,APARTMENT,1993,33,320000,579000,508394,16777000
1995-12,PASIR RIS,EXECUTIVE,507,PASIR RIS ST 52,146,APARTMENT,1993,19,430000,557000,502737,9552000
1994-10,PASIR RIS,EXECUTIVE,508,PASIR RIS ST 52,146,APARTMENT,1993,20,440000,560000,499600,9992000
1998-04,PASIR RIS,EXECUTIVE,509,PASIR RIS ST 52,145,APARTMENT,1993,25,402000,545000,496780,12419500
1998-05,PASIR RIS,EXECUTIVE,510,PASIR RIS ST 52,146,APARTMENT,1993,30,409000,615000,485333,14560000
1995-12,PASIR RIS,5 ROOM,511,PASIR RIS ST 52,134,MODEL A,1993,26,265000,432500,366215,9521600
1997-11,PASIR RIS,5 ROOM,512,PASIR RIS ST 52,127,IMPROVED,1993,21,280000,439000,371048,7792000
1998-06,PASIR RIS,4 ROOM,513,PASIR RIS ST 52,106,MODEL A,1993,25,265000,420000,345964,8649100
1998-07,PASIR RIS,4 ROOM,514,PASIR RIS ST 52,106,MODEL A,1993,34,252000,428000,318862,10841300
1994-09,PASIR RIS,5 ROOM,515,PASIR RIS ST 52,125,IMPROVED,1993,32,272000,405000,347922,11133500
1998-10,PASIR RIS,5 ROOM,516,PASIR RIS ST 52,128,IMPROVED,1993,37,250000,415000,306441,11338300
1997-02,PASIR RIS,5 ROOM,517,PASIR RIS ST 52,129,IMPROVED,1993,35,245000,420000,315514,11043000
1998-09,PASIR RIS,5 ROOM,518,PASIR RIS ST 52,133,MODEL A,1993,33,278000,445000,351545,11601000
1998-07,PASIR RIS,5 ROOM,519,PASIR RIS ST 52,129,IMPROVED,1993,35,269000,420000,340897,11931388
1998-10,PASIR RIS,5 ROOM,520,PASIR RIS ST 52,128,IMPROVED,1993,17,260000,438200,340247,5784200
1998-09,PASIR RIS,5 ROOM,521,PASIR RIS ST 52,128,IMPROVED,1993,28,251000,420000,329618,9229300
1999-12,PASIR RIS,4 ROOM,572,PASIR RIS ST 53,110,MODEL A,1995,2,330000,335000,332500,665000
1999-10,PASIR RIS,4 ROOM,574,PASIR RIS ST 53,112,MODEL A,1995,13,302000,385000,338154,4396000
1995-09,PASIR RIS,4 ROOM,575,PASIR RIS ST 53,103,MODEL A,1995,2,265000,285000,275000,550000
1999-11,PASIR RIS,5 ROOM,576,PASIR RIS ST 53,128,IMPROVED,1995,7,370000,450000,406714,2847000
1999-10,PASIR RIS,5 ROOM,577,PASIR RIS ST 53,128,IMPROVED,1995,12,318000,465000,423650,5083800
1999-07,PASIR RIS,EXECUTIVE,578,PASIR RIS ST 53,148,APARTMENT,1995,9,480000,600000,526056,4734500
1999-04,PASIR RIS,EXECUTIVE,579,PASIR RIS ST 53,145,APARTMENT,1995,17,444800,565000,495429,8422300
1999-03,PASIR RIS,EXECUTIVE,580,PASIR RIS ST 53,145,APARTMENT,1995,16,444000,573000,492438,7879000
1999-06,PASIR RIS,EXECUTIVE,581,PASIR RIS ST 53,145,APARTMENT,1995,10,464000,588000,522500,5225000
1999-07,PASIR RIS,EXECUTIVE,582,PASIR RIS ST 53,145,APARTMENT,1995,9,487500,560000,525500,4729500
1999-06,PASIR RIS,EXECUTIVE,583,PASIR RIS ST 53,148,APARTMENT,1995,13,459000,600500,501308,6517000
1999-08,PASIR RIS,EXECUTIVE,584,PASIR RIS ST 53,146,APARTMENT,1995,7,488000,565000,515571,3609000
1999-11,PASIR RIS,EXECUTIVE,585,PASIR RIS ST 53,146,MAISONETTE,1995,9,505000,630000,585778,5272000
1999-07,PASIR RIS,EXECUTIVE,586,PASIR RIS ST 53,147,APARTMENT,1995,14,462000,623000,520607,7288500
1999-12,PASIR RIS,4 ROOM,744,PASIR RIS ST 71,103,MODEL A,1996,2,302000,303000,302500,605000
1999-11,PASIR RIS,5 ROOM,745,PASIR RIS ST 71,123,IMPROVED,1996,2,412000,420000,416000,832000
1995-10,PASIR RIS,5 ROOM,753,PASIR RIS ST 71,128,IMPROVED,1996,1,340000,340000,340000,340000
1999-10,PASIR RIS,4 ROOM,755,PASIR RIS ST 71,106,MODEL A,1996,4,280000,401000,346750,1387000
1999-09,PASIR RIS,5 ROOM,756,PASIR RIS ST 71,127,IMPROVED,1996,12,277000,400000,328375,3940500
1999-11,PASIR RIS,4 ROOM,757,PASIR RIS ST 71,106,MODEL A,1996,8,272000,418000,335625,2685000
1999-11,PASIR RIS,4 ROOM,758,PASIR RIS ST 71,105,MODEL A,1996,9,265000,418000,327200,2944800
1995-02,PASIR RIS,5 ROOM,759,PASIR RIS ST 71,128,IMPROVED,1996,6,300000,402000,354300,2125800
1999-12,PASIR RIS,4 ROOM,764,PASIR RIS ST 71,105,MODEL A,1996,5,288000,390000,351400,1757000
1999-12,PASIR RIS,4 ROOM,765,PASIR RIS ST 71,107,MODEL A,1996,4,299000,408000,338000,1352000
1999-12,PASIR RIS,4 ROOM,771,PASIR RIS ST 71,107,MODEL A,1996,1,310000,310000,310000,310000
1995-09,PASIR RIS,5 ROOM,775,PASIR RIS ST 71,125,IMPROVED,1996,1,340000,340000,340000,340000
1996-04,PASIR RIS,EXECUTIVE,779,PASIR RIS ST 71,143,APARTMENT,1996,1,660000,660000,660000,660000
1996-01,PASIR RIS,EXECUTIVE,780,PASIR RIS ST 71,143,APARTMENT,1996,1,475000,475000,475000,475000
1999-09,PASIR RIS,EXECUTIVE,710,PASIR RIS ST 72,145,MAISONETTE,1996,8,485000,570000,521938,4175500
1996-03,PASIR RIS,EXECUTIVE,711,PASIR RIS ST 72,143,APARTMENT,1996,16,453000,578000,500281,8004500
1996-01,PASIR RIS,EXECUTIVE,712,PASIR RIS ST 72,146,APARTMENT,1996,11,460000,580000,514964,5664600
1999-08,PASIR RIS,EXECUTIVE,713,PASIR RIS ST 72,143,APARTMENT,1996,16,454500,573000,504125,8066000
1999-09,PASIR RIS,EXECUTIVE,714,PASIR RIS ST 72,146,APARTMENT,1996,13,450000,562000,507769,6601000
1995-04,PASIR RIS,EXECUTIVE,715,PASIR RIS ST 72,143,APARTMENT,1996,7,450000,568000,526857,3688000
1996-03,PASIR RIS,EXECUTIVE,717,PASIR RIS ST 72,143,APARTMENT,1996,1,590000,590000,590000,590000
1999-07,PASIR RIS,4 ROOM,718,PASIR RIS ST 72,111,MODEL A,1996,10,263000,326000,304100,3041000
1999-07,PASIR RIS,5 ROOM,719,PASIR RIS ST 72,124,IMPROVED,1996,12,271000,425000,364583,4375000
1999-10,PASIR RIS,5 ROOM,721,PASIR RIS ST 72,124,IMPROVED,1996,6,341000,420000,395167,2371000
1999-07,PASIR RIS,4 ROOM,722,PASIR RIS ST 72,111,MODEL A,1996,10,276000,333800,306780,3067800
1999-09,PASIR RIS,4 ROOM,723,PASIR RIS ST 72,112,MODEL A,1996,3,295000,335000,310333,931000
1995-12,PASIR RIS,5 ROOM,724,PASIR RIS ST 72,124,IMPROVED,1996,12,363000,430000,390883,4690600
1999-10,PASIR RIS,5 ROOM,725,PASIR RIS ST 72,124,IMPROVED,1996,10,360000,430000,392000,3920000
1990-02,GEYLANG,5 ROOM,120,PAYA LEBAR WAY,118,IMPROVED,1980,33,125000,460000,314176,10367800
1990-03,GEYLANG,4 ROOM,121,PAYA LEBAR WAY,91,NEW GENERATION,1980,127,50000,363000,210493,26732588
1990-03,GEYLANG,4 ROOM,122,PAYA LEBAR WAY,91,NEW GENERATION,1980,55,66000,338000,203800,11209000
1990-10,GEYLANG,5 ROOM,123,PAYA LEBAR WAY,118,IMPROVED,1980,19,105000,453000,323911,6154300
1990-03,GEYLANG,5 ROOM,124,PAYA LEBAR WAY,118,IMPROVED,1980,30,120000,455000,327827,9834800
1990-02,GEYLANG,3 ROOM,91,PAYA LEBAR WAY,58,IMPROVED,1972,47,30000,170000,106185,4990700
1990-06,GEYLANG,3 ROOM,93,PAYA LEBAR WAY,58,IMPROVED,1972,56,33100,193000,95020,5321100
1993-08,BUKIT PANJANG,3 ROOM,112,PENDING RD,64,SIMPLIFIED,1988,14,80000,200000,131929,1847000
1991-11,BUKIT PANJANG,3 ROOM,113,PENDING RD,73,MODEL A,1988,68,48000,315000,173706,11812000
1993-08,BUKIT PANJANG,3 ROOM,114,PENDING RD,64,SIMPLIFIED,1988,7,66000,178000,133714,936000
1992-01,BUKIT PANJANG,3 ROOM,115,PENDING RD,73,MODEL A,1988,57,48000,300000,165384,9426900
1992-07,BUKIT PANJANG,4 ROOM,116,PENDING RD,103,MODEL A,1987,55,54000,298000,159395,8766700
1992-12,BUKIT PANJANG,4 ROOM,117,PENDING RD,84,SIMPLIFIED,1988,12,60000,168000,132500,1590000
1992-03,BUKIT PANJANG,3 ROOM,118,PENDING RD,73,MODEL A,1988,62,46000,295000,165660,10270900
1993-11,BUKIT PANJANG,3 ROOM,119,PENDING RD,64,SIMPLIFIED,1988,14,75000,225000,124714,1746000
1992-11,BUKIT PANJANG,4 ROOM,120,PENDING RD,84,SIMPLIFIED,1988,34,85000,425000,274765,9342000
1992-08,BUKIT PANJANG,5 ROOM,121,PENDING RD,131,IMPROVED,1987,31,130000,409000,276145,8560500
1993-11,BUKIT PANJANG,3 ROOM,122,PENDING RD,70,SIMPLIFIED,1988,13,85000,245000,145000,1885000
1992-01,BUKIT PANJANG,3 ROOM,123,PENDING RD,73,MODEL A,1988,67,45000,300000,161236,10802800
1992-12,BUKIT PANJANG,EXECUTIVE,124,PENDING RD,144,APARTMENT,1988,32,180000,595000,416253,13320100
1992-02,BUKIT PANJANG,3 ROOM,125,PENDING RD,73,MODEL A,1987,70,57000,298000,168049,11763400
1991-11,BUKIT PANJANG,4 ROOM,126,PENDING RD,103,MODEL A,1987,71,43000,310000,168465,11961000
1993-06,BUKIT PANJANG,3 ROOM,127,PENDING RD,64,SIMPLIFIED,1988,19,66000,230000,132868,2524500
1992-01,BUKIT PANJANG,3 ROOM,128,PENDING RD,73,MODEL A,1988,54,50000,300000,161164,8702840
1992-05,BUKIT PANJANG,EXECUTIVE,129,PENDING RD,144,APARTMENT,1987,29,190000,550000,415793,12058000
1992-10,BUKIT PANJANG,4 ROOM,221,PENDING RD,103,MODEL A,1988,60,43000,320000,165917,9955000
1994-03,BUKIT PANJANG,4 ROOM,222,PENDING RD,85,SIMPLIFIED,1989,4,95000,289000,169250,677000
1992-12,BUKIT PANJANG,4 ROOM,223,PENDING RD,107,MODEL A,1988,53,72000,257500,158868,8420000
1993-02,BUKIT PANJANG,4 ROOM,224,PENDING RD,85,SIMPLIFIED,1989,13,64000,318000,160369,2084800
1993-12,BUKIT PANJANG,4 ROOM,225,PENDING RD,84,SIMPLIFIED,1987,45,114000,275000,183529,8258800
1992-09,BUKIT PANJANG,4 ROOM,226,PENDING RD,84,SIMPLIFIED,1987,43,62000,275000,181326,7797000
1993-03,BUKIT PANJANG,3 ROOM,227,PENDING RD,73,MODEL A,1989,34,43000,247000,166706,5668000
1993-01,BUKIT PANJANG,EXECUTIVE,228,PENDING RD,151,APARTMENT,1988,35,200000,525000,386471,13526500
1991-09,BUKIT PANJANG,3 ROOM,229,PENDING RD,73,MODEL A,1988,63,60000,280000,160178,10091200
1992-04,BUKIT PANJANG,4 ROOM,230,PENDING RD,103,MODEL A,1988,50,44000,295000,161324,8066200
1995-07,BUKIT PANJANG,3 ROOM,231,PENDING RD,64,SIMPLIFIED,1989,10,102000,363000,166214,1662138
1993-06,BUKIT PANJANG,3 ROOM,232,PENDING RD,73,MODEL A,1987,51,84000,313000,155706,7941000
1993-01,BUKIT PANJANG,EXECUTIVE,233,PENDING RD,146,MAISONETTE,1988,33,246000,580000,413424,13643000
1994-03,BUKIT PANJANG,EXECUTIVE,134,PETIR RD,145,MAISONETTE,1988,3,315000,457000,387333,1162000
1994-03,BUKIT PANJANG,4 ROOM,136,PETIR RD,104,MODEL A,1988,23,158000,381000,260609,5993998
1993-06,BUKIT PANJANG,4 ROOM,137,PETIR RD,107,MODEL A,1989,64,75000,295000,175981,11262800
1993-12,BUKIT PANJANG,EXECUTIVE,138,PETIR RD,155,MAISONETTE,1989,23,310000,608000,404935,9313500
1993-07,BUKIT PANJANG,4 ROOM,139,PETIR RD,107,MODEL A,1988,53,79000,296000,180330,9557500
1993-01,BUKIT PANJANG,4 ROOM,140,PETIR RD,104,MODEL A,1988,29,91000,430000,285707,8285500
1993-09,BUKIT PANJANG,4 ROOM,141,PETIR RD,104,MODEL A,1988,25,145000,398000,252520,6313000
1992-12,BUKIT PANJANG,3 ROOM,142,PETIR RD,73,MODEL A,1988,68,55000,285000,169890,11552490
1993-11,BUKIT PANJANG,3 ROOM,143,PETIR RD,73,MODEL A,1988,66,85000,300000,169591,11193000
1993-12,BUKIT PANJANG,EXECUTIVE,144,PETIR RD,145,MAISONETTE,1988,11,280000,510000,380773,4188500
1994-08,BUKIT PANJANG,5 ROOM,145,PETIR RD,122,IMPROVED,1988,7,212500,283000,239143,1674000
1993-04,BUKIT PANJANG,3 ROOM,149,PETIR RD,73,MODEL A,1988,48,55000,288000,177496,8519800
1993-09,BUKIT PANJANG,4 ROOM,150,PETIR RD,103,MODEL A,1988,47,84000,279000,171847,8076800
1993-05,BUKIT PANJANG,EXECUTIVE,151,PETIR RD,145,APARTMENT,1988,35,230000,590000,408257,14289000
1994-06,BUKIT PANJANG,5 ROOM,201,PETIR RD,122,IMPROVED,1988,38,190000,430000,314171,11938500
1993-03,BUKIT PANJANG,4 ROOM,202,PETIR RD,104,MODEL A,1988,46,100000,407500,296467,13637500
1993-05,BUKIT PANJANG,5 ROOM,203,PETIR RD,122,IMPROVED,1988,40,120000,425000,253220,10128800
1993-09,BUKIT PANJANG,5 ROOM,204,PETIR RD,122,IMPROVED,1988,48,130000,445000,256267,12300800
1992-11,BUKIT PANJANG,3 ROOM,205,PETIR RD,73,MODEL A,1988,46,73000,306000,161228,7416500
1992-12,BUKIT PANJANG,4 ROOM,206,PETIR RD,107,MODEL A,1989,42,73000,290000,166750,7003500
1993-04,BUKIT PANJANG,4 ROOM,207,PETIR RD,84,SIMPLIFIED,1988,45,68000,315000,191486,8616888
1992-09,BUKIT PANJANG,4 ROOM,208,PETIR RD,104,MODEL A,1988,34,50000,272000,180956,6152500
1996-06,BUKIT PANJANG,4 ROOM,209,PETIR RD,104,MODEL A,1989,6,211000,280000,255833,1535000
1993-10,BUKIT PANJANG,5 ROOM,210,PETIR RD,122,IMPROVED,1988,27,198000,415000,321278,8674500
1993-03,BUKIT PANJANG,5 ROOM,211,PETIR RD,122,IMPROVED,1988,25,165000,440000,335956,8398888
1993-12,BUKIT PANJANG,4 ROOM,212,PETIR RD,104,MODEL A,1988,5,175000,360000,264600,1323000
1993-04,BUKIT PANJANG,5 ROOM,213,PETIR RD,122,IMPROVED,1988,54,143000,425000,274574,14827000
1993-09,BUKIT PANJANG,3 ROOM,214,PETIR RD,73,MODEL A,1988,54,74000,295000,171639,9268500
1993-11,BUKIT PANJANG,3 ROOM,215,PETIR RD,64,SIMPLIFIED,1989,8,75000,345000,177000,1416000
1992-11,BUKIT PANJANG,4 ROOM,216,PETIR RD,103,MODEL A,1989,48,83000,278000,158085,7588071
1991-09,BUKIT PANJANG,4 ROOM,217,PETIR RD,84,SIMPLIFIED,1987,41,68000,298000,178000,7298000
1993-06,BUKIT PANJANG,4 ROOM,218,PETIR RD,104,MODEL A,1987,40,120000,270000,189838,7593500
1992-05,BUKIT PANJANG,3 ROOM,219,PETIR RD,73,MODEL A,1988,60,59600,290000,159948,9596850
1992-06,BUKIT PANJANG,4 ROOM,220,PETIR RD,103,MODEL A,1989,57,70000,277000,173358,9881400
1990-07,GEYLANG,4 ROOM,10,PINE CL,93,NEW GENERATION,1981,44,72000,348000,194866,8574100
1990-01,GEYLANG,3 ROOM,12,PINE CL,68,NEW GENERATION,1981,30,50000,338000,160143,4804300
1990-08,GEYLANG,EXECUTIVE,53,PIPIT RD,146,MAISONETTE,1986,92,150000,630000,426618,39248900
1990-07,GEYLANG,4 ROOM,54,PIPIT RD,91,NEW GENERATION,1985,77,75000,346000,228947,17628940
1990-01,TOA PAYOH,3 ROOM,101,POTONG PASIR AVE 1,74,MODEL A,1984,48,56000,240000,153023,7345100
1990-01,TOA PAYOH,3 ROOM,102,POTONG PASIR AVE 1,74,MODEL A,1984,64,60000,380000,157738,10095200
1990-03,TOA PAYOH,3 ROOM,103,POTONG PASIR AVE 1,89,MODEL A,1984,27,61000,212000,128936,3481280
1990-04,TOA PAYOH,3 ROOM,104,POTONG PASIR AVE 1,74,MODEL A,1984,78,56000,370000,165946,12943800
1990-02,TOA PAYOH,3 ROOM,105,POTONG PASIR AVE 1,74,MODEL A,1984,112,52500,320000,156996,17583600
1990-01,TOA PAYOH,3 ROOM,106,POTONG PASIR AVE 1,74,MODEL A,1984,20,55000,225000,151299,3025980
1990-01,TOA PAYOH,3 ROOM,107,POTONG PASIR AVE 1,74,MODEL A,1984,50,67000,355000,186210,9310500
1990-02,TOA PAYOH,3 ROOM,108,POTONG PASIR AVE 1,74,MODEL A,1984,58,53000,365000,173676,10073230
1990-07,TOA PAYOH,3 ROOM,109,POTONG PASIR AVE 1,81,MODEL A,1984,29,58000,202000,131331,3808600
1990-03,TOA PAYOH,3 ROOM,113,POTONG PASIR AVE 1,67,NEW GENERATION,1984,89,45000,337000,166243,14795600
1990-02,TOA PAYOH,4 ROOM,114,POTONG PASIR AVE 1,93,NEW GENERATION,1984,70,48000,306000,151039,10572700
1990-02,TOA PAYOH,3 ROOM,115,POTONG PASIR AVE 1,67,NEW GENERATION,1984,97,44000,300000,144322,13999240
1990-02,TOA PAYOH,3 ROOM,116,POTONG PASIR AVE 1,67,NEW GENERATION,1984,23,43000,310000,133117,3061700
1990-01,TOA PAYOH,4 ROOM,117,POTONG PASIR AVE 1,96,NEW GENERATION,1984,102,47000,305000,156432,15956100
1990-05,TOA PAYOH,3 ROOM,118,POTONG PASIR AVE 1,67,NEW GENERATION,1984,54,47500,260000,138303,7468340
1990-07,TOA PAYOH,4 ROOM,119,POTONG PASIR AVE 1,93,NEW GENERATION,1984,72,55000,345000,167244,12041600
1990-01,TOA PAYOH,3 ROOM,120,POTONG PASIR AVE 1,67,NEW GENERATION,1984,76,50000,320000,162681,12363760
1991-04,TOA PAYOH,4 ROOM,121,POTONG PASIR AVE 1,103,MODEL A,1984,66,81000,668000,313570,20695600
1990-08,TOA PAYOH,5 ROOM,122,POTONG PASIR AVE 1,135,MODEL A,1984,63,100000,525000,318143,20043000
1996-03,TOA PAYOH,EXECUTIVE,123,POTONG PASIR AVE 1,166,MAISONETTE,1984,3,383000,505000,451000,1353000
1991-11,TOA PAYOH,EXECUTIVE,124,POTONG PASIR AVE 1,161,MAISONETTE,1984,4,204000,515000,358500,1434000
1990-07,TOA PAYOH,EXECUTIVE,125,POTONG PASIR AVE 1,161,MAISONETTE,1984,6,202000,540000,377333,2264000
1992-05,TOA PAYOH,EXECUTIVE,126,POTONG PASIR AVE 1,161,MAISONETTE,1984,8,220000,550000,377188,3017500
1991-07,TOA PAYOH,EXECUTIVE,127,POTONG PASIR AVE 1,161,MAISONETTE,1984,5,204000,527000,316800,1584000
1991-08,TOA PAYOH,EXECUTIVE,128,POTONG PASIR AVE 1,161,MAISONETTE,1984,7,203000,560000,413286,2893000
1990-10,TOA PAYOH,EXECUTIVE,129,POTONG PASIR AVE 1,166,MAISONETTE,1984,5,203000,448000,338000,1690000
1990-02,TOA PAYOH,EXECUTIVE,130,POTONG PASIR AVE 1,161,MAISONETTE,1984,8,204000,628000,377250,3018000
1990-07,TOA PAYOH,EXECUTIVE,131,POTONG PASIR AVE 1,151,MAISONETTE,1984,13,204000,555000,383231,4982000
1990-05,TOA PAYOH,EXECUTIVE,132,POTONG PASIR AVE 1,149,MAISONETTE,1984,8,204000,550000,410625,3285000
1992-09,TOA PAYOH,EXECUTIVE,133,POTONG PASIR AVE 1,161,MAISONETTE,1984,4,204000,508000,355250,1421000
1990-10,TOA PAYOH,4 ROOM,143,POTONG PASIR AVE 2,104,MODEL A,1984,57,55000,515000,228198,13007300
1991-12,TOA PAYOH,4 ROOM,144,POTONG PASIR AVE 2,103,MODEL A,1984,11,120000,322000,247000,2717000
1990-03,TOA PAYOH,4 ROOM,145,POTONG PASIR AVE 2,104,MODEL A,1984,58,53000,530000,193202,11205688
1990-01,TOA PAYOH,3 ROOM,134,POTONG PASIR AVE 3,74,MODEL A,1984,43,70000,530000,209021,8987900
1993-01,TOA PAYOH,4 ROOM,135,POTONG PASIR AVE 3,104,MODEL A,1984,8,166500,375000,256688,2053500
1990-01,TOA PAYOH,5 ROOM,136,POTONG PASIR AVE 3,156,MODEL A-MAISONETTE,1984,35,60000,413000,180382,6313380
1990-02,TOA PAYOH,3 ROOM,137,POTONG PASIR AVE 3,74,MODEL A,1984,36,64500,490000,212028,7633000
1990-03,TOA PAYOH,4 ROOM,138,POTONG PASIR AVE 3,103,MODEL A,1984,15,113000,328000,251600,3774000
1990-01,TOA PAYOH,3 ROOM,139,POTONG PASIR AVE 3,74,MODEL A,1984,67,63000,542000,204078,13673200
1990-08,TOA PAYOH,4 ROOM,140,POTONG PASIR AVE 3,106,MODEL A,1984,55,60000,510000,203645,11200500
1991-02,TOA PAYOH,4 ROOM,141,POTONG PASIR AVE 3,103,MODEL A,1984,15,106000,336000,226000,3390000
1990-01,TOA PAYOH,3 ROOM,142,POTONG PASIR AVE 3,74,MODEL A,1984,56,55000,580000,213554,11959000
1990-09,CENTRAL AREA,3 ROOM,269A,QUEEN ST,67,NEW GENERATION,1984,11,69500,290000,156864,1725500
1990-03,CENTRAL AREA,4 ROOM,269B,QUEEN ST,102,NEW GENERATION,1984,35,78000,398000,219503,7682600
1991-04,CENTRAL AREA,3 ROOM,269C,QUEEN ST,67,NEW GENERATION,1984,5,60000,215000,152000,760000
1990-01,CENTRAL AREA,3 ROOM,271,QUEEN ST,60,IMPROVED,1979,57,50000,275000,134361,7658600
1990-03,QUEENSTOWN,3 ROOM,23A,QUEEN'S CL,76,IMPROVED,1973,49,36000,215000,127986,6271300
1990-05,QUEENSTOWN,4 ROOM,23B,QUEEN'S CL,89,IMPROVED,1973,51,50000,325000,212520,10838500
1990-03,BUKIT TIMAH,5 ROOM,1,QUEEN'S RD,123,STANDARD,1974,29,150000,510000,368469,10685588
1990-07,BUKIT TIMAH,4 ROOM,2,QUEEN'S RD,89,IMPROVED,1974,29,54000,385000,199690,5791000
1990-02,BUKIT TIMAH,3 ROOM,3,QUEEN'S RD,76,IMPROVED,1974,64,40000,345000,209076,13380860
1990-01,BUKIT TIMAH,3 ROOM,4,QUEEN'S RD,63,IMPROVED,1974,67,35000,206500,123018,8242200
1990-07,QUEENSTOWN,4 ROOM,168A,QUEENSWAY,84,IMPROVED,1974,100,53000,356000,211096,21109600
1991-03,KALLANG/WHAMPOA,4 ROOM,681,RACE COURSE RD,103,MODEL A,1986,34,122500,415000,269941,9178000
1991-01,KALLANG/WHAMPOA,4 ROOM,682,RACE COURSE RD,103,MODEL A,1986,19,110000,525000,303684,5770000
1990-11,KALLANG/WHAMPOA,4 ROOM,684,RACE COURSE RD,105,MODEL A,1986,51,52000,400000,191927,9788300
1991-01,KALLANG/WHAMPOA,3 ROOM,685,RACE COURSE RD,63,SIMPLIFIED,1986,48,60000,395000,162408,7795600
1990-02,BUKIT MERAH,3 ROOM,1,REDHILL CL,63,STANDARD,1983,17,24000,165000,102324,1739500
1990-03,BUKIT MERAH,3 ROOM,10,REDHILL CL,63,STANDARD,1983,14,23300,203000,112321,1572500
1991-09,BUKIT MERAH,3 ROOM,11,REDHILL CL,58,STANDARD,1983,17,32000,160000,120135,2042300
1992-12,BUKIT MERAH,3 ROOM,12,REDHILL CL,58,STANDARD,1983,10,37000,150000,115600,1156000
1990-01,BUKIT MERAH,3 ROOM,13,REDHILL CL,66,STANDARD,1983,14,24000,215000,121679,1703500
1991-04,BUKIT MERAH,3 ROOM,14,REDHILL CL,63,STANDARD,1983,16,25000,175500,104288,1668605
1993-09,BUKIT MERAH,3 ROOM,15,REDHILL CL,66,STANDARD,1983,6,100000,190000,153333,920000
1990-12,BUKIT MERAH,3 ROOM,16,REDHILL CL,60,STANDARD,1983,18,31000,168000,107000,1926000
1990-07,BUKIT MERAH,3 ROOM,17,REDHILL CL,66,STANDARD,1983,18,25000,210000,107056,1927000
1990-12,BUKIT MERAH,3 ROOM,18,REDHILL CL,66,STANDARD,1983,9,24000,195000,98944,890500
1990-01,BUKIT MERAH,3 ROOM,19,REDHILL CL,63,STANDARD,1983,22,24000,212000,108032,2376700
1990-07,BUKIT MERAH,3 ROOM,2,REDHILL CL,63,STANDARD,1983,19,24000,198000,113232,2151400
1990-01,BUKIT MERAH,3 ROOM,20,REDHILL CL,58,STANDARD,1983,10,24000,205000,108150,1081500
1990-12,BUKIT MERAH,3 ROOM,21,REDHILL CL,60,STANDARD,1983,13,31200,188000,121481,1579250
1991-08,BUKIT MERAH,3 ROOM,22,REDHILL CL,58,STANDARD,1983,17,25000,172000,119047,2023800
1990-04,BUKIT MERAH,3 ROOM,3,REDHILL CL,60,STANDARD,1983,24,27000,195000,106588,2558100
1990-11,BUKIT MERAH,3 ROOM,5,REDHILL CL,57,STANDARD,1983,11,30000,160000,116000,1276000
1990-08,BUKIT MERAH,3 ROOM,6,REDHILL CL,58,STANDARD,1983,17,25000,158000,94000,1598000
1993-02,BUKIT MERAH,3 ROOM,7,REDHILL CL,58,STANDARD,1983,20,45000,152000,118890,2377800
1990-04,BUKIT MERAH,3 ROOM,8,REDHILL CL,66,STANDARD,1983,10,29500,180000,118150,1181500
1990-05,BUKIT MERAH,3 ROOM,86,REDHILL CL,59,IMPROVED,1973,46,43400,240000,139661,6424400
1998-11,BUKIT MERAH,5 ROOM,87,REDHILL CL,126,IMPROVED,1995,37,432000,600000,500311,18511500
1998-08,BUKIT MERAH,4 ROOM,88,REDHILL CL,111,MODEL A,1995,11,338000,390000,371000,4081000
1990-09,BUKIT MERAH,3 ROOM,9,REDHILL CL,60,STANDARD,1983,10,23000,167000,88430,884300
1991-12,BUKIT MERAH,3 ROOM,71,REDHILL RD,54,STANDARD,1969,17,26600,246000,142476,2422100
1990-11,BUKIT MERAH,3 ROOM,72,REDHILL RD,54,STANDARD,1969,18,30000,230000,102750,1849500
1990-07,CENTRAL AREA,3 ROOM,1,ROCHOR RD,67,NEW GENERATION,1977,22,65000,292000,162864,3583000
1990-01,CENTRAL AREA,3 ROOM,2,ROCHOR RD,67,NEW GENERATION,1977,34,53500,332000,171368,5826500
1990-05,CENTRAL AREA,3 ROOM,3,ROCHOR RD,67,NEW GENERATION,1977,33,55000,398000,146703,4841200
1990-05,CENTRAL AREA,3 ROOM,4,ROCHOR RD,67,NEW GENERATION,1977,42,65000,360000,169493,7118700
1990-01,CENTRAL AREA,4 ROOM,639,ROWELL RD,111,MODEL A,1983,30,123000,512000,293400,8802000
1990-01,CENTRAL AREA,3 ROOM,640,ROWELL RD,74,MODEL A,1984,62,75000,320000,158373,9819100
1990-02,CENTRAL AREA,4 ROOM,641,ROWELL RD,111,MODEL A,1983,30,120000,550000,287260,8617800
1990-01,CENTRAL AREA,5 ROOM,642,ROWELL RD,137,MODEL A,1984,23,140000,535000,332304,7643000
1990-03,CENTRAL AREA,3 ROOM,4,SAGO LANE,67,IMPROVED,1974,50,45000,285000,160936,8046800
1994-03,BUKIT PANJANG,5 ROOM,409,SAUJANA RD,122,IMPROVED,1989,33,165000,338000,245788,8111000
1993-11,BUKIT PANJANG,5 ROOM,410,SAUJANA RD,134,IMPROVED,1989,28,110000,433000,311196,8713500
1994-01,BUKIT PANJANG,EXECUTIVE,411,SAUJANA RD,145,MAISONETTE,1988,11,332000,500000,390136,4291500
1993-04,BUKIT PANJANG,4 ROOM,412,SAUJANA RD,84,SIMPLIFIED,1988,35,62000,298000,192974,6754100
1993-11,BUKIT PANJANG,4 ROOM,413,SAUJANA RD,104,MODEL A,1988,30,150000,430000,274327,8229800
1994-11,BUKIT PANJANG,5 ROOM,414,SAUJANA RD,122,IMPROVED,1988,8,162000,338000,232625,1861000
1993-04,BUKIT PANJANG,4 ROOM,415,SAUJANA RD,104,MODEL A,1989,35,91000,435000,268251,9388800
1993-05,BUKIT PANJANG,4 ROOM,416,SAUJANA RD,84,SIMPLIFIED,1988,37,106000,252000,182024,6734900
1990-01,CENTRAL AREA,3 ROOM,10,SELEGIE RD,58,STANDARD,1974,22,30000,190000,103477,2276500
1990-01,CENTRAL AREA,2 ROOM,8,SELEGIE RD,41,STANDARD,1974,49,18700,195000,101433,4970200
1990-01,CENTRAL AREA,3 ROOM,9,SELEGIE RD,58,STANDARD,1974,109,18700,255000,103306,11260400
1990-04,SENGKANG,3 ROOM,1,SELETAR WEST FARMWAY 6,67,NEW GENERATION,1980,14,27300,132000,73550,1029700
1990-04,SENGKANG,3 ROOM,2,SELETAR WEST FARMWAY 6,67,NEW GENERATION,1980,16,30000,145000,88756,1420100
1990-01,SENGKANG,4 ROOM,5,SELETAR WEST FARMWAY 6,92,NEW GENERATION,1980,21,52000,235000,132786,2788500
1997-04,SENGKANG,4 ROOM,6,SELETAR WEST FARMWAY 6,92,NEW GENERATION,1980,3,155000,220000,180000,540000
1992-04,SENGKANG,4 ROOM,7,SELETAR WEST FARMWAY 6,92,NEW GENERATION,1980,9,76000,238000,178333,1605000
1990-05,SEMBAWANG,3 ROOM,5,SEMBAWANG RD,64,IMPROVED,1975,24,21300,132000,69683,1672400
1993-12,BUKIT MERAH,3 ROOM,17,SENG POH RD,88,STANDARD,1973,1,149000,149000,149000,149000
1994-10,BUKIT MERAH,3 ROOM,46,SENG POH RD,75,STANDARD,1973,2,170000,195000,182500,365000
1994-02,SERANGOON,4 ROOM,401,SERANGOON AVE 1,103,MODEL A,1989,32,182000,460000,313344,10027000
1995-03,SERANGOON,5 ROOM,402,SERANGOON AVE 1,132,IMPROVED,1989,28,212000,570000,360188,10085260
1993-05,SERANGOON,4 ROOM,403,SERANGOON AVE 1,106,MODEL A,1988,35,157000,496000,328911,11511888
1993-10,SERANGOON,5 ROOM,404,SERANGOON AVE 1,123,IMPROVED,1989,22,182000,482800,333673,7340800
1994-01,SERANGOON,4 ROOM,405,SERANGOON AVE 1,94,NEW GENERATION,1989,28,155000,460000,314167,8796688
1993-10,SERANGOON,EXECUTIVE,406,SERANGOON AVE 1,145,MAISONETTE,1988,10,380000,560000,471900,4719000
1994-01,SERANGOON,5 ROOM,407,SERANGOON AVE 1,122,IMPROVED,1989,32,225000,510000,311734,9975480
1993-12,SERANGOON,5 ROOM,408,SERANGOON AVE 1,121,IMPROVED,1989,27,265000,510000,350000,9450000
1993-12,SERANGOON,4 ROOM,425,SERANGOON AVE 1,113,MODEL A,1989,27,180000,472000,316567,8547300
1994-02,SERANGOON,5 ROOM,426,SERANGOON AVE 1,121,IMPROVED,1988,33,251000,525000,332139,10960600
1990-04,SERANGOON,4 ROOM,238,SERANGOON AVE 2,84,SIMPLIFIED,1985,45,80000,360000,208256,9371500
1990-04,SERANGOON,4 ROOM,239,SERANGOON AVE 2,84,SIMPLIFIED,1985,50,78000,358000,227932,11396600
1992-05,SERANGOON,4 ROOM,240,SERANGOON AVE 2,104,MODEL A,1985,39,117000,396000,267944,10449800
1990-08,SERANGOON,4 ROOM,243,SERANGOON AVE 2,89,SIMPLIFIED,1985,43,50000,310000,175372,7541000
1991-11,SERANGOON,3 ROOM,244,SERANGOON AVE 2,64,SIMPLIFIED,1985,7,50000,281000,162143,1135000
1990-09,SERANGOON,4 ROOM,245,SERANGOON AVE 2,89,SIMPLIFIED,1985,62,40000,310000,171458,10630400
1990-03,SERANGOON,4 ROOM,301,SERANGOON AVE 2,96,NEW GENERATION,1985,13,85000,272000,163208,2121700
1990-03,SERANGOON,3 ROOM,302,SERANGOON AVE 2,69,IMPROVED,1985,77,34000,205000,113426,8733800
1990-02,SERANGOON,3 ROOM,303,SERANGOON AVE 2,69,IMPROVED,1984,63,40000,239000,129649,8167900
1990-02,SERANGOON,4 ROOM,304,SERANGOON AVE 2,96,NEW GENERATION,1985,14,59000,288000,176553,2471740
1990-01,SERANGOON,3 ROOM,305,SERANGOON AVE 2,60,IMPROVED,1985,57,35000,210000,121969,6952250
1990-04,SERANGOON,3 ROOM,306,SERANGOON AVE 2,60,IMPROVED,1985,66,36000,208000,123455,8148000
1990-04,SERANGOON,4 ROOM,307,SERANGOON AVE 2,93,NEW GENERATION,1985,95,80000,330000,215605,20482428
1990-05,SERANGOON,4 ROOM,308,SERANGOON AVE 2,91,NEW GENERATION,1985,46,80000,340000,217369,9998980
1990-02,SERANGOON,4 ROOM,309,SERANGOON AVE 2,95,NEW GENERATION,1985,50,78000,320000,218980,10949000
1990-03,SERANGOON,5 ROOM,310,SERANGOON AVE 2,125,IMPROVED,1985,41,115000,475000,289817,11882499
1990-11,SERANGOON,3 ROOM,311,SERANGOON AVE 2,67,NEW GENERATION,1985,14,57000,228000,155700,2179800
1990-02,SERANGOON,5 ROOM,312,SERANGOON AVE 2,121,IMPROVED,1985,48,90000,485000,296708,14242000
1990-12,SERANGOON,4 ROOM,313,SERANGOON AVE 2,93,NEW GENERATION,1985,7,108000,330000,191000,1337000
1991-12,SERANGOON,4 ROOM,314,SERANGOON AVE 2,93,NEW GENERATION,1985,5,69800,306000,210560,1052800
1990-01,SERANGOON,4 ROOM,315,SERANGOON AVE 2,91,NEW GENERATION,1985,50,85000,350000,222694,11134688
1990-01,SERANGOON,EXECUTIVE,316,SERANGOON AVE 2,156,MAISONETTE,1984,4,170000,425000,259250,1037000
1990-04,SERANGOON,EXECUTIVE,317,SERANGOON AVE 2,145,APARTMENT,1985,64,172000,655000,413446,26460525
1990-02,SERANGOON,EXECUTIVE,318,SERANGOON AVE 2,156,MAISONETTE,1985,40,203000,630000,402375,16095000
1990-12,SERANGOON,EXECUTIVE,319,SERANGOON AVE 2,146,MAISONETTE,1985,35,204000,650000,398525,13948388
1990-11,SERANGOON,EXECUTIVE,321,SERANGOON AVE 2,146,MAISONETTE,1986,50,203800,640000,431836,21591800
1990-04,SERANGOON,4 ROOM,231,SERANGOON AVE 3,84,SIMPLIFIED,1985,52,78000,340000,227431,11826400
1990-03,SERANGOON,4 ROOM,232,SERANGOON AVE 3,105,MODEL A,1985,43,74000,345000,234270,10073600
1990-03,SERANGOON,4 ROOM,233,SERANGOON AVE 3,104,MODEL A,1985,57,69000,350000,203704,11611100
1990-09,SERANGOON,4 ROOM,234,SERANGOON AVE 3,105,MODEL A,1985,52,82000,368000,226975,11802688
1990-05,SERANGOON,4 ROOM,235,SERANGOON AVE 3,105,MODEL A,1985,38,86300,388000,226678,8613748
1990-05,SERANGOON,4 ROOM,236,SERANGOON AVE 3,84,SIMPLIFIED,1985,53,85000,368000,221145,11720688
1990-07,SERANGOON,3 ROOM,237,SERANGOON AVE 3,64,SIMPLIFIED,1985,53,43000,328000,162174,8595200
1990-12,SERANGOON,4 ROOM,241,SERANGOON AVE 3,89,SIMPLIFIED,1985,38,41000,300000,163389,6208800
1991-03,SERANGOON,4 ROOM,242,SERANGOON AVE 3,84,SIMPLIFIED,1986,51,61000,475000,254300,12969300
1990-09,SERANGOON,5 ROOM,246,SERANGOON AVE 3,121,IMPROVED,1986,27,82000,470000,222500,6007500
1990-11,SERANGOON,EXECUTIVE,322,SERANGOON AVE 3,146,MAISONETTE,1986,52,190000,615000,419359,21806688
1990-11,SERANGOON,3 ROOM,323,SERANGOON AVE 3,64,SIMPLIFIED,1985,56,52000,328000,181652,10172500
1991-01,SERANGOON,4 ROOM,324,SERANGOON AVE 3,104,MODEL A,1986,33,70000,370000,224697,7415000
1990-12,SERANGOON,4 ROOM,325,SERANGOON AVE 3,84,SIMPLIFIED,1986,58,61500,380000,212448,12322000
1996-01,SERANGOON,4 ROOM,326,SERANGOON AVE 3,84,SIMPLIFIED,1985,7,129000,285000,204714,1433000
1991-05,SERANGOON,4 ROOM,327,SERANGOON AVE 3,84,SIMPLIFIED,1986,47,65000,370000,219583,10320400
1991-03,SERANGOON,4 ROOM,328,SERANGOON AVE 3,84,SIMPLIFIED,1986,53,65000,380000,221424,11735488
1990-11,SERANGOON,5 ROOM,329,SERANGOON AVE 3,122,IMPROVED,1986,72,82000,520000,287134,20673666
1991-01,SERANGOON,4 ROOM,330,SERANGOON AVE 3,103,MODEL A,1986,48,82000,370000,231596,11116600
1991-12,SERANGOON,4 ROOM,331,SERANGOON AVE 3,84,SIMPLIFIED,1986,37,82000,480000,253143,9366300
1991-01,SERANGOON,4 ROOM,332,SERANGOON AVE 3,88,SIMPLIFIED,1986,63,70000,405000,238998,15056888
1991-03,SERANGOON,5 ROOM,333,SERANGOON AVE 3,121,IMPROVED,1986,45,82000,495000,268573,12085800
1991-04,SERANGOON,5 ROOM,334,SERANGOON AVE 3,122,IMPROVED,1987,39,64000,460000,268031,10453199
1991-04,SERANGOON,4 ROOM,335,SERANGOON AVE 3,103,MODEL A,1986,49,70000,338000,217469,10656000
1990-03,SERANGOON,4 ROOM,211,SERANGOON AVE 4,94,NEW GENERATION,1985,86,59800,370000,213471,18358476
1990-01,SERANGOON,5 ROOM,212,SERANGOON AVE 4,123,IMPROVED,1985,45,89740,486000,286383,12887240
1990-01,SERANGOON,5 ROOM,213,SERANGOON AVE 4,121,IMPROVED,1985,46,120000,500000,326517,15019800
1992-01,SERANGOON,4 ROOM,214,SERANGOON AVE 4,93,NEW GENERATION,1985,11,60000,210000,131273,1444000
1990-03,SERANGOON,3 ROOM,215,SERANGOON AVE 4,67,NEW GENERATION,1985,78,43000,318000,156246,12187188
1990-03,SERANGOON,4 ROOM,216,SERANGOON AVE 4,98,NEW GENERATION,1985,41,89700,455000,292624,11997580
1990-02,SERANGOON,3 ROOM,217,SERANGOON AVE 4,67,NEW GENERATION,1984,51,55000,335000,162985,8312240
1990-01,SERANGOON,4 ROOM,218,SERANGOON AVE 4,91,NEW GENERATION,1985,69,45000,322000,177151,12223400
1990-02,SERANGOON,3 ROOM,219,SERANGOON AVE 4,67,NEW GENERATION,1984,66,50000,315000,166277,10974300
1990-06,SERANGOON,4 ROOM,220,SERANGOON AVE 4,93,NEW GENERATION,1984,44,44000,315000,159593,7022100
1990-01,SERANGOON,3 ROOM,221,SERANGOON AVE 4,75,NEW GENERATION,1984,86,44000,335000,141167,12140400
1990-07,SERANGOON,3 ROOM,222,SERANGOON AVE 4,67,NEW GENERATION,1985,68,43000,290000,149385,10158200
1990-02,SERANGOON,3 ROOM,223,SERANGOON AVE 4,67,NEW GENERATION,1984,107,51000,320000,155583,16647340
1990-02,SERANGOON,4 ROOM,224,SERANGOON AVE 4,91,NEW GENERATION,1984,43,77000,325000,222791,9580000
1990-02,SERANGOON,3 ROOM,225,SERANGOON AVE 4,67,NEW GENERATION,1985,78,47000,320000,158700,12378600
1990-02,SERANGOON,4 ROOM,226,SERANGOON AVE 4,91,NEW GENERATION,1984,56,70000,316000,210914,11811200
1990-01,SERANGOON,3 ROOM,227,SERANGOON AVE 4,67,NEW GENERATION,1984,72,47500,325000,170566,12280780
1990-11,SERANGOON,4 ROOM,228,SERANGOON AVE 4,91,NEW GENERATION,1984,66,91000,356800,222431,14680440
1990-04,SERANGOON,4 ROOM,229,SERANGOON AVE 4,96,NEW GENERATION,1984,51,66000,358228,215889,11010328
1990-02,SERANGOON,4 ROOM,230,SERANGOON AVE 4,94,NEW GENERATION,1985,84,43000,355000,160202,13457000
1990-10,SERANGOON,3 ROOM,201,SERANGOON CTRL,64,SIMPLIFIED,1985,61,40000,319000,154879,9447600
1992-02,SERANGOON,5 ROOM,202,SERANGOON CTRL,122,IMPROVED,1985,50,90000,530000,289450,14472500
1990-09,SERANGOON,3 ROOM,203,SERANGOON CTRL,64,SIMPLIFIED,1986,69,40000,322000,164862,11375500
1990-12,SERANGOON,4 ROOM,204,SERANGOON CTRL,89,SIMPLIFIED,1985,61,45000,325000,161943,9878500
1990-09,SERANGOON,4 ROOM,205,SERANGOON CTRL,84,SIMPLIFIED,1986,59,61000,482000,269915,15925000
1990-10,SERANGOON,4 ROOM,206,SERANGOON CTRL,89,SIMPLIFIED,1985,79,47000,320000,158226,12499888
1990-12,SERANGOON,4 ROOM,207,SERANGOON CTRL,88,SIMPLIFIED,1986,69,50000,285000,164135,11325300
1990-08,SERANGOON,4 ROOM,208,SERANGOON CTRL,83,SIMPLIFIED,1985,55,58600,495000,272955,15012500
1990-09,SERANGOON,4 ROOM,209,SERANGOON CTRL,83,SIMPLIFIED,1985,47,48000,300000,165068,7758200
1990-01,SERANGOON,3 ROOM,210,SERANGOON CTRL,64,SIMPLIFIED,1985,63,44000,315000,165767,10443350
1994-09,SERANGOON,4 ROOM,409,SERANGOON CTRL,111,MODEL A,1989,27,190000,468000,308278,8323500
1993-11,SERANGOON,5 ROOM,410,SERANGOON CTRL,121,IMPROVED,1989,21,135000,500000,336071,7057500
1993-11,SERANGOON,5 ROOM,411,SERANGOON CTRL,121,IMPROVED,1989,32,175000,490000,316775,10136800
1993-12,SERANGOON,4 ROOM,412,SERANGOON CTRL,113,MODEL A,1989,26,181000,500000,318192,8273000
1993-11,SERANGOON,5 ROOM,413,SERANGOON CTRL,121,IMPROVED,1989,29,170000,498000,332752,9649800
1993-11,SERANGOON,4 ROOM,414,SERANGOON CTRL,113,MODEL A,1989,17,180000,480000,330882,5625000
1994-03,SERANGOON,4 ROOM,415,SERANGOON CTRL,105,MODEL A,1989,17,142000,443000,292353,4970000
1994-04,SERANGOON,4 ROOM,416,SERANGOON CTRL,105,MODEL A,1989,19,168000,485000,327263,6218000
1994-03,SERANGOON,EXECUTIVE,417,SERANGOON CTRL,146,MAISONETTE,1989,27,343000,647300,487022,13149600
1994-03,SERANGOON,EXECUTIVE,418,SERANGOON CTRL,146,MAISONETTE,1989,20,330000,679000,507750,10155000
1994-02,SERANGOON,5 ROOM,419,SERANGOON CTRL,123,IMPROVED,1989,36,175000,530000,328250,11817000
1992-03,SERANGOON,4 ROOM,420,SERANGOON CTRL,93,NEW GENERATION,1989,25,82000,445000,289160,7229000
1993-11,SERANGOON,4 ROOM,421,SERANGOON CTRL,103,MODEL A,1989,40,178000,490000,313108,12524300
1994-01,SERANGOON,4 ROOM,422,SERANGOON CTRL,113,MODEL A,1989,22,150000,520000,332273,7309999
1994-01,SERANGOON,EXECUTIVE,423,SERANGOON CTRL,146,MAISONETTE,1989,26,308000,610000,464500,12077000
1994-02,SERANGOON,EXECUTIVE,424,SERANGOON CTRL,146,MAISONETTE,1989,29,337000,675000,500900,14526100
1993-11,SERANGOON,4 ROOM,427,SERANGOON CTRL,111,MODEL A,1989,25,220000,480000,321872,8046800
1993-03,SERANGOON,3 ROOM,253,SERANGOON CTRL DR,64,SIMPLIFIED,1988,11,54000,228000,149682,1646500
1993-03,SERANGOON,3 ROOM,254,SERANGOON CTRL DR,64,SIMPLIFIED,1988,22,52000,204000,147409,3243000
1993-07,SERANGOON,3 ROOM,261,SERANGOON CTRL DR,64,SIMPLIFIED,1988,16,83000,205000,138656,2218500
1993-11,SERANGOON,3 ROOM,262,SERANGOON CTRL DR,64,SIMPLIFIED,1988,11,78000,210000,151182,1663000
1993-04,SERANGOON,3 ROOM,263,SERANGOON CTRL DR,64,SIMPLIFIED,1988,27,42000,215000,147715,3988300
1990-05,SERANGOON,4 ROOM,101,SERANGOON NTH AVE 1,91,NEW GENERATION,1985,53,66000,343000,229209,12148100
1990-01,SERANGOON,3 ROOM,102,SERANGOON NTH AVE 1,71,NEW GENERATION,1984,17,47000,275000,140582,2389900
1991-06,SERANGOON,4 ROOM,103,SERANGOON NTH AVE 1,93,NEW GENERATION,1985,72,80000,340000,225997,16271800
1990-04,SERANGOON,3 ROOM,104,SERANGOON NTH AVE 1,71,NEW GENERATION,1984,9,58000,315000,129200,1162800
1990-01,SERANGOON,3 ROOM,105,SERANGOON NTH AVE 1,60,IMPROVED,1985,77,32000,200000,117370,9037480
1990-02,SERANGOON,3 ROOM,106,SERANGOON NTH AVE 1,70,IMPROVED,1984,59,40000,210000,125769,7420350
1990-07,SERANGOON,3 ROOM,107,SERANGOON NTH AVE 1,70,IMPROVED,1984,71,34500,195000,111739,7933488
1990-01,SERANGOON,3 ROOM,108,SERANGOON NTH AVE 1,60,IMPROVED,1985,69,38000,208000,118201,8155900
1990-01,SERANGOON,4 ROOM,109,SERANGOON NTH AVE 1,111,NEW GENERATION,1985,86,66000,360000,221248,19027300
1990-05,SERANGOON,3 ROOM,110,SERANGOON NTH AVE 1,67,NEW GENERATION,1984,13,53000,273000,157308,2045000
1990-02,SERANGOON,4 ROOM,111,SERANGOON NTH AVE 1,91,NEW GENERATION,1985,73,70000,319000,199718,14579388
1990-06,SERANGOON,3 ROOM,112,SERANGOON NTH AVE 1,72,NEW GENERATION,1984,15,60000,273000,165533,2483000
1990-02,SERANGOON,4 ROOM,113,SERANGOON NTH AVE 1,93,NEW GENERATION,1985,27,47000,312000,173172,4675640
1990-01,SERANGOON,5 ROOM,114,SERANGOON NTH AVE 1,121,IMPROVED,1986,74,90000,480000,282234,20885300
1990-01,SERANGOON,3 ROOM,115,SERANGOON NTH AVE 1,67,NEW GENERATION,1985,40,46000,316000,155074,6202940
1990-01,SERANGOON,5 ROOM,116,SERANGOON NTH AVE 1,121,IMPROVED,1986,87,89700,485000,290559,25278608
1990-01,SERANGOON,5 ROOM,117,SERANGOON NTH AVE 1,121,IMPROVED,1985,68,90000,480000,283922,19306701
1990-04,SERANGOON,4 ROOM,118,SERANGOON NTH AVE 1,93,NEW GENERATION,1986,56,90000,333000,203144,11376088
1990-01,SERANGOON,EXECUTIVE,119,SERANGOON NTH AVE 1,148,MAISONETTE,1984,17,205000,618000,361235,6141000
1990-01,SERANGOON,4 ROOM,120,SERANGOON NTH AVE 1,93,NEW GENERATION,1985,46,85000,332000,212580,9778688
1990-03,SERANGOON,5 ROOM,121,SERANGOON NTH AVE 1,121,IMPROVED,1985,49,80000,485000,309935,15186801
1990-04,SERANGOON,4 ROOM,122,SERANGOON NTH AVE 1,96,NEW GENERATION,1985,24,55000,323000,151792,3643000
1990-03,SERANGOON,EXECUTIVE,123,SERANGOON NTH AVE 1,150,MAISONETTE,1985,81,192000,620000,359788,29142799
1990-06,SERANGOON,3 ROOM,124,SERANGOON NTH AVE 1,71,NEW GENERATION,1985,37,48500,255000,134022,4958800
1990-02,SERANGOON,EXECUTIVE,125,SERANGOON NTH AVE 1,150,MAISONETTE,1986,83,145600,648000,376054,31212510
1990-01,SERANGOON,4 ROOM,126,SERANGOON NTH AVE 1,92,NEW GENERATION,1985,40,85000,320000,192618,7704700
1992-02,SERANGOON,4 ROOM,127,SERANGOON NTH AVE 1,91,NEW GENERATION,1985,36,100000,315000,231608,8337900
1992-04,SERANGOON,EXECUTIVE,142,SERANGOON NTH AVE 1,151,MAISONETTE,1986,41,160000,648000,419439,17197000
1991-05,SERANGOON,4 ROOM,143,SERANGOON NTH AVE 1,83,SIMPLIFIED,1987,60,75000,455000,238382,14302900
1991-08,SERANGOON,4 ROOM,144,SERANGOON NTH AVE 1,83,SIMPLIFIED,1987,40,97000,310000,218725,8749000
1991-07,SERANGOON,4 ROOM,145,SERANGOON NTH AVE 1,83,SIMPLIFIED,1986,20,75000,418000,252125,5042500
1991-11,SERANGOON,4 ROOM,146,SERANGOON NTH AVE 1,103,MODEL A,1987,51,82000,355000,215569,10994000
1993-01,SERANGOON,3 ROOM,147,SERANGOON NTH AVE 1,64,SIMPLIFIED,1988,69,45000,285000,169478,11694000
1991-10,SERANGOON,EXECUTIVE,148,SERANGOON NTH AVE 1,144,APARTMENT,1987,35,214000,612000,416257,14569008
1991-12,SERANGOON,3 ROOM,152,SERANGOON NTH AVE 1,63,SIMPLIFIED,1986,27,40000,285000,150630,4067000
1991-06,SERANGOON,3 ROOM,153,SERANGOON NTH AVE 1,64,SIMPLIFIED,1986,58,45000,275000,135552,7862000
1991-07,SERANGOON,3 ROOM,154,SERANGOON NTH AVE 1,63,SIMPLIFIED,1986,55,39000,267000,150465,8275600
1994-05,SERANGOON,5 ROOM,135,SERANGOON NTH AVE 2,121,IMPROVED,1989,24,240000,476000,363658,8727800
1994-01,SERANGOON,4 ROOM,136,SERANGOON NTH AVE 2,103,MODEL A,1989,22,172000,375000,284590,6260988
1994-03,SERANGOON,5 ROOM,137,SERANGOON NTH AVE 2,126,IMPROVED,1989,17,250000,450000,352882,5999000
1994-01,SERANGOON,EXECUTIVE,138,SERANGOON NTH AVE 2,146,MAISONETTE,1989,20,300000,590000,435650,8713000
1992-10,SERANGOON,4 ROOM,139,SERANGOON NTH AVE 2,105,MODEL A,1989,34,120000,490000,327529,11136000
1994-04,SERANGOON,5 ROOM,140,SERANGOON NTH AVE 2,122,IMPROVED,1989,42,200000,470000,318114,13360800
1994-01,SERANGOON,5 ROOM,141,SERANGOON NTH AVE 2,122,IMPROVED,1989,35,170000,438000,299009,10465300
1991-05,SERANGOON,3 ROOM,151,SERANGOON NTH AVE 2,64,SIMPLIFIED,1986,41,38000,288000,137512,5638000
1994-11,SERANGOON,5 ROOM,500,SERANGOON NTH AVE 4,124,IMPROVED,1992,36,345000,457500,401903,14468500
1994-01,SERANGOON,5 ROOM,501,SERANGOON NTH AVE 4,125,IMPROVED,1992,31,325000,460000,402161,12467000
1997-09,SERANGOON,5 ROOM,502,SERANGOON NTH AVE 4,125,IMPROVED,1992,28,353000,472000,413511,11578300
1997-11,SERANGOON,5 ROOM,503,SERANGOON NTH AVE 4,125,IMPROVED,1992,3,317000,395000,366667,1100000
1997-08,SERANGOON,5 ROOM,504,SERANGOON NTH AVE 4,124,IMPROVED,1992,24,350000,490000,411329,9871900
1995-02,SERANGOON,5 ROOM,505,SERANGOON NTH AVE 4,125,IMPROVED,1992,25,375500,470000,413820,10345500
1995-05,SERANGOON,EXECUTIVE,506,SERANGOON NTH AVE 4,149,APARTMENT,1992,34,425000,620000,533279,18131500
1996-01,SERANGOON,EXECUTIVE,506A,SERANGOON NTH AVE 4,146,APARTMENT,1992,30,498000,642000,555967,16679001
1994-07,SERANGOON,EXECUTIVE,506B,SERANGOON NTH AVE 4,146,APARTMENT,1992,33,330000,605000,510697,16853000
1996-07,SERANGOON,4 ROOM,514,SERANGOON NTH AVE 4,103,MODEL A,1992,20,268000,482500,359375,7187500
1996-06,SERANGOON,4 ROOM,515,SERANGOON NTH AVE 4,106,MODEL A,1992,9,254000,410000,321111,2890000
1995-03,SERANGOON,EXECUTIVE,516,SERANGOON NTH AVE 4,146,APARTMENT,1992,28,410000,685000,565036,15821000
1996-01,SERANGOON,4 ROOM,517,SERANGOON NTH AVE 4,104,MODEL A,1992,36,250000,462000,356328,12827800
1995-11,SERANGOON,5 ROOM,518,SERANGOON NTH AVE 4,122,IMPROVED,1992,44,253000,520000,357909,15748000
1993-02,SERANGOON,EXECUTIVE,519,SERANGOON NTH AVE 4,147,MAISONETTE,1992,41,250000,680000,545795,22377600
1995-09,SERANGOON,EXECUTIVE,520,SERANGOON NTH AVE 4,147,MAISONETTE,1992,38,410000,650000,519779,19751600
1996-04,SERANGOON,4 ROOM,521,SERANGOON NTH AVE 4,106,MODEL A,1992,25,256000,510000,366940,9173500
1994-08,SERANGOON,5 ROOM,522,SERANGOON NTH AVE 4,122,IMPROVED,1992,30,245000,480000,374467,11234000
1994-01,SERANGOON,4 ROOM,523,SERANGOON NTH AVE 4,104,MODEL A,1992,33,105000,492000,362485,11962000
1995-11,SERANGOON,5 ROOM,524,SERANGOON NTH AVE 4,122,IMPROVED,1992,41,254000,450000,340263,13950800
1996-07,SERANGOON,EXECUTIVE,525,SERANGOON NTH AVE 4,147,MAISONETTE,1992,26,412000,685000,539692,14032003
1995-09,SERANGOON,EXECUTIVE,526,SERANGOON NTH AVE 4,147,MAISONETTE,1992,37,420000,680000,544414,20143300
1994-09,SERANGOON,EXECUTIVE,527,SERANGOON NTH AVE 4,146,APARTMENT,1992,26,425000,680000,532192,13837000
1996-08,SERANGOON,4 ROOM,528,SERANGOON NTH AVE 4,110,MODEL A,1992,15,257000,417000,315400,4731000
1996-04,SERANGOON,4 ROOM,529,SERANGOON NTH AVE 4,103,MODEL A,1992,23,258000,470000,350435,8060000
1996-02,SERANGOON,4 ROOM,530,SERANGOON NTH AVE 4,103,MODEL A,1992,21,261000,460000,363071,7624500
1995-12,SERANGOON,4 ROOM,531,SERANGOON NTH AVE 4,110,MODEL A,1992,25,258000,528000,337280,8432000
1995-12,SERANGOON,5 ROOM,532,SERANGOON NTH AVE 4,122,IMPROVED,1992,30,262000,442000,334283,10028500
1995-11,SERANGOON,5 ROOM,533,SERANGOON NTH AVE 4,122,IMPROVED,1992,36,250000,475000,359500,12942000
1995-12,SERANGOON,5 ROOM,534,SERANGOON NTH AVE 4,122,IMPROVED,1992,40,255000,510000,380368,15214700
1995-12,SERANGOON,EXECUTIVE,535,SERANGOON NTH AVE 4,147,MAISONETTE,1992,32,430000,655000,549996,17599888
1997-07,SERANGOON,4 ROOM,535A,SERANGOON NTH AVE 4,104,MODEL A,1992,29,260000,470000,339103,9834000
1995-12,SERANGOON,4 ROOM,536,SERANGOON NTH AVE 4,103,MODEL A,1992,30,254000,485000,334427,10032800
1996-11,SERANGOON,EXECUTIVE,537,SERANGOON NTH AVE 4,152,MAISONETTE,1992,37,428800,648000,529019,19573688
1994-04,SERANGOON,4 ROOM,538,SERANGOON NTH AVE 4,103,MODEL A,1992,31,170000,500000,348845,10814188
1996-07,SERANGOON,EXECUTIVE,539,SERANGOON NTH AVE 4,149,APARTMENT,1992,45,410000,675000,541982,24389200
1994-12,SERANGOON,5 ROOM,540,SERANGOON NTH AVE 4,122,IMPROVED,1992,49,220000,468000,341639,16740300
1995-11,SERANGOON,5 ROOM,541,SERANGOON NTH AVE 4,122,IMPROVED,1992,51,247000,462500,340775,17379500
1996-12,SERANGOON,EXECUTIVE,542,SERANGOON NTH AVE 4,149,APARTMENT,1992,54,400000,620000,529063,28569388
1990-03,CENTRAL AREA,2 ROOM,11,SHORT ST,38,STANDARD,1974,47,18700,121000,57660,2710000
1990-01,CENTRAL AREA,2 ROOM,12,SHORT ST,38,STANDARD,1974,42,18700,120000,60293,2532300
1990-01,CENTRAL AREA,2 ROOM,13,SHORT ST,38,STANDARD,1974,129,18500,110000,53237,6867588
1990-03,BISHAN,EXECUTIVE,301,SHUNFU RD,150,MAISONETTE,1985,56,204000,675000,433242,24261550
1990-08,BISHAN,3 ROOM,302,SHUNFU RD,71,NEW GENERATION,1984,11,59500,330000,190364,2094000
1990-03,BISHAN,5 ROOM,303,SHUNFU RD,125,IMPROVED,1985,55,110000,533000,319760,17586800
1990-01,BISHAN,3 ROOM,304,SHUNFU RD,67,NEW GENERATION,1985,73,59000,320000,163692,11949480
1990-02,BISHAN,3 ROOM,305,SHUNFU RD,67,NEW GENERATION,1985,63,43000,370000,160867,10134600
1990-06,BISHAN,3 ROOM,306,SHUNFU RD,67,NEW GENERATION,1985,21,45000,315000,181286,3807000
1990-02,BISHAN,3 ROOM,307,SHUNFU RD,67,NEW GENERATION,1985,56,44000,345000,184589,10337000
1990-01,BISHAN,3 ROOM,308,SHUNFU RD,67,NEW GENERATION,1984,76,48000,364000,141618,10763000
1990-01,BISHAN,3 ROOM,309,SHUNFU RD,67,NEW GENERATION,1984,82,45000,335000,165377,13560900
1990-01,BISHAN,5 ROOM,310,SHUNFU RD,121,IMPROVED,1984,50,88000,488000,318526,15926300
1990-10,BISHAN,3 ROOM,311,SHUNFU RD,71,NEW GENERATION,1984,9,49000,255000,150167,1351500
1990-02,BISHAN,5 ROOM,312,SHUNFU RD,121,IMPROVED,1985,42,113000,500000,311971,13102800
1990-04,BISHAN,3 ROOM,313,SHUNFU RD,67,NEW GENERATION,1985,77,45000,365000,190949,14703100
1995-09,BUKIT MERAH,3 ROOM,147,SILAT AVE,67,NEW GENERATION,1982,1,128000,128000,128000,128000
1990-03,BUKIT MERAH,3 ROOM,148,SILAT AVE,67,NEW GENERATION,1982,34,58700,377000,183462,6237700
1990-08,BUKIT MERAH,4 ROOM,149,SILAT AVE,93,NEW GENERATION,1982,43,45000,363000,183519,7891300
1994-02,BUKIT MERAH,3 ROOM,150,SILAT AVE,67,NEW GENERATION,1982,3,90000,260000,165667,497000
1992-01,TAMPINES,4 ROOM,155,SIMEI RD,104,MODEL A,1989,57,90000,457500,309546,17644100
1993-11,TAMPINES,5 ROOM,156,SIMEI RD,128,IMPROVED,1989,35,196000,480000,321829,11264000
1994-01,TAMPINES,5 ROOM,157,SIMEI RD,129,IMPROVED,1989,41,184000,470000,308061,12630500
1994-04,TAMPINES,4 ROOM,158,SIMEI RD,95,NEW GENERATION,1989,23,167000,505000,320087,7362000
1994-01,TAMPINES,5 ROOM,159,SIMEI RD,122,IMPROVED,1989,20,160000,481500,298725,5974500
1993-11,TAMPINES,5 ROOM,160,SIMEI RD,122,IMPROVED,1989,51,181000,480000,311551,15889100
1993-12,TAMPINES,5 ROOM,161,SIMEI RD,122,IMPROVED,1989,21,145000,460000,297190,6241000
1993-12,TAMPINES,4 ROOM,162,SIMEI RD,104,MODEL A,1989,43,180000,480000,317291,13643500
1993-07,TAMPINES,4 ROOM,163,SIMEI RD,104,MODEL A,1989,38,174000,518000,312263,11866000
1994-01,TAMPINES,4 ROOM,164,SIMEI RD,104,MODEL A,1989,41,170000,485000,325183,13332500
1993-07,TAMPINES,5 ROOM,165,SIMEI RD,128,IMPROVED,1989,66,170000,465000,328951,21710776
1993-07,TAMPINES,4 ROOM,101,SIMEI ST 1,104,MODEL A,1988,66,145000,500000,333452,22007800
1993-09,TAMPINES,4 ROOM,102,SIMEI ST 1,104,MODEL A,1988,56,100000,510000,327371,18332800
1993-03,TAMPINES,EXECUTIVE,105,SIMEI ST 1,146,MAISONETTE,1988,21,173000,640000,442095,9284000
1990-12,TAMPINES,5 ROOM,106,SIMEI ST 1,122,IMPROVED,1988,53,120000,460000,292491,15502000
1993-03,TAMPINES,5 ROOM,107,SIMEI ST 1,128,IMPROVED,1988,84,150000,500000,303393,25485000
1992-10,TAMPINES,4 ROOM,108,SIMEI ST 1,104,MODEL A,1988,48,100000,522500,329104,15797000
1993-04,TAMPINES,5 ROOM,109,SIMEI ST 1,128,IMPROVED,1988,72,152000,492188,307660,22151488
1993-04,TAMPINES,5 ROOM,110,SIMEI ST 1,122,IMPROVED,1988,10,110000,490000,273620,2736200
1993-08,TAMPINES,EXECUTIVE,111,SIMEI ST 1,154,MAISONETTE,1987,13,337500,640000,473885,6160500
1992-03,TAMPINES,5 ROOM,112,SIMEI ST 1,122,IMPROVED,1988,90,57000,488000,289688,26071900
1992-06,TAMPINES,5 ROOM,113,SIMEI ST 1,122,IMPROVED,1988,51,65000,470000,282882,14427000
1992-06,TAMPINES,4 ROOM,114,SIMEI ST 1,84,SIMPLIFIED,1988,85,64000,515000,290907,24727088
1991-03,TAMPINES,5 ROOM,116,SIMEI ST 1,122,IMPROVED,1988,84,91000,515000,313888,26366600
1992-03,TAMPINES,5 ROOM,117,SIMEI ST 1,123,IMPROVED,1988,74,55000,470500,284223,21032500
1992-07,TAMPINES,5 ROOM,119,SIMEI ST 1,128,IMPROVED,1988,58,70000,513000,316264,18343300
1991-09,TAMPINES,4 ROOM,120,SIMEI ST 1,104,MODEL A,1988,50,91000,500000,318940,15947000
1990-05,TAMPINES,5 ROOM,122,SIMEI ST 1,122,IMPROVED,1988,90,100000,484000,301598,27143800
1993-08,TAMPINES,5 ROOM,123,SIMEI ST 1,128,IMPROVED,1988,106,130000,488000,316114,33508100
1991-09,TAMPINES,5 ROOM,124,SIMEI ST 1,121,IMPROVED,1988,92,80000,482000,295493,27185400
1992-05,TAMPINES,5 ROOM,126,SIMEI ST 1,121,IMPROVED,1988,92,55000,473000,276947,25479100
1992-09,TAMPINES,4 ROOM,127,SIMEI ST 1,84,SIMPLIFIED,1987,63,64000,457000,289238,18222000
1993-09,TAMPINES,EXECUTIVE,128,SIMEI ST 1,150,MAISONETTE,1987,12,267000,645000,483000,5796000
1992-07,TAMPINES,4 ROOM,129,SIMEI ST 1,88,SIMPLIFIED,1987,15,106000,450000,280233,4203500
1992-03,TAMPINES,4 ROOM,130,SIMEI ST 1,84,SIMPLIFIED,1987,76,70000,495800,296258,22515600
1992-03,TAMPINES,4 ROOM,131,SIMEI ST 1,104,MODEL A,1988,30,90000,442000,299917,8997500
1992-05,TAMPINES,4 ROOM,132,SIMEI ST 1,89,SIMPLIFIED,1988,30,96500,318000,190717,5721500
1992-09,TAMPINES,5 ROOM,133,SIMEI ST 1,122,IMPROVED,1988,60,88000,499000,269993,16199600
1991-12,TAMPINES,4 ROOM,134,SIMEI ST 1,88,SIMPLIFIED,1988,86,50000,470000,283023,24340000
1993-04,TAMPINES,4 ROOM,135,SIMEI ST 1,84,SIMPLIFIED,1988,68,70000,500000,295910,20121888
1993-04,TAMPINES,4 ROOM,136,SIMEI ST 1,84,SIMPLIFIED,1988,66,67000,460000,260591,17199000
1992-07,TAMPINES,4 ROOM,137,SIMEI ST 1,84,SIMPLIFIED,1988,67,64000,460000,265164,17766000
1993-06,TAMPINES,5 ROOM,138,SIMEI ST 1,122,IMPROVED,1988,58,118000,505000,299143,17350300
1990-12,TAMPINES,4 ROOM,139,SIMEI ST 1,89,SIMPLIFIED,1987,42,65000,305000,176394,7408530
1992-09,TAMPINES,4 ROOM,148,SIMEI ST 1,88,SIMPLIFIED,1988,67,67000,498000,284201,19041500
1992-10,TAMPINES,4 ROOM,149,SIMEI ST 1,88,SIMPLIFIED,1988,53,58000,498000,286289,15173300
1992-08,TAMPINES,5 ROOM,150,SIMEI ST 1,121,IMPROVED,1987,84,115000,495000,304332,25563876
1991-09,TAMPINES,4 ROOM,151,SIMEI ST 1,84,SIMPLIFIED,1988,57,67000,485000,260867,14869400
1992-09,TAMPINES,5 ROOM,153,SIMEI ST 1,122,IMPROVED,1988,53,139000,480000,289540,15345600
1991-12,TAMPINES,5 ROOM,154,SIMEI ST 1,121,IMPROVED,1988,63,113000,478000,293273,18476188
1993-11,TAMPINES,4 ROOM,141,SIMEI ST 2,104,MODEL A,1989,60,160000,484000,331705,19902300
1992-12,TAMPINES,5 ROOM,142,SIMEI ST 2,122,IMPROVED,1988,48,120000,498000,303740,14579500
1992-12,TAMPINES,EXECUTIVE,144,SIMEI ST 2,146,MAISONETTE,1987,7,230000,660000,504114,3528800
1993-06,TAMPINES,5 ROOM,145,SIMEI ST 2,122,IMPROVED,1988,48,140000,486000,319231,15323099
1993-09,TAMPINES,5 ROOM,146,SIMEI ST 2,122,IMPROVED,1988,63,180000,500000,332889,20971988
1993-01,TAMPINES,EXECUTIVE,147,SIMEI ST 2,146,MAISONETTE,1988,19,175000,595000,409316,7777000
1993-05,TAMPINES,4 ROOM,221,SIMEI ST 4,104,MODEL A,1988,8,109000,422000,276688,2213500
1993-04,TAMPINES,4 ROOM,222,SIMEI ST 4,104,MODEL A,1988,45,75000,518000,304811,13716500
1993-09,TAMPINES,5 ROOM,223,SIMEI ST 4,122,IMPROVED,1988,35,178000,510000,347617,12166600
1992-06,TAMPINES,4 ROOM,224,SIMEI ST 4,104,MODEL A,1989,54,89000,505000,325637,17584400
1993-07,TAMPINES,4 ROOM,225,SIMEI ST 4,104,MODEL A,1988,52,147000,480000,331779,17252500
1993-07,TAMPINES,EXECUTIVE,226,SIMEI ST 4,146,MAISONETTE,1988,44,270000,633000,450159,19807000
1991-04,TAMPINES,4 ROOM,227,SIMEI ST 4,104,MODEL A,1988,43,103000,505000,338728,14565300
1993-03,TAMPINES,4 ROOM,228,SIMEI ST 4,103,MODEL A,1988,42,105000,516000,322162,13530800
1993-04,TAMPINES,EXECUTIVE,229,SIMEI ST 4,146,MAISONETTE,1988,43,260000,653000,462644,19893688
1992-07,TAMPINES,4 ROOM,230,SIMEI ST 4,104,MODEL A,1988,55,100000,518000,320963,17652980
1993-11,TAMPINES,5 ROOM,231,SIMEI ST 4,122,IMPROVED,1989,38,165000,432000,318368,12098000
1993-09,TAMPINES,4 ROOM,232,SIMEI ST 4,104,MODEL A,1989,46,182000,497000,328543,15113000
1994-03,TAMPINES,5 ROOM,233,SIMEI ST 4,122,IMPROVED,1989,59,170000,475000,323110,19063500
1993-05,TAMPINES,5 ROOM,234,SIMEI ST 4,122,IMPROVED,1988,36,128000,490000,311367,11209200
1994-04,TAMPINES,4 ROOM,235,SIMEI ST 4,104,MODEL A,1988,11,180000,468000,295000,3245000
1990-08,GEYLANG,EXECUTIVE,842,SIMS AVE,142,APARTMENT,1985,40,188000,615000,401850,16074000
1990-09,GEYLANG,4 ROOM,844,SIMS AVE,83,SIMPLIFIED,1985,15,82000,300000,221800,3327000
1990-02,GEYLANG,EXECUTIVE,846,SIMS AVE,150,APARTMENT,1985,44,190000,690000,434591,19122000
1992-08,GEYLANG,4 ROOM,848,SIMS AVE,93,SIMPLIFIED,1985,5,140000,263000,221200,1106000
1992-02,GEYLANG,4 ROOM,40,SIMS DR,104,MODEL A,1990,51,135000,500000,339418,17310300
1990-01,GEYLANG,3 ROOM,41,SIMS DR,66,IMPROVED,1981,100,34000,198000,100862,10086200
1995-02,GEYLANG,4 ROOM,42,SIMS DR,104,MODEL A,1990,23,235000,402000,309196,7111500
1995-05,GEYLANG,4 ROOM,42A,SIMS DR,109,MODEL A,1989,10,239000,450000,315200,3152000
1994-05,GEYLANG,5 ROOM,43,SIMS DR,130,IMPROVED,1990,19,256000,418000,334684,6359000
1994-04,GEYLANG,4 ROOM,43A,SIMS DR,110,MODEL A,1989,16,175000,488000,326062,5217000
1990-02,GEYLANG,4 ROOM,44,SIMS DR,88,IMPROVED,1975,80,54000,300000,198656,15892480
1990-01,GEYLANG,3 ROOM,45,SIMS DR,65,IMPROVED,1977,62,39000,210000,109219,6771580
1990-04,GEYLANG,5 ROOM,50,SIMS DR,119,STANDARD,1977,36,125000,500000,315481,11357300
1990-04,GEYLANG,5 ROOM,51,SIMS DR,117,STANDARD,1977,55,110000,490000,318198,17500900
1990-02,GEYLANG,3 ROOM,54,SIMS DR,59,IMPROVED,1977,66,32500,216000,105432,6958500
1990-01,GEYLANG,3 ROOM,59,SIMS DR,59,IMPROVED,1977,88,40000,215000,114202,10049750
1990-02,GEYLANG,3 ROOM,62,SIMS DR,67,NEW GENERATION,1979,103,44000,280000,136094,14017700
1990-06,GEYLANG,3 ROOM,52,SIMS PL,76,IMPROVED,1977,57,38000,213000,120209,6851900
1990-05,GEYLANG,3 ROOM,53,SIMS PL,65,IMPROVED,1981,61,33000,207000,104536,6376700
1991-05,BISHAN,EXECUTIVE,401,SIN MING AVE,149,MAISONETTE,1985,17,146600,645000,420212,7143600
1990-11,BISHAN,5 ROOM,402,SIN MING AVE,120,IMPROVED,1986,48,120000,580000,387553,18602540
1991-02,BISHAN,4 ROOM,403,SIN MING AVE,89,SIMPLIFIED,1986,81,40000,333000,159820,12945380
1990-07,BISHAN,EXECUTIVE,404,SIN MING AVE,149,MAISONETTE,1986,19,205000,607000,390474,7419000
1990-07,BISHAN,5 ROOM,405,SIN MING AVE,120,IMPROVED,1986,63,138000,545000,353354,22261300
1990-11,BISHAN,4 ROOM,406,SIN MING AVE,91,SIMPLIFIED,1987,105,40000,320000,170041,17854300
1990-12,BISHAN,3 ROOM,407,SIN MING AVE,64,SIMPLIFIED,1986,73,51000,327000,160736,11733738
1990-11,BISHAN,5 ROOM,408,SIN MING AVE,124,IMPROVED,1986,62,125000,578000,377982,23434900
1994-07,BISHAN,5 ROOM,441,SIN MING AVE,122,IMPROVED,1990,48,203000,708000,398502,19128100
1994-10,BISHAN,5 ROOM,442,SIN MING AVE,125,IMPROVED,1990,37,335000,754000,445503,16483600
1993-11,BISHAN,4 ROOM,443,SIN MING AVE,105,MODEL A,1990,44,200000,690000,389359,17131800
1993-06,BISHAN,5 ROOM,444,SIN MING AVE,125,IMPROVED,1990,42,250000,650000,437081,18357388
1994-04,BISHAN,4 ROOM,445,SIN MING AVE,103,MODEL A,1990,43,188000,555000,362674,15595000
1993-10,BISHAN,4 ROOM,449,SIN MING AVE,105,MODEL A,1990,33,228000,510000,332039,10957300
1994-09,BISHAN,5 ROOM,450,SIN MING AVE,120,IMPROVED,1989,46,300000,750000,446946,20559500
1994-07,BISHAN,4 ROOM,451,SIN MING AVE,110,MODEL A,1990,27,228000,625000,351067,9478800
1994-08,BISHAN,EXECUTIVE,452,SIN MING AVE,149,MAISONETTE,1989,22,455000,690000,544136,11971000
1994-08,BISHAN,EXECUTIVE,453,SIN MING AVE,160,MAISONETTE,1990,21,350000,650000,465571,9777000
1994-03,BISHAN,4 ROOM,454,SIN MING AVE,105,MODEL A,1989,31,230000,605000,375194,11631000
1994-10,BISHAN,4 ROOM,455,SIN MING AVE,105,MODEL A,1990,43,215000,668000,353930,15219000
1990-01,BISHAN,3 ROOM,22,SIN MING RD,68,IMPROVED,1973,120,29000,176500,93642,11237040
1990-04,BISHAN,3 ROOM,23,SIN MING RD,65,IMPROVED,1973,53,29000,206000,102489,5431900
1990-01,BISHAN,3 ROOM,24,SIN MING RD,65,IMPROVED,1973,56,30000,180000,80975,4534600
1990-05,BISHAN,4 ROOM,25,SIN MING RD,88,IMPROVED,1974,32,62000,280000,166828,5338500
1990-03,CENTRAL AREA,3 ROOM,335A,SMITH ST,60,IMPROVED,1984,24,60000,270000,165958,3983000
1990-01,CENTRAL AREA,4 ROOM,335B,SMITH ST,82,IMPROVED,1984,24,100000,405000,270792,6499000
1990-05,BUKIT MERAH,5 ROOM,103,SPOTTISWOODE PK RD,118,STANDARD,1979,46,155000,510000,382506,17595288
1990-02,BUKIT MERAH,5 ROOM,104,SPOTTISWOODE PK RD,122,STANDARD,1979,50,130000,520000,344065,17203228
1990-03,BUKIT MERAH,5 ROOM,106,SPOTTISWOODE PK RD,122,STANDARD,1979,55,127400,520000,352723,19399788
1990-06,BUKIT MERAH,5 ROOM,109,SPOTTISWOODE PK RD,121,STANDARD,1979,42,160000,540000,368345,15470500
1990-05,BUKIT MERAH,5 ROOM,110,SPOTTISWOODE PK RD,118,STANDARD,1979,43,162000,540000,366558,15762000
1990-03,KALLANG/WHAMPOA,3 ROOM,5,ST. GEORGE'S LANE,68,NEW GENERATION,1981,47,45000,345000,162549,7639800
1990-04,KALLANG/WHAMPOA,4 ROOM,6,ST. GEORGE'S LANE,95,NEW GENERATION,1981,51,52000,365000,175053,8927688
1990-08,KALLANG/WHAMPOA,3 ROOM,7,ST. GEORGE'S LANE,60,IMPROVED,1986,80,29000,198000,88572,7085780
1990-03,KALLANG/WHAMPOA,3 ROOM,8,ST. GEORGE'S LANE,82,NEW GENERATION,1982,59,48500,370000,144129,8503600
1990-03,KALLANG/WHAMPOA,4 ROOM,1,ST. GEORGE'S RD,82,IMPROVED,1976,52,70000,330000,200669,10434800
1990-09,KALLANG/WHAMPOA,4 ROOM,10,ST. GEORGE'S RD,104,MODEL A,1985,5,129000,345000,258500,1292500
1990-04,KALLANG/WHAMPOA,4 ROOM,11,ST. GEORGE'S RD,84,SIMPLIFIED,1985,26,93380,440000,262153,6815980
1992-09,KALLANG/WHAMPOA,4 ROOM,12,ST. GEORGE'S RD,90,SIMPLIFIED,1985,5,150000,323000,242000,1210000
1990-03,KALLANG/WHAMPOA,5 ROOM,13,ST. GEORGE'S RD,120,IMPROVED,1985,46,155000,530000,339478,15616000
1990-05,KALLANG/WHAMPOA,3 ROOM,14,ST. GEORGE'S RD,67,NEW GENERATION,1984,40,49000,333000,166505,6660200
1991-12,KALLANG/WHAMPOA,4 ROOM,15,ST. GEORGE'S RD,92,NEW GENERATION,1985,31,104000,365000,245677,7616000
1990-10,KALLANG/WHAMPOA,4 ROOM,16,ST. GEORGE'S RD,100,NEW GENERATION,1984,8,103000,345000,209688,1677500
1990-10,KALLANG/WHAMPOA,4 ROOM,17,ST. GEORGE'S RD,91,NEW GENERATION,1984,8,90000,346500,208312,1666500
1990-05,KALLANG/WHAMPOA,4 ROOM,18,ST. GEORGE'S RD,91,NEW GENERATION,1984,28,102000,360000,249411,6983500
1990-08,KALLANG/WHAMPOA,4 ROOM,19,ST. GEORGE'S RD,91,NEW GENERATION,1984,13,120000,355000,250577,3257500
1990-01,KALLANG/WHAMPOA,3 ROOM,2,ST. GEORGE'S RD,59,IMPROVED,1976,59,32500,201000,103347,6097500
1990-01,KALLANG/WHAMPOA,3 ROOM,20,ST. GEORGE'S RD,67,NEW GENERATION,1984,72,55000,328000,146157,10523300
1990-02,KALLANG/WHAMPOA,5 ROOM,21,ST. GEORGE'S RD,118,IMPROVED,1984,53,158000,549800,358055,18976900
1990-02,KALLANG/WHAMPOA,5 ROOM,22,ST. GEORGE'S RD,118,IMPROVED,1984,46,157000,520800,326489,15018500
1990-01,KALLANG/WHAMPOA,4 ROOM,23,ST. GEORGE'S RD,91,NEW GENERATION,1984,17,55000,350000,206612,3512407
1990-03,KALLANG/WHAMPOA,3 ROOM,3,ST. GEORGE'S RD,59,IMPROVED,1976,110,32500,213000,102840,11312400
1990-05,KALLANG/WHAMPOA,4 ROOM,9,ST. GEORGE'S RD,104,MODEL A,1985,25,80000,390000,234072,5851800
1990-04,QUEENSTOWN,3 ROOM,163,STIRLING RD,66,IMPROVED,1970,34,37000,180000,120824,4108000
1990-01,QUEENSTOWN,3 ROOM,164,STIRLING RD,66,IMPROVED,1970,42,34000,207000,113276,4757600
1991-02,QUEENSTOWN,3 ROOM,165,STIRLING RD,60,IMPROVED,1970,41,40000,215000,134093,5497800
1991-03,QUEENSTOWN,3 ROOM,166,STIRLING RD,60,IMPROVED,1970,43,38000,216000,134680,5791250
1990-02,QUEENSTOWN,3 ROOM,167,STIRLING RD,60,IMPROVED,1971,55,34000,190000,122594,6742688
1990-05,QUEENSTOWN,3 ROOM,168,STIRLING RD,60,IMPROVED,1971,63,38000,215000,125398,7900100
1990-03,QUEENSTOWN,3 ROOM,169,STIRLING RD,70,IMPROVED,1970,93,29000,222000,126101,11727400
1990-07,QUEENSTOWN,3 ROOM,170,STIRLING RD,60,IMPROVED,1970,78,35000,213000,132204,10311900
1990-01,QUEENSTOWN,3 ROOM,171,STIRLING RD,60,IMPROVED,1970,45,33000,235000,125904,5665700
1990-01,QUEENSTOWN,3 ROOM,172,STIRLING RD,59,IMPROVED,1971,49,30000,200000,100317,4915550
1990-01,QUEENSTOWN,3 ROOM,173,STIRLING RD,60,IMPROVED,1971,41,28800,200000,117618,4822340
1991-08,QUEENSTOWN,4 ROOM,41,STIRLING RD,123,TERRACE,1968,7,66000,575000,377714,2644000
1991-12,QUEENSTOWN,4 ROOM,42,STIRLING RD,120,TERRACE,1968,5,150000,606000,382000,1910000
1993-06,QUEENSTOWN,4 ROOM,43,STIRLING RD,108,TERRACE,1968,2,195000,310000,252500,505000
1990-11,QUEENSTOWN,4 ROOM,44,STIRLING RD,99,TERRACE,1968,6,108800,550000,386633,2319800
1993-06,QUEENSTOWN,4 ROOM,46,STIRLING RD,131,TERRACE,1968,4,238000,500000,369000,1476000
1991-07,QUEENSTOWN,4 ROOM,47,STIRLING RD,102,TERRACE,1968,4,160000,508000,344750,1379000
1996-07,QUEENSTOWN,3 ROOM,50,STIRLING RD,102,TERRACE,1968,1,445000,445000,445000,445000
1996-08,QUEENSTOWN,3 ROOM,52,STIRLING RD,90,TERRACE,1968,2,485000,555000,520000,1040000
1996-04,QUEENSTOWN,3 ROOM,53,STIRLING RD,78,TERRACE,1968,1,370000,370000,370000,370000
1991-02,QUEENSTOWN,3 ROOM,55,STIRLING RD,87,TERRACE,1968,6,40000,510000,339542,2037250
1990-10,QUEENSTOWN,3 ROOM,56,STIRLING RD,108,TERRACE,1968,7,90000,530000,370000,2590000
1991-01,QUEENSTOWN,3 ROOM,57,STIRLING RD,94,TERRACE,1968,4,88000,470000,307750,1231000
1994-06,QUEENSTOWN,3 ROOM,58,STIRLING RD,79,TERRACE,1968,3,200000,394000,292500,877500
1998-07,QUEENSTOWN,5 ROOM,80,STRATHMORE AVE,130,MODEL A,1993,10,327000,573000,468000,4680000
1998-04,QUEENSTOWN,5 ROOM,81,STRATHMORE AVE,132,MODEL A,1993,19,310000,560000,491316,9335000
1990-02,BUKIT MERAH,3 ROOM,12,TAMAN HO SWEE,54,STANDARD,1970,24,23000,185000,91194,2188660
1990-06,BUKIT MERAH,2 ROOM,14,TAMAN HO SWEE,49,STANDARD,1970,27,18000,190000,94833,2560500
1990-04,BUKIT MERAH,3 ROOM,16,TAMAN HO SWEE,54,STANDARD,1970,27,20000,180000,108056,2917500
1990-01,BUKIT MERAH,3 ROOM,18,TAMAN HO SWEE,54,STANDARD,1970,23,20500,204000,97630,2245500
1990-02,BUKIT MERAH,2 ROOM,31,TAMAN HO SWEE,41,STANDARD,1969,126,15500,116800,58019,7310360
1990-01,BUKIT MERAH,1 ROOM,33,TAMAN HO SWEE,29,IMPROVED,1969,372,6000,108000,34072,12674878
1990-10,TAMPINES,3 ROOM,801,TAMPINES AVE 4,82,NEW GENERATION,1984,21,35000,216000,134076,2815600
1992-12,TAMPINES,3 ROOM,802,TAMPINES AVE 4,68,NEW GENERATION,1984,12,50000,191200,113267,1359200
1990-08,TAMPINES,4 ROOM,803,TAMPINES AVE 4,94,NEW GENERATION,1984,82,34500,335000,154270,12650100
1990-02,TAMPINES,5 ROOM,804,TAMPINES AVE 4,121,IMPROVED,1984,60,102000,493000,309375,18562500
1990-02,TAMPINES,4 ROOM,805,TAMPINES AVE 4,92,NEW GENERATION,1985,68,55000,340000,214829,14608400
1990-05,TAMPINES,4 ROOM,806,TAMPINES AVE 4,108,MODEL A,1984,66,45000,370000,172424,11380000
1990-07,TAMPINES,3 ROOM,807,TAMPINES AVE 4,73,MODEL A,1984,80,53000,360000,161775,12942000
1990-01,TAMPINES,3 ROOM,808,TAMPINES AVE 4,73,MODEL A,1984,75,45000,373000,178896,13417200
1990-01,TAMPINES,3 ROOM,809,TAMPINES AVE 4,73,MODEL A,1984,93,48000,363000,174352,16214700
1990-01,TAMPINES,4 ROOM,810,TAMPINES AVE 4,105,MODEL A,1984,76,45000,368000,181086,13762500
1990-01,TAMPINES,4 ROOM,811,TAMPINES AVE 4,91,NEW GENERATION,1985,73,65000,340000,208547,15223900
1990-01,TAMPINES,4 ROOM,812,TAMPINES AVE 4,92,NEW GENERATION,1984,68,70000,342000,208782,14197188
1990-04,TAMPINES,5 ROOM,815,TAMPINES AVE 4,121,IMPROVED,1985,53,90000,508000,302864,16051800
1990-01,TAMPINES,5 ROOM,816,TAMPINES AVE 4,121,IMPROVED,1984,56,70000,535000,319982,17918988
1990-02,TAMPINES,4 ROOM,902,TAMPINES AVE 4,105,MODEL A,1984,87,63100,398000,235807,20515200
1990-02,TAMPINES,5 ROOM,903,TAMPINES AVE 4,133,MODEL A,1984,60,85000,522000,303867,18232000
1992-01,TAMPINES,4 ROOM,906,TAMPINES AVE 4,104,MODEL A,1983,15,114000,350800,237187,3557800
1990-03,TAMPINES,3 ROOM,907,TAMPINES AVE 4,73,MODEL A,1984,85,52500,380000,186037,15813116
1990-11,TAMPINES,4 ROOM,908,TAMPINES AVE 4,104,MODEL A,1983,10,95000,400000,260300,2603000
1990-04,TAMPINES,3 ROOM,909,TAMPINES AVE 4,80,MODEL A,1984,72,45000,380000,188507,13572500
1993-11,TAMPINES,4 ROOM,945,TAMPINES AVE 4,104,MODEL A,1988,33,158000,526000,328282,10833300
1993-12,TAMPINES,5 ROOM,946,TAMPINES AVE 4,122,IMPROVED,1988,22,189000,533000,331091,7284000
1990-01,TAMPINES,EXECUTIVE,146,TAMPINES AVE 5,142,APARTMENT,1985,65,138000,685000,366831,23843988
1990-02,TAMPINES,EXECUTIVE,147,TAMPINES AVE 5,142,APARTMENT,1985,79,114000,750000,399270,31542328
1990-01,TAMPINES,EXECUTIVE,148,TAMPINES AVE 5,150,MAISONETTE,1985,82,150000,680000,392405,32177200
1992-09,TAMPINES,EXECUTIVE,858,TAMPINES AVE 5,146,MAISONETTE,1988,52,200000,680000,463423,24098000
1992-08,TAMPINES,5 ROOM,858A,TAMPINES AVE 5,122,IMPROVED,1988,12,154800,490000,294692,3536300
1992-09,TAMPINES,5 ROOM,858B,TAMPINES AVE 5,127,IMPROVED,1987,10,135000,475000,288700,2887000
1992-09,TAMPINES,4 ROOM,859,TAMPINES AVE 5,104,MODEL A,1988,54,100000,545000,320706,17318100
1992-09,TAMPINES,4 ROOM,859A,TAMPINES AVE 5,104,MODEL A,1988,58,125000,525000,321172,18628000
1992-08,TAMPINES,EXECUTIVE,860,TAMPINES AVE 5,146,MAISONETTE,1987,48,162680,656200,440518,21144880
1992-09,TAMPINES,4 ROOM,860A,TAMPINES AVE 5,104,MODEL A,1987,5,104000,415000,306000,1530000
1992-12,TAMPINES,4 ROOM,860B,TAMPINES AVE 5,104,MODEL A,1987,9,91000,370000,273111,2458000
1992-09,TAMPINES,5 ROOM,861,TAMPINES AVE 5,122,IMPROVED,1988,51,145000,467000,290745,14828000
1993-07,TAMPINES,5 ROOM,861A,TAMPINES AVE 5,122,IMPROVED,1988,50,175000,480000,316906,15845300
1993-11,TAMPINES,4 ROOM,936,TAMPINES AVE 5,104,MODEL A,1988,39,165000,465000,332795,12979000
1990-08,TAMPINES,EXECUTIVE,937,TAMPINES AVE 5,154,MAISONETTE,1988,35,200000,682500,468943,16413000
1993-09,TAMPINES,EXECUTIVE,938,TAMPINES AVE 5,146,MAISONETTE,1988,30,260000,618000,445333,13360000
1993-10,TAMPINES,5 ROOM,939,TAMPINES AVE 5,122,IMPROVED,1988,31,173000,494000,323613,10032000
1993-10,TAMPINES,EXECUTIVE,940,TAMPINES AVE 5,142,APARTMENT,1989,51,320000,665000,472467,24095800
1993-11,TAMPINES,EXECUTIVE,941,TAMPINES AVE 5,154,MAISONETTE,1988,37,280000,700000,490176,18136500
1993-10,TAMPINES,EXECUTIVE,942,TAMPINES AVE 5,146,MAISONETTE,1988,49,310000,715000,494173,24214500
1993-10,TAMPINES,EXECUTIVE,943,TAMPINES AVE 5,142,APARTMENT,1988,30,265000,640000,460087,13802600
1992-04,TAMPINES,EXECUTIVE,944,TAMPINES AVE 5,142,APARTMENT,1989,34,200000,720000,477647,16240000
1998-08,TAMPINES,4 ROOM,390,TAMPINES AVE 7,105,MODEL A,1994,12,279000,435000,350042,4200500
1998-07,TAMPINES,5 ROOM,391,TAMPINES AVE 7,127,IMPROVED,1994,26,270000,428000,358858,9330300
1998-10,TAMPINES,4 ROOM,392,TAMPINES AVE 7,104,MODEL A,1994,25,273000,393000,328340,8208500
1998-09,TAMPINES,5 ROOM,393,TAMPINES AVE 7,126,IMPROVED,1994,27,281000,420000,360574,9735500
1998-08,TAMPINES,5 ROOM,394,TAMPINES AVE 7,127,IMPROVED,1994,24,287000,455000,365904,8781688
1994-04,TAMPINES,5 ROOM,395,TAMPINES AVE 7,126,IMPROVED,1994,20,270000,485000,324990,6499800
1995-06,TAMPINES,5 ROOM,396,TAMPINES AVE 7,128,IMPROVED,1994,17,274000,440000,364547,6197300
1992-11,TAMPINES,4 ROOM,878,TAMPINES AVE 8,104,MODEL A,1988,73,50000,382000,201436,14704800
1993-07,TAMPINES,4 ROOM,879,TAMPINES AVE 8,104,MODEL A,1988,58,82000,380000,205771,11934700
1993-01,TAMPINES,4 ROOM,880,TAMPINES AVE 8,104,MODEL A,1988,38,110000,470000,297605,11309000
1994-06,TAMPINES,4 ROOM,880A,TAMPINES AVE 8,104,MODEL A,1988,17,170000,502500,288941,4912000
1995-12,TAMPINES,5 ROOM,485A,TAMPINES AVE 9,124,IMPROVED,1993,18,300000,400000,359250,6466500
1994-02,TAMPINES,5 ROOM,485B,TAMPINES AVE 9,121,IMPROVED,1989,65,175000,490000,307883,20012388
1998-08,TAMPINES,5 ROOM,486A,TAMPINES AVE 9,127,IMPROVED,1993,36,330000,400000,370494,13337800
1994-04,TAMPINES,5 ROOM,486B,TAMPINES AVE 9,124,IMPROVED,1993,33,263000,550000,346182,11424000
1996-03,TAMPINES,4 ROOM,486C,TAMPINES AVE 9,108,MODEL A,1993,27,265500,392000,308370,8326000
1993-04,TAMPINES,4 ROOM,487A,TAMPINES AVE 9,104,MODEL A,1989,29,110000,373000,286141,8298100
1994-04,TAMPINES,4 ROOM,488A,TAMPINES AVE 9,104,MODEL A,1989,51,171000,488000,308078,15712000
1997-09,TAMPINES,5 ROOM,491A,TAMPINES AVE 9,125,IMPROVED,1993,21,342000,455000,396461,8325688
1994-04,TAMPINES,5 ROOM,491B,TAMPINES AVE 9,122,IMPROVED,1993,24,275000,495000,359454,8626888
1998-02,TAMPINES,5 ROOM,492B,TAMPINES AVE 9,120,IMPROVED,1993,39,333000,425000,369872,14425000
1997-11,TAMPINES,5 ROOM,493A,TAMPINES AVE 9,125,IMPROVED,1993,16,345000,460000,395469,6327500
1997-10,TAMPINES,5 ROOM,493B,TAMPINES AVE 9,123,IMPROVED,1993,21,293000,425000,377714,7932000
1994-11,TAMPINES,5 ROOM,494B,TAMPINES AVE 9,120,IMPROVED,1993,45,283000,487500,374389,16847500
1997-07,TAMPINES,5 ROOM,496D,TAMPINES AVE 9,126,IMPROVED,1993,42,338000,497500,402621,16910100
1994-07,TAMPINES,5 ROOM,496E,TAMPINES AVE 9,126,IMPROVED,1993,43,278000,525000,397809,17105800
1997-09,TAMPINES,5 ROOM,496F,TAMPINES AVE 9,135,MODEL A,1993,13,330000,475000,392346,5100500
1997-10,TAMPINES,4 ROOM,496G,TAMPINES AVE 9,106,MODEL A,1993,37,275000,439999,344351,12740999
1994-03,TAMPINES,4 ROOM,501,TAMPINES CTRL 1,105,MODEL A,1989,17,215000,480000,335765,5708000
1996-03,TAMPINES,5 ROOM,502,TAMPINES CTRL 1,121,IMPROVED,1989,2,395000,425000,410000,820000
1994-05,TAMPINES,4 ROOM,503,TAMPINES CTRL 1,110,MODEL A,1990,46,190000,444500,320065,14723000
1994-08,TAMPINES,4 ROOM,505,TAMPINES CTRL 1,111,MODEL A,1989,40,175000,423000,306970,12278800
1995-01,TAMPINES,4 ROOM,508,TAMPINES CTRL 1,107,MODEL A,1989,9,265000,315000,294611,2651500
1996-09,TAMPINES,5 ROOM,509,TAMPINES CTRL 1,121,IMPROVED,1989,8,298000,480000,375562,3004500
1990-07,TAMPINES,3 ROOM,101,TAMPINES ST 11,75,MODEL A,1982,70,45000,388000,174107,12187500
1990-01,TAMPINES,3 ROOM,102,TAMPINES ST 11,75,MODEL A,1983,74,41000,358000,170351,12606000
1990-02,TAMPINES,4 ROOM,103,TAMPINES ST 11,105,MODEL A,1982,65,49000,380000,185758,12074300
1990-02,TAMPINES,3 ROOM,104,TAMPINES ST 11,75,MODEL A,1982,75,38000,360000,164905,12367908
1990-09,TAMPINES,3 ROOM,105,TAMPINES ST 11,75,MODEL A,1982,52,41000,350000,176658,9186200
1990-01,TAMPINES,5 ROOM,106,TAMPINES ST 11,133,MODEL A,1984,49,90700,505000,300257,14712588
1990-04,TAMPINES,4 ROOM,107,TAMPINES ST 11,115,MODEL A,1984,75,41000,377000,189576,14218200
1990-03,TAMPINES,3 ROOM,108,TAMPINES ST 11,74,MODEL A,1984,61,42000,375000,170310,10388900
1990-02,TAMPINES,4 ROOM,109,TAMPINES ST 11,103,MODEL A,1984,115,41000,395000,172428,19829200
1990-01,TAMPINES,3 ROOM,110,TAMPINES ST 11,74,MODEL A,1984,82,41000,372500,173817,14253000
1990-01,TAMPINES,3 ROOM,111,TAMPINES ST 11,78,MODEL A,1984,110,41000,380000,169815,18679600
1990-01,TAMPINES,3 ROOM,112,TAMPINES ST 11,75,MODEL A,1982,81,41000,420000,165760,13426600
1990-01,TAMPINES,3 ROOM,113,TAMPINES ST 11,79,MODEL A,1982,68,40000,412000,164949,11216500
1990-02,TAMPINES,5 ROOM,114,TAMPINES ST 11,133,MODEL A,1982,32,100000,510000,319125,10212000
1991-02,TAMPINES,EXECUTIVE,124,TAMPINES ST 11,146,MAISONETTE,1986,86,160000,642000,403930,34738000
1990-12,TAMPINES,EXECUTIVE,125,TAMPINES ST 11,146,MAISONETTE,1985,74,159000,696000,398918,29519900
1990-11,TAMPINES,4 ROOM,126,TAMPINES ST 11,104,MODEL A,1985,53,95000,528000,316472,16773000
1990-07,TAMPINES,5 ROOM,127,TAMPINES ST 11,140,MODEL A,1985,67,90700,515000,335981,22510700
1990-01,TAMPINES,3 ROOM,138,TAMPINES ST 11,80,MODEL A,1984,51,40800,265000,139475,7113200
1990-04,TAMPINES,3 ROOM,139,TAMPINES ST 11,75,MODEL A,1984,58,42000,240000,145284,8426500
1990-06,TAMPINES,4 ROOM,140,TAMPINES ST 12,94,NEW GENERATION,1984,69,70000,342000,203822,14063700
1990-01,TAMPINES,4 ROOM,141,TAMPINES ST 12,107,MODEL A,1984,47,65000,383000,250272,11762800
1990-07,TAMPINES,5 ROOM,142,TAMPINES ST 12,133,MODEL A,1984,49,65000,540000,349092,17105500
1990-07,TAMPINES,5 ROOM,143,TAMPINES ST 12,133,MODEL A,1984,50,127000,495000,315430,15771500
1990-03,TAMPINES,3 ROOM,144,TAMPINES ST 12,74,MODEL A,1985,96,54000,420000,192707,18499888
1990-03,TAMPINES,4 ROOM,145,TAMPINES ST 12,103,MODEL A,1984,105,42000,383000,216227,22703850
1990-01,TAMPINES,EXECUTIVE,149,TAMPINES ST 12,150,MAISONETTE,1984,84,114000,700000,391536,32889038
1990-01,TAMPINES,3 ROOM,150,TAMPINES ST 12,73,MODEL A,1984,67,55000,390000,190654,12773800
1990-02,TAMPINES,EXECUTIVE,151,TAMPINES ST 12,142,APARTMENT,1984,105,150000,695000,398527,41845300
1990-03,TAMPINES,EXECUTIVE,156,TAMPINES ST 12,150,MAISONETTE,1984,60,160000,665000,400563,24033800
1990-01,TAMPINES,3 ROOM,157,TAMPINES ST 12,68,NEW GENERATION,1985,64,42000,308000,156495,10015700
1990-06,TAMPINES,4 ROOM,158,TAMPINES ST 12,91,NEW GENERATION,1984,58,71000,370000,226916,13161100
1990-01,TAMPINES,4 ROOM,159,TAMPINES ST 12,91,NEW GENERATION,1984,73,52000,378000,213934,15617200
1990-01,TAMPINES,5 ROOM,160,TAMPINES ST 12,124,IMPROVED,1984,51,70000,565000,296784,15136000
1990-01,TAMPINES,4 ROOM,161,TAMPINES ST 12,103,MODEL A,1984,94,40000,430000,221230,20795600
1990-02,TAMPINES,5 ROOM,162,TAMPINES ST 12,133,MODEL A,1984,64,90000,525000,327052,20931300
1990-01,TAMPINES,4 ROOM,163,TAMPINES ST 12,103,MODEL A,1984,75,75000,420000,255320,19149000
1990-03,TAMPINES,4 ROOM,164,TAMPINES ST 12,106,MODEL A,1984,100,56000,388000,209562,20956200
1990-06,TAMPINES,5 ROOM,165,TAMPINES ST 12,134,MODEL A,1984,55,87000,560000,335138,18432600
1990-01,TAMPINES,4 ROOM,166,TAMPINES ST 12,103,MODEL A,1984,52,64000,410000,252923,13152000
1993-09,TAMPINES,3 ROOM,201A,TAMPINES ST 21,68,NEW GENERATION,1986,11,80000,240000,150818,1659000
1991-07,TAMPINES,3 ROOM,201D,TAMPINES ST 21,82,NEW GENERATION,1987,45,43000,262000,154678,6960500
1990-01,TAMPINES,3 ROOM,202,TAMPINES ST 21,79,MODEL A,1983,80,42000,368000,164696,13175700
1992-04,TAMPINES,3 ROOM,203,TAMPINES ST 21,79,MODEL A,1983,50,40800,370000,176594,8829680
1990-03,TAMPINES,3 ROOM,205,TAMPINES ST 21,75,MODEL A,1983,57,48000,410000,184150,10496550
1990-04,TAMPINES,3 ROOM,206,TAMPINES ST 21,75,MODEL A,1982,60,40000,395000,173978,10438700
1990-02,TAMPINES,3 ROOM,207,TAMPINES ST 21,79,MODEL A,1982,68,45500,405000,198985,13531000
1990-04,TAMPINES,4 ROOM,208,TAMPINES ST 21,133,MODEL A,1982,46,40000,375000,180061,8282800
1990-01,TAMPINES,3 ROOM,209,TAMPINES ST 21,75,MODEL A,1982,62,40800,380000,168113,10423000
1998-03,TAMPINES,EXECUTIVE,230G,TAMPINES ST 21,150,APARTMENT,1993,24,400000,580000,501958,12047000
1998-04,TAMPINES,EXECUTIVE,230H,TAMPINES ST 21,150,APARTMENT,1993,20,420000,550000,500400,10008000
1994-03,TAMPINES,EXECUTIVE,230J,TAMPINES ST 21,155,APARTMENT,1993,20,370000,550000,484750,9695000
1992-11,TAMPINES,4 ROOM,231,TAMPINES ST 21,93,NEW GENERATION,1985,20,71000,305000,176150,3523000
1990-01,TAMPINES,5 ROOM,232,TAMPINES ST 21,121,IMPROVED,1985,79,61000,530000,301962,23854988
1990-03,TAMPINES,5 ROOM,233,TAMPINES ST 21,121,IMPROVED,1985,62,62000,490000,275834,17101700
1990-01,TAMPINES,3 ROOM,234,TAMPINES ST 21,73,MODEL A,1984,106,44000,382000,204848,21713900
1997-06,TAMPINES,4 ROOM,235,TAMPINES ST 21,108,MODEL A,1993,36,165000,362000,268653,9671500
1990-01,TAMPINES,3 ROOM,236,TAMPINES ST 21,73,MODEL A,1984,78,45000,375000,217210,16942400
1990-01,TAMPINES,3 ROOM,237,TAMPINES ST 21,73,MODEL A,1984,99,50000,380000,200583,19857700
1993-06,TAMPINES,3 ROOM,238,TAMPINES ST 21,67,NEW GENERATION,1984,18,89000,330000,204933,3688800
1990-07,TAMPINES,4 ROOM,239,TAMPINES ST 21,93,NEW GENERATION,1984,24,35000,340000,144708,3473000
1990-02,TAMPINES,4 ROOM,240,TAMPINES ST 21,108,MODEL A,1984,80,44000,420000,184425,14754000
1990-07,TAMPINES,4 ROOM,241,TAMPINES ST 21,104,MODEL A,1985,64,50000,405000,183883,11768500
1990-03,TAMPINES,4 ROOM,242,TAMPINES ST 21,96,NEW GENERATION,1984,28,45000,300000,166571,4664000
1990-03,TAMPINES,3 ROOM,243,TAMPINES ST 21,74,MODEL A,1984,87,43000,385000,175195,15242000
1990-01,TAMPINES,3 ROOM,244,TAMPINES ST 21,74,MODEL A,1984,89,47000,380000,194213,17284988
1990-01,TAMPINES,EXECUTIVE,245,TAMPINES ST 21,150,MAISONETTE,1984,87,114000,675000,386895,33659888
1990-03,TAMPINES,3 ROOM,246,TAMPINES ST 21,82,NEW GENERATION,1984,84,39000,328000,156945,13183400
1990-01,TAMPINES,4 ROOM,247,TAMPINES ST 21,91,NEW GENERATION,1984,79,65000,360000,238311,18826600
1990-01,TAMPINES,4 ROOM,248,TAMPINES ST 21,92,NEW GENERATION,1984,54,54000,375000,217415,11740400
1990-03,TAMPINES,3 ROOM,249,TAMPINES ST 21,74,MODEL A,1984,76,40800,378000,208889,15875600
1990-01,TAMPINES,3 ROOM,250,TAMPINES ST 21,74,MODEL A,1984,67,52800,385000,201487,13499640
1990-01,TAMPINES,3 ROOM,251,TAMPINES ST 21,78,MODEL A,1985,126,45000,420000,190549,24009140
1990-01,TAMPINES,3 ROOM,252,TAMPINES ST 21,82,NEW GENERATION,1985,31,45000,326000,154519,4790088
1990-01,TAMPINES,4 ROOM,253,TAMPINES ST 21,104,MODEL A,1984,101,43000,370000,213161,21529300
1990-07,TAMPINES,5 ROOM,254,TAMPINES ST 21,121,IMPROVED,1984,59,100000,515000,307525,18144000
1991-03,TAMPINES,4 ROOM,255,TAMPINES ST 21,94,NEW GENERATION,1984,27,71000,296000,180111,4863000
1990-06,TAMPINES,5 ROOM,256,TAMPINES ST 21,123,IMPROVED,1984,74,90000,520000,281327,20818199
1990-01,TAMPINES,5 ROOM,257,TAMPINES ST 21,126,IMPROVED,1985,74,60000,532000,316097,23391200
1990-01,TAMPINES,3 ROOM,258,TAMPINES ST 21,67,NEW GENERATION,1985,53,42000,325000,160762,8520400
1990-03,TAMPINES,4 ROOM,259,TAMPINES ST 21,105,MODEL A,1985,106,43000,420000,189825,20121400
1990-04,TAMPINES,5 ROOM,260,TAMPINES ST 21,133,MODEL A,1984,49,127000,490000,324476,15899300
1990-01,TAMPINES,4 ROOM,261,TAMPINES ST 21,103,MODEL A,1984,95,45000,375000,205961,19566300
1990-01,TAMPINES,3 ROOM,262,TAMPINES ST 21,74,MODEL A,1984,107,41000,370000,198421,21231000
1990-03,TAMPINES,4 ROOM,263,TAMPINES ST 21,103,MODEL A,1984,120,52000,382000,201605,24192640
1990-10,TAMPINES,3 ROOM,264,TAMPINES ST 21,78,MODEL A,1984,76,54000,383000,192464,14627300
1990-01,TAMPINES,4 ROOM,265,TAMPINES ST 21,105,MODEL A,1984,104,41000,380000,201674,20974100
1990-01,TAMPINES,4 ROOM,266,TAMPINES ST 21,109,MODEL A,1984,83,57000,365000,211934,17590500
1990-01,TAMPINES,3 ROOM,267,TAMPINES ST 21,79,MODEL A,1983,194,42000,387000,172558,33476280
1990-02,TAMPINES,4 ROOM,268,TAMPINES ST 21,103,MODEL A,1984,84,87000,550000,323143,27143980
1990-01,TAMPINES,3 ROOM,269,TAMPINES ST 21,79,MODEL A,1984,133,44000,398000,141829,18863320
1990-01,TAMPINES,3 ROOM,270,TAMPINES ST 21,79,MODEL A,1985,154,49000,390000,167375,25775800
1990-01,TAMPINES,3 ROOM,271,TAMPINES ST 21,75,MODEL A,1984,153,42000,370000,170323,26059488
1990-01,TAMPINES,4 ROOM,272,TAMPINES ST 22,103,MODEL A,1984,166,51000,378000,209640,34800300
1990-02,TAMPINES,4 ROOM,273,TAMPINES ST 22,105,MODEL A,1984,81,57000,385000,225011,18225900
1990-01,TAMPINES,3 ROOM,274,TAMPINES ST 22,73,MODEL A,1984,104,48000,400000,185658,19308420
1990-01,TAMPINES,4 ROOM,275,TAMPINES ST 22,105,MODEL A,1985,119,41000,365000,178251,21211900
1990-04,TAMPINES,3 ROOM,276,TAMPINES ST 22,74,MODEL A,1984,66,47000,350000,188976,12472400
1990-01,TAMPINES,4 ROOM,277,TAMPINES ST 22,108,MODEL A,1985,112,53000,400000,194692,21805500
1990-01,TAMPINES,5 ROOM,278,TAMPINES ST 22,132,MODEL A,1985,77,88000,538000,309708,23847480
1990-01,TAMPINES,5 ROOM,279,TAMPINES ST 22,133,MODEL A,1985,77,87000,520000,299844,23088000
1990-03,TAMPINES,4 ROOM,280,TAMPINES ST 22,104,MODEL A,1984,72,57000,380000,195365,14066300
1990-02,TAMPINES,4 ROOM,281,TAMPINES ST 22,104,MODEL A,1984,60,45000,368000,181488,10889300
1990-03,TAMPINES,3 ROOM,282,TAMPINES ST 22,74,MODEL A,1984,63,42000,379000,202094,12731940
1990-02,TAMPINES,3 ROOM,283,TAMPINES ST 22,84,MODEL A,1984,157,40000,386000,197216,30962878
1990-07,TAMPINES,4 ROOM,284,TAMPINES ST 22,103,MODEL A,1984,84,67000,380000,218152,18324738
1990-01,TAMPINES,3 ROOM,285,TAMPINES ST 22,78,MODEL A,1984,123,41500,385000,198789,24451100
1990-01,TAMPINES,4 ROOM,286,TAMPINES ST 22,105,MODEL A,1984,86,45000,400000,227855,19595500
1990-01,TAMPINES,3 ROOM,287,TAMPINES ST 22,74,MODEL A,1984,100,45000,368000,195676,19567600
1990-06,TAMPINES,5 ROOM,288,TAMPINES ST 22,133,MODEL A,1984,90,78000,520000,316133,28452000
1990-01,TAMPINES,5 ROOM,289,TAMPINES ST 22,121,IMPROVED,1985,97,60000,473000,269459,26137500
1990-05,TAMPINES,4 ROOM,290,TAMPINES ST 22,92,NEW GENERATION,1985,35,43000,330000,156903,5491600
1990-01,TAMPINES,3 ROOM,291,TAMPINES ST 22,73,MODEL A,1984,98,44000,363000,170844,16742700
1990-03,TAMPINES,3 ROOM,292,TAMPINES ST 22,72,NEW GENERATION,1985,33,37000,320000,165658,5466700
1990-01,TAMPINES,3 ROOM,293,TAMPINES ST 22,73,MODEL A,1984,100,43200,360000,166227,16622680
1990-01,TAMPINES,4 ROOM,294,TAMPINES ST 22,98,NEW GENERATION,1985,101,70000,510000,283858,28669700
1990-01,TAMPINES,4 ROOM,295,TAMPINES ST 22,105,MODEL A,1984,73,51000,360000,189351,13822600
1990-05,TAMPINES,4 ROOM,296,TAMPINES ST 22,92,NEW GENERATION,1985,72,46000,312000,160444,11552000
1990-02,TAMPINES,3 ROOM,297,TAMPINES ST 22,73,MODEL A,1984,66,45000,365000,164039,10826600
1990-01,TAMPINES,5 ROOM,298,TAMPINES ST 22,121,IMPROVED,1985,96,70000,520000,286886,27541060
1992-04,TAMPINES,3 ROOM,201E,TAMPINES ST 23,68,NEW GENERATION,1987,37,40000,245000,144270,5338000
1990-03,TAMPINES,5 ROOM,210,TAMPINES ST 23,121,IMPROVED,1985,79,70000,505000,302234,23876488
1990-11,TAMPINES,3 ROOM,211,TAMPINES ST 23,69,NEW GENERATION,1985,61,35000,325000,160836,9811000
1990-02,TAMPINES,3 ROOM,212,TAMPINES ST 23,73,MODEL A,1985,99,52000,352000,182265,18044200
1990-04,TAMPINES,3 ROOM,213,TAMPINES ST 23,73,MODEL A,1985,72,51000,365000,207396,14932500
1990-10,TAMPINES,4 ROOM,214,TAMPINES ST 23,93,NEW GENERATION,1985,74,38000,325000,161565,11955800
1990-01,TAMPINES,3 ROOM,215,TAMPINES ST 23,67,NEW GENERATION,1985,71,35000,340000,165837,11774400
1990-01,TAMPINES,5 ROOM,216,TAMPINES ST 23,121,IMPROVED,1985,71,90000,492000,311258,22099300
1990-01,TAMPINES,3 ROOM,217,TAMPINES ST 23,67,NEW GENERATION,1986,98,43500,348000,162425,15917688
1992-07,TAMPINES,4 ROOM,224,TAMPINES ST 23,95,NEW GENERATION,1985,28,79000,350000,210268,5887500
1990-05,TAMPINES,3 ROOM,225,TAMPINES ST 23,73,MODEL A,1984,82,50000,374000,189254,15518800
1990-01,TAMPINES,3 ROOM,226,TAMPINES ST 23,73,MODEL A,1985,84,45000,368000,166505,13986400
1990-10,TAMPINES,3 ROOM,227,TAMPINES ST 23,71,NEW GENERATION,1986,94,41000,336500,176638,16604000
1990-02,TAMPINES,3 ROOM,228,TAMPINES ST 23,67,NEW GENERATION,1985,32,46900,335000,180419,5773400
1990-03,TAMPINES,5 ROOM,229,TAMPINES ST 23,121,IMPROVED,1985,101,70000,465000,279487,28228200
1990-02,TAMPINES,3 ROOM,218,TAMPINES ST 24,73,MODEL A,1985,91,44000,410000,193138,17575588
1990-01,TAMPINES,3 ROOM,219,TAMPINES ST 24,73,MODEL A,1985,100,48000,375000,184659,18465900
1992-04,TAMPINES,4 ROOM,220,TAMPINES ST 24,96,NEW GENERATION,1985,22,64000,315000,180000,3960000
1990-02,TAMPINES,3 ROOM,221,TAMPINES ST 24,73,MODEL A,1984,106,52000,378000,191390,20287300
1990-03,TAMPINES,4 ROOM,222,TAMPINES ST 24,104,MODEL A,1985,83,44000,345000,180268,14962228
1990-09,TAMPINES,4 ROOM,223,TAMPINES ST 24,93,NEW GENERATION,1985,24,46000,320000,180458,4331000
1990-04,TAMPINES,4 ROOM,230,TAMPINES ST 24,98,NEW GENERATION,1985,95,70000,520000,301634,28655200
1998-04,TAMPINES,4 ROOM,230B,TAMPINES ST 24,108,MODEL A,1993,23,290000,448000,376957,8670000
1994-03,TAMPINES,4 ROOM,230C,TAMPINES ST 24,107,MODEL A,1993,28,200000,480000,377357,10566000
1998-03,TAMPINES,EXECUTIVE,230D,TAMPINES ST 24,149,APARTMENT,1993,23,438000,560000,498430,11463889
1996-01,TAMPINES,EXECUTIVE,230E,TAMPINES ST 24,147,APARTMENT,1993,17,435000,563000,502647,8545000
1998-03,TAMPINES,EXECUTIVE,230F,TAMPINES ST 24,147,APARTMENT,1993,16,460000,530000,492438,7879000
1994-10,TAMPINES,5 ROOM,301,TAMPINES ST 32,125,IMPROVED,1993,33,280000,505000,348818,11511000
1994-02,TAMPINES,4 ROOM,302,TAMPINES ST 32,106,MODEL A,1993,32,170000,498800,338884,10844300
1993-12,TAMPINES,5 ROOM,303,TAMPINES ST 32,124,IMPROVED,1993,24,268000,506000,411188,9868500
1997-11,TAMPINES,5 ROOM,304,TAMPINES ST 32,138,MODEL A,1993,19,343000,500000,392211,7452000
1998-01,TAMPINES,5 ROOM,305,TAMPINES ST 32,126,IMPROVED,1993,25,343000,440000,390740,9768500
1997-10,TAMPINES,5 ROOM,306,TAMPINES ST 32,126,IMPROVED,1993,27,352000,490000,398333,10755000
1997-10,TAMPINES,5 ROOM,307,TAMPINES ST 32,125,IMPROVED,1993,25,342000,470000,391772,9794300
1997-11,TAMPINES,EXECUTIVE,308,TAMPINES ST 32,142,APARTMENT,1993,26,419000,543000,489096,12716500
1994-04,TAMPINES,EXECUTIVE,309,TAMPINES ST 32,145,APARTMENT,1993,25,428000,668000,511400,12785000
1997-09,TAMPINES,EXECUTIVE,310,TAMPINES ST 32,153,APARTMENT,1993,21,410000,600000,517443,10866300
1996-02,TAMPINES,EXECUTIVE,324,TAMPINES ST 32,150,APARTMENT,1995,21,413000,650000,466038,9786800
1999-02,TAMPINES,EXECUTIVE,325,TAMPINES ST 32,150,APARTMENT,1995,17,430000,491000,463676,7882500
1996-03,TAMPINES,EXECUTIVE,326,TAMPINES ST 32,146,MAISONETTE,1995,16,420000,575000,482312,7717000
1999-01,TAMPINES,EXECUTIVE,327,TAMPINES ST 32,148,APARTMENT,1995,17,385000,567000,452029,7684500
1995-12,TAMPINES,EXECUTIVE,328,TAMPINES ST 32,148,APARTMENT,1995,26,420000,535000,463419,12048888
1999-04,TAMPINES,EXECUTIVE,329,TAMPINES ST 32,148,APARTMENT,1995,19,427000,538000,465553,8845500
1999-02,TAMPINES,EXECUTIVE,330,TAMPINES ST 32,147,APARTMENT,1995,15,420000,519000,472867,7093000
1999-01,TAMPINES,EXECUTIVE,331,TAMPINES ST 32,147,APARTMENT,1996,24,412000,521200,465417,11170007
1994-05,TAMPINES,EXECUTIVE,332,TAMPINES ST 32,147,APARTMENT,1996,24,356000,520000,458325,10999800
1999-04,TAMPINES,EXECUTIVE,333,TAMPINES ST 32,147,APARTMENT,1996,21,419000,550000,471310,9897500
1999-04,TAMPINES,EXECUTIVE,334,TAMPINES ST 32,149,APARTMENT,1996,22,428000,520000,462523,10175500
1994-12,TAMPINES,EXECUTIVE,335,TAMPINES ST 32,146,MAISONETTE,1996,24,409000,665000,475812,11419500
1999-02,TAMPINES,EXECUTIVE,336,TAMPINES ST 32,149,APARTMENT,1996,24,417000,560000,469792,11275000
1999-03,TAMPINES,EXECUTIVE,337,TAMPINES ST 32,149,APARTMENT,1996,22,420000,600000,459682,10113000
1998-04,TAMPINES,5 ROOM,381,TAMPINES ST 32,129,IMPROVED,1993,24,283000,425000,370700,8896800
1995-05,TAMPINES,5 ROOM,382,TAMPINES ST 32,128,IMPROVED,1993,19,305000,438000,391395,7436500
1998-04,TAMPINES,5 ROOM,383,TAMPINES ST 32,126,IMPROVED,1993,13,350000,423000,389923,5069000
1998-03,TAMPINES,5 ROOM,384,TAMPINES ST 32,129,IMPROVED,1993,25,277000,434000,368600,9215001
1995-12,TAMPINES,5 ROOM,385,TAMPINES ST 32,125,IMPROVED,1993,32,287000,411000,376188,12038000
1998-07,TAMPINES,5 ROOM,386,TAMPINES ST 32,134,MODEL A,1993,16,376000,446000,409031,6544500
1998-08,TAMPINES,5 ROOM,387,TAMPINES ST 32,126,IMPROVED,1993,26,343000,410000,378538,9842000
1998-07,TAMPINES,5 ROOM,388,TAMPINES ST 32,127,IMPROVED,1993,29,273000,430000,368500,10686500
1996-05,TAMPINES,5 ROOM,389,TAMPINES ST 32,124,IMPROVED,1993,24,276000,408000,365333,8768000
1997-11,TAMPINES,EXECUTIVE,311,TAMPINES ST 33,143,APARTMENT,1993,28,410000,595000,496571,13904000
1995-03,TAMPINES,EXECUTIVE,312,TAMPINES ST 33,143,APARTMENT,1993,33,426000,575000,484742,15996500
1994-03,TAMPINES,EXECUTIVE,313,TAMPINES ST 33,144,APARTMENT,1993,27,400000,588000,482185,13019000
1996-05,TAMPINES,EXECUTIVE,314,TAMPINES ST 33,153,APARTMENT,1993,21,426800,725000,504943,10603800
1997-12,TAMPINES,EXECUTIVE,315,TAMPINES ST 33,148,APARTMENT,1993,33,420000,633000,500873,16528800
1999-07,TAMPINES,4 ROOM,316,TAMPINES ST 33,107,MODEL A,1995,28,269000,427000,349179,9777000
1999-06,TAMPINES,4 ROOM,317,TAMPINES ST 33,108,MODEL A,1995,28,267000,445000,339618,9509300
1996-03,TAMPINES,5 ROOM,318,TAMPINES ST 33,130,IMPROVED,1995,26,270000,425000,308069,8009800
1999-05,TAMPINES,4 ROOM,319,TAMPINES ST 33,108,MODEL A,1995,18,251000,395000,301889,5434000
1999-06,TAMPINES,4 ROOM,320,TAMPINES ST 33,109,MODEL A,1995,22,255500,393000,298809,6573800
1995-08,TAMPINES,4 ROOM,321,TAMPINES ST 33,112,MODEL A,1995,27,225000,386500,316759,8552500
1994-09,TAMPINES,4 ROOM,322,TAMPINES ST 33,112,MODEL A,1995,23,218000,420000,305187,7019300
1999-05,TAMPINES,4 ROOM,323,TAMPINES ST 33,109,MODEL A,1995,24,255000,400000,301096,7226300
1999-06,TAMPINES,4 ROOM,338,TAMPINES ST 33,108,MODEL A,1995,32,263000,428000,343703,10998500
1999-05,TAMPINES,4 ROOM,339,TAMPINES ST 33,112,MODEL A,1995,33,259000,408000,320394,10573000
1999-06,TAMPINES,4 ROOM,340,TAMPINES ST 33,107,MODEL A,1995,32,253000,398000,304052,9729680
1999-04,TAMPINES,4 ROOM,341,TAMPINES ST 33,112,MODEL A,1995,26,248500,440000,313423,8149000
1999-04,TAMPINES,4 ROOM,342,TAMPINES ST 33,111,MODEL A,1995,34,240000,410000,314171,10681800
1999-05,TAMPINES,4 ROOM,343,TAMPINES ST 33,106,MODEL A,1995,32,263000,399800,328791,10521300
1999-08,TAMPINES,4 ROOM,345,TAMPINES ST 33,111,MODEL A,1996,19,279000,435000,340158,6463000
1999-07,TAMPINES,4 ROOM,346,TAMPINES ST 33,107,MODEL A,1996,23,260000,452000,308370,7092500
1999-07,TAMPINES,4 ROOM,348,TAMPINES ST 33,108,MODEL A,1996,27,263000,370000,302722,8173500
1996-04,TAMPINES,5 ROOM,349,TAMPINES ST 33,131,MODEL A,1996,15,278000,500000,363467,5452000
1999-09,TAMPINES,5 ROOM,350,TAMPINES ST 33,132,MODEL A,1996,18,285000,430000,343656,6185800
1996-05,TAMPINES,5 ROOM,351,TAMPINES ST 33,125,IMPROVED,1996,43,266000,415000,338978,14576050
1999-10,TAMPINES,4 ROOM,352,TAMPINES ST 33,108,MODEL A,1996,11,252000,433000,366273,4029000
1999-10,TAMPINES,4 ROOM,353,TAMPINES ST 33,107,MODEL A,1996,15,285000,420000,340200,5103000
1999-12,TAMPINES,4 ROOM,354,TAMPINES ST 33,107,MODEL A,1996,3,295000,430000,381000,1143000
1999-12,TAMPINES,4 ROOM,355,TAMPINES ST 33,107,MODEL A,1996,1,296000,296000,296000,296000
1995-12,TAMPINES,5 ROOM,357,TAMPINES ST 33,132,MODEL A,1996,1,408000,408000,408000,408000
1999-12,TAMPINES,4 ROOM,358,TAMPINES ST 33,107,MODEL A,1996,1,305000,305000,305000,305000
1999-09,TAMPINES,4 ROOM,359,TAMPINES ST 34,104,MODEL A,1996,19,273000,414000,317147,6025800
1999-10,TAMPINES,5 ROOM,360,TAMPINES ST 34,125,IMPROVED,1996,13,284000,430000,340231,4423000
1999-11,TAMPINES,4 ROOM,362,TAMPINES ST 34,107,MODEL A,1996,1,313000,313000,313000,313000
1999-08,TAMPINES,4 ROOM,363,TAMPINES ST 34,107,MODEL A,1996,28,280000,428000,328607,9201000
1998-12,TAMPINES,4 ROOM,371,TAMPINES ST 34,105,MODEL A,1995,31,265000,383000,324065,10046000
1998-12,TAMPINES,4 ROOM,372,TAMPINES ST 34,104,MODEL A,1995,13,267000,425000,325077,4226000
1998-11,TAMPINES,4 ROOM,373,TAMPINES ST 34,112,MODEL A,1995,18,266000,433000,346378,6234800
1998-12,TAMPINES,4 ROOM,374,TAMPINES ST 34,105,MODEL A,1995,19,261500,430000,333342,6333500
1990-08,TAMPINES,4 ROOM,401,TAMPINES ST 41,89,SIMPLIFIED,1985,69,72000,465000,269341,18584500
1992-12,TAMPINES,4 ROOM,402,TAMPINES ST 41,104,MODEL A,1985,11,55000,261000,178213,1960340
1991-12,TAMPINES,3 ROOM,403,TAMPINES ST 41,69,IMPROVED,1985,50,35000,480000,192640,9632000
1992-02,TAMPINES,3 ROOM,404,TAMPINES ST 41,64,SIMPLIFIED,1985,33,33000,373000,192545,6354000
1990-12,TAMPINES,3 ROOM,405,TAMPINES ST 41,69,IMPROVED,1985,57,31000,515000,197295,11245800
1990-06,TAMPINES,3 ROOM,406,TAMPINES ST 41,64,SIMPLIFIED,1986,114,32000,318000,171805,19585800
1991-01,TAMPINES,3 ROOM,407,TAMPINES ST 41,60,IMPROVED,1985,60,35000,445000,158232,9493900
1990-04,TAMPINES,3 ROOM,408,TAMPINES ST 41,60,IMPROVED,1985,90,25000,518000,164462,14801600
1992-02,TAMPINES,4 ROOM,409,TAMPINES ST 41,104,MODEL A,1986,43,64000,359000,238751,10266300
1990-07,TAMPINES,3 ROOM,410,TAMPINES ST 41,69,IMPROVED,1985,62,29000,213000,139884,8672800
1990-08,TAMPINES,3 ROOM,411,TAMPINES ST 41,60,IMPROVED,1985,65,26000,580000,217001,14105089
1990-11,TAMPINES,3 ROOM,412,TAMPINES ST 41,69,IMPROVED,1985,63,31000,515000,199027,12538700
1994-03,TAMPINES,4 ROOM,413,TAMPINES ST 41,89,SIMPLIFIED,1986,12,135000,320000,181000,2172000
1990-11,TAMPINES,4 ROOM,414,TAMPINES ST 41,84,SIMPLIFIED,1987,83,56000,365000,223096,18517000
1990-07,TAMPINES,4 ROOM,415,TAMPINES ST 41,89,SIMPLIFIED,1987,12,60000,280000,147417,1769000
1991-11,TAMPINES,4 ROOM,416,TAMPINES ST 41,84,SIMPLIFIED,1987,53,48000,370000,225434,11948000
1990-04,TAMPINES,3 ROOM,417,TAMPINES ST 41,60,IMPROVED,1985,78,28000,453800,140895,10989838
1990-03,TAMPINES,4 ROOM,418,TAMPINES ST 41,105,MODEL A,1985,90,50000,373000,203937,18354340
1990-04,TAMPINES,4 ROOM,419,TAMPINES ST 41,89,SIMPLIFIED,1985,102,31000,315000,155675,15878800
1990-01,TAMPINES,3 ROOM,420,TAMPINES ST 41,74,MODEL A,1985,69,45000,318000,177860,12272350
1990-03,TAMPINES,3 ROOM,421,TAMPINES ST 41,74,MODEL A,1985,78,47000,393000,193506,15093500
1990-08,TAMPINES,4 ROOM,422,TAMPINES ST 41,104,MODEL A,1985,21,93000,351000,216476,4546000
1990-04,TAMPINES,4 ROOM,423,TAMPINES ST 41,84,SIMPLIFIED,1985,67,59000,480000,256910,17213000
1990-08,TAMPINES,3 ROOM,424,TAMPINES ST 41,74,MODEL A,1985,65,45000,405000,188511,12253200
1991-03,TAMPINES,4 ROOM,425,TAMPINES ST 41,84,SIMPLIFIED,1985,57,64000,480000,262974,14989500
1991-01,TAMPINES,EXECUTIVE,426,TAMPINES ST 41,143,APARTMENT,1986,68,160000,650000,421882,28688000
1991-01,TAMPINES,EXECUTIVE,427,TAMPINES ST 41,143,APARTMENT,1986,62,150000,665000,423806,26276000
1990-09,TAMPINES,EXECUTIVE,428,TAMPINES ST 41,154,MAISONETTE,1986,66,160000,660000,409220,27008500
1990-10,TAMPINES,EXECUTIVE,429,TAMPINES ST 41,147,APARTMENT,1985,82,140000,655000,400999,32881900
1991-03,TAMPINES,EXECUTIVE,430,TAMPINES ST 41,154,MAISONETTE,1986,58,159000,675000,403672,23413000
1991-03,TAMPINES,EXECUTIVE,431,TAMPINES ST 41,143,APARTMENT,1986,71,159000,670000,403127,28622000
1990-01,TAMPINES,4 ROOM,432,TAMPINES ST 41,84,SIMPLIFIED,1986,76,50000,491000,262676,19963400
1990-06,TAMPINES,3 ROOM,444,TAMPINES ST 42,74,MODEL A,1985,86,45000,368000,190767,16405988
1990-03,TAMPINES,3 ROOM,445,TAMPINES ST 42,64,SIMPLIFIED,1986,59,35000,320000,164254,9691000
1990-03,TAMPINES,4 ROOM,446,TAMPINES ST 42,105,MODEL A,1985,77,53000,398000,188513,14515500
1991-11,TAMPINES,4 ROOM,447,TAMPINES ST 42,84,SIMPLIFIED,1985,21,60000,290000,199690,4193500
1990-04,TAMPINES,4 ROOM,448,TAMPINES ST 42,104,MODEL A,1985,78,45000,416000,172560,13459700
1990-04,TAMPINES,4 ROOM,449,TAMPINES ST 42,109,MODEL A,1985,91,49000,480000,225800,20547800
1990-02,TAMPINES,3 ROOM,450,TAMPINES ST 42,74,MODEL A,1985,83,48000,345000,173212,14376600
1992-01,TAMPINES,5 ROOM,451,TAMPINES ST 42,122,IMPROVED,1987,52,64260,490000,260870,13565260
1993-08,TAMPINES,4 ROOM,452,TAMPINES ST 42,89,SIMPLIFIED,1987,14,95000,236000,182786,2559000
1991-11,TAMPINES,4 ROOM,453,TAMPINES ST 42,84,SIMPLIFIED,1987,57,64000,465000,253070,14425000
1993-06,TAMPINES,MULTI GENERATION,454,TAMPINES ST 42,150,MULTI GENERATION,1987,34,220000,736000,483882,16452000
1992-06,TAMPINES,5 ROOM,455,TAMPINES ST 42,122,IMPROVED,1988,60,120000,460000,280592,16835500
1992-01,TAMPINES,4 ROOM,456,TAMPINES ST 42,88,SIMPLIFIED,1987,79,50000,485000,257491,20341800
1992-10,TAMPINES,5 ROOM,457,TAMPINES ST 42,122,IMPROVED,1986,19,107000,405000,251542,4779300
1991-12,TAMPINES,5 ROOM,458,TAMPINES ST 42,122,IMPROVED,1988,91,50000,460000,258702,23541900
1990-08,TAMPINES,4 ROOM,459,TAMPINES ST 42,84,SIMPLIFIED,1987,73,50000,310000,204208,14907188
1992-08,TAMPINES,MULTI GENERATION,460,TAMPINES ST 42,166,MULTI GENERATION,1987,36,140000,740000,433528,15607000
1990-12,TAMPINES,4 ROOM,433,TAMPINES ST 43,89,SIMPLIFIED,1987,46,38000,320000,149478,6876000
1992-04,TAMPINES,3 ROOM,434,TAMPINES ST 43,74,MODEL A,1986,77,60900,370000,187519,14439000
1991-03,TAMPINES,4 ROOM,435,TAMPINES ST 43,84,SIMPLIFIED,1986,22,48000,344000,210182,4624000
1991-03,TAMPINES,3 ROOM,436,TAMPINES ST 43,74,MODEL A,1986,78,45000,375000,194077,15137980
1991-01,TAMPINES,3 ROOM,437,TAMPINES ST 43,74,MODEL A,1986,74,43800,365000,194457,14389800
1990-10,TAMPINES,4 ROOM,438,TAMPINES ST 43,108,MODEL A,1985,56,55000,370000,203005,11368300
1991-10,TAMPINES,4 ROOM,439,TAMPINES ST 43,89,SIMPLIFIED,1987,19,36000,260000,143553,2727500
1990-08,TAMPINES,5 ROOM,440,TAMPINES ST 43,122,IMPROVED,1986,68,50000,450000,252235,17152000
1990-09,TAMPINES,5 ROOM,443,TAMPINES ST 43,122,IMPROVED,1985,62,64300,480000,258400,16020780
1996-05,TAMPINES,4 ROOM,474,TAMPINES ST 43,84,SIMPLIFIED,1993,7,246500,640000,511257,3578800
1996-05,TAMPINES,5 ROOM,477,TAMPINES ST 43,132,MODEL A,1993,15,130000,710000,461600,6924000
1993-11,TAMPINES,4 ROOM,482,TAMPINES ST 43,90,NEW GENERATION,1993,5,140000,502000,362200,1811000
1996-05,TAMPINES,EXECUTIVE,483,TAMPINES ST 43,165,APARTMENT,1993,4,175000,610000,440000,1760000
1994-07,TAMPINES,5 ROOM,484,TAMPINES ST 43,132,MODEL A,1993,10,300000,717500,529130,5291300
1997-12,TAMPINES,4 ROOM,493C,TAMPINES ST 43,104,MODEL A,1993,22,278000,420000,357250,7859500
1997-11,TAMPINES,4 ROOM,493D,TAMPINES ST 43,104,MODEL A,1993,43,272000,432000,365593,15720500
1998-01,TAMPINES,4 ROOM,493E,TAMPINES ST 43,104,MODEL A,1993,30,260000,425000,341267,10238000
1993-09,TAMPINES,5 ROOM,494C,TAMPINES ST 43,125,IMPROVED,1993,31,290000,420000,372774,11556000
1994-12,TAMPINES,EXECUTIVE,495A,TAMPINES ST 43,148,APARTMENT,1994,20,415000,578000,473250,9465000
1997-12,TAMPINES,EXECUTIVE,495B,TAMPINES ST 43,148,APARTMENT,1994,13,400000,575000,484654,6300500
1995-04,TAMPINES,EXECUTIVE,495C,TAMPINES ST 43,146,APARTMENT,1994,18,420000,535000,475833,8565000
1998-03,TAMPINES,EXECUTIVE,495D,TAMPINES ST 43,146,APARTMENT,1994,25,430000,525000,475120,11878000
1994-04,TAMPINES,EXECUTIVE,495E,TAMPINES ST 43,148,APARTMENT,1994,31,408000,580000,486784,15090300
1994-06,TAMPINES,EXECUTIVE,495F,TAMPINES ST 43,148,APARTMENT,1994,31,420000,529000,471565,14618500
1994-05,TAMPINES,5 ROOM,496B,TAMPINES ST 43,127,IMPROVED,1993,41,205000,496000,356146,14602000
1997-07,TAMPINES,4 ROOM,496C,TAMPINES ST 43,107,MODEL A,1993,42,272000,516000,383655,16113500
1990-12,TAMPINES,4 ROOM,461,TAMPINES ST 44,84,SIMPLIFIED,1986,56,64000,510000,266470,14922300
1990-10,TAMPINES,4 ROOM,462,TAMPINES ST 44,89,SIMPLIFIED,1987,53,41000,320000,172470,9140900
1990-10,TAMPINES,3 ROOM,463,TAMPINES ST 44,74,MODEL A,1986,72,44500,368000,167262,12042900
1991-02,TAMPINES,4 ROOM,464,TAMPINES ST 44,84,SIMPLIFIED,1985,17,47000,290000,180029,3060500
1990-08,TAMPINES,4 ROOM,465,TAMPINES ST 44,105,MODEL A,1987,66,45000,350000,171945,11348380
1991-01,TAMPINES,4 ROOM,467,TAMPINES ST 44,105,MODEL A,1987,74,60000,385000,205588,15213500
1990-08,TAMPINES,3 ROOM,468,TAMPINES ST 44,64,SIMPLIFIED,1987,17,35500,275000,145471,2473000
1990-09,TAMPINES,4 ROOM,469,TAMPINES ST 44,105,MODEL A,1985,53,62000,353000,191868,10169000
1990-09,TAMPINES,5 ROOM,470,TAMPINES ST 44,122,IMPROVED,1986,64,64000,525000,263556,16867600
1996-04,TAMPINES,EXECUTIVE,472,TAMPINES ST 44,159,APARTMENT,1993,10,232000,680000,546800,5468000
1992-08,TAMPINES,5 ROOM,476,TAMPINES ST 44,132,MODEL A,1993,14,132000,640000,434286,6080000
1996-06,TAMPINES,EXECUTIVE,479,TAMPINES ST 44,165,APARTMENT,1993,2,490000,570000,530000,1060000
1996-07,TAMPINES,5 ROOM,480,TAMPINES ST 44,132,MODEL A,1993,8,490000,720000,579000,4632000
1996-05,TAMPINES,5 ROOM,481,TAMPINES ST 44,132,MODEL A,1993,5,258000,480000,380600,1903000
1994-10,TAMPINES,4 ROOM,487B,TAMPINES ST 45,105,MODEL A,1989,43,180000,385000,284733,12243533
1994-11,TAMPINES,4 ROOM,487C,TAMPINES ST 45,105,MODEL A,1990,36,215000,405000,298861,10759000
1994-06,TAMPINES,4 ROOM,488B,TAMPINES ST 45,106,MODEL A,1989,41,180000,373888,277189,11364768
1992-11,TAMPINES,5 ROOM,489A,TAMPINES ST 45,121,IMPROVED,1989,67,115000,458000,305169,20446300
1998-04,TAMPINES,4 ROOM,489B,TAMPINES ST 45,107,MODEL A,1993,33,270000,407800,331055,10924800
1994-05,TAMPINES,5 ROOM,489C,TAMPINES ST 45,121,IMPROVED,1989,72,176000,452000,304014,21889000
1998-03,TAMPINES,5 ROOM,490A,TAMPINES ST 45,127,IMPROVED,1993,23,259000,400000,312783,7194000
1998-07,TAMPINES,5 ROOM,490B,TAMPINES ST 45,126,IMPROVED,1993,18,350000,422000,372167,6699000
1996-02,TAMPINES,4 ROOM,491C,TAMPINES ST 45,103,MODEL A,1993,30,241000,463000,367827,11034800
1997-10,TAMPINES,4 ROOM,491D,TAMPINES ST 45,103,MODEL A,1993,44,278000,445000,369766,16269688
1998-01,TAMPINES,4 ROOM,491E,TAMPINES ST 45,106,MODEL A,1993,28,275000,430000,362671,10154800
1994-07,TAMPINES,5 ROOM,491F,TAMPINES ST 45,124,IMPROVED,1993,34,260000,453000,352779,11994500
1998-01,TAMPINES,5 ROOM,491G,TAMPINES ST 45,120,IMPROVED,1993,38,315000,442000,384268,14602188
1994-10,TAMPINES,5 ROOM,491H,TAMPINES ST 45,124,IMPROVED,1993,39,320000,455000,386574,15076368
1994-04,TAMPINES,5 ROOM,492C,TAMPINES ST 45,123,IMPROVED,1993,34,265000,448000,373132,12686500
1998-02,TAMPINES,5 ROOM,492D,TAMPINES ST 45,123,IMPROVED,1993,28,262000,430000,366357,10258000
1996-03,TAMPINES,5 ROOM,497D,TAMPINES ST 45,122,PREMIUM APARTMENT,1996,3,480000,780000,636667,1910000
1996-04,TAMPINES,EXECUTIVE,497F,TAMPINES ST 45,138,PREMIUM APARTMENT,1996,2,550000,745000,647500,1295000
1996-04,TAMPINES,EXECUTIVE,497J,TAMPINES ST 45,138,PREMIUM APARTMENT,1996,1,700000,700000,700000,700000
1996-06,TAMPINES,EXECUTIVE,737,TAMPINES ST 72,140,APARTMENT,1997,1,660000,660000,660000,660000
1990-01,TAMPINES,4 ROOM,813,TAMPINES ST 81,105,MODEL A,1984,71,45000,353000,175082,12430800
1990-02,TAMPINES,3 ROOM,814,TAMPINES ST 81,73,MODEL A,1984,83,50000,374000,180488,14980500
1990-01,TAMPINES,3 ROOM,817,TAMPINES ST 81,73,MODEL A,1984,76,45000,363000,176858,13441200
1990-01,TAMPINES,3 ROOM,818,TAMPINES ST 81,73,MODEL A,1984,82,46000,337000,162103,13292480
1990-01,TAMPINES,3 ROOM,819,TAMPINES ST 81,68,NEW GENERATION,1984,100,34000,315000,152382,15238200
1990-01,TAMPINES,3 ROOM,820,TAMPINES ST 81,68,NEW GENERATION,1984,33,40000,235000,127121,4195000
1992-06,TAMPINES,3 ROOM,821,TAMPINES ST 81,67,NEW GENERATION,1987,14,47000,240000,152914,2140800
1993-04,TAMPINES,3 ROOM,822,TAMPINES ST 81,67,NEW GENERATION,1987,15,35000,250000,165133,2477000
1991-02,TAMPINES,3 ROOM,824,TAMPINES ST 81,67,NEW GENERATION,1988,28,34000,260000,135143,3784000
1992-05,TAMPINES,3 ROOM,825,TAMPINES ST 81,83,NEW GENERATION,1987,22,56000,218000,148216,3260750
1992-11,TAMPINES,3 ROOM,826,TAMPINES ST 81,83,NEW GENERATION,1987,22,50000,240000,154898,3407750
1991-11,TAMPINES,3 ROOM,827,TAMPINES ST 81,67,NEW GENERATION,1987,31,47000,228000,138919,4306500
1992-01,TAMPINES,3 ROOM,828,TAMPINES ST 81,67,NEW GENERATION,1987,23,47000,240000,134000,3082000
1991-06,TAMPINES,3 ROOM,829,TAMPINES ST 81,83,NEW GENERATION,1986,31,46000,253000,135671,4205800
1993-06,TAMPINES,4 ROOM,887,TAMPINES ST 81,104,MODEL A,1988,36,135000,508000,317269,11421700
1993-12,TAMPINES,5 ROOM,887A,TAMPINES ST 81,127,IMPROVED,1988,10,178000,440000,302000,3020000
1993-09,TAMPINES,5 ROOM,888,TAMPINES ST 81,127,IMPROVED,1988,46,120000,495000,336576,15482500
1994-01,TAMPINES,4 ROOM,888A,TAMPINES ST 81,104,MODEL A,1989,41,180000,488000,344129,14109300
1993-11,TAMPINES,EXECUTIVE,889,TAMPINES ST 81,146,MAISONETTE,1989,75,320000,680000,464887,34866500
1993-12,TAMPINES,4 ROOM,889A,TAMPINES ST 81,104,MODEL A,1989,50,170000,483000,309000,15450000
1993-07,TAMPINES,EXECUTIVE,894,TAMPINES ST 81,146,MAISONETTE,1989,70,300000,650000,468309,32781600
1993-08,TAMPINES,3 ROOM,894A,TAMPINES ST 81,74,MODEL A,1988,64,59500,383000,213514,13664900
1992-05,TAMPINES,EXECUTIVE,895,TAMPINES ST 81,146,MAISONETTE,1988,55,260000,680000,461427,25378500
1993-09,TAMPINES,EXECUTIVE,895A,TAMPINES ST 81,142,APARTMENT,1988,47,300000,690000,470936,22134000
1993-08,TAMPINES,4 ROOM,896,TAMPINES ST 81,104,MODEL A,1988,58,150000,533000,323607,18769200
1993-09,TAMPINES,EXECUTIVE,896A,TAMPINES ST 81,149,MAISONETTE,1988,43,325000,608000,469174,20174500
1991-10,TAMPINES,4 ROOM,897,TAMPINES ST 81,104,MODEL A,1988,38,89400,480000,319616,12145400
1993-06,TAMPINES,3 ROOM,897A,TAMPINES ST 81,74,MODEL A,1988,73,67000,375000,213595,15592400
1992-11,TAMPINES,3 ROOM,898,TAMPINES ST 81,74,MODEL A,1988,53,44000,393000,206930,10967300
1993-05,TAMPINES,4 ROOM,898A,TAMPINES ST 81,104,MODEL A,1988,45,132000,518000,335033,15076500
1993-05,TAMPINES,4 ROOM,899,TAMPINES ST 81,103,MODEL A,1988,53,97000,391000,222113,11772000
1993-08,TAMPINES,3 ROOM,899A,TAMPINES ST 81,74,MODEL A,1988,55,75000,360000,214618,11804000
1990-10,TAMPINES,3 ROOM,830,TAMPINES ST 82,64,SIMPLIFIED,1986,51,33000,270000,151404,7721600
1990-01,TAMPINES,4 ROOM,832,TAMPINES ST 82,105,MODEL A,1984,45,50000,378000,210644,9479000
1993-12,TAMPINES,3 ROOM,834,TAMPINES ST 82,70,SIMPLIFIED,1985,13,84000,290000,197385,2566000
1991-05,TAMPINES,4 ROOM,836,TAMPINES ST 82,84,SIMPLIFIED,1985,71,64200,396250,227408,16145950
1990-01,TAMPINES,4 ROOM,838,TAMPINES ST 82,104,MODEL A,1985,70,57000,365000,211311,14791800
1991-01,TAMPINES,4 ROOM,840,TAMPINES ST 82,84,SIMPLIFIED,1986,86,46000,505000,245517,21114500
1990-08,TAMPINES,5 ROOM,842,TAMPINES ST 82,122,IMPROVED,1986,94,48000,480000,245289,23057139
1999-01,TAMPINES,4 ROOM,842B,TAMPINES ST 82,107,MODEL A,1995,44,263000,470000,354120,15581300
1999-01,TAMPINES,5 ROOM,842C,TAMPINES ST 82,131,MODEL A,1995,25,263000,492000,363320,9083000
1994-09,TAMPINES,5 ROOM,842D,TAMPINES ST 82,137,MODEL A,1995,25,270000,520000,366120,9153000
1995-09,TAMPINES,5 ROOM,842E,TAMPINES ST 82,133,MODEL A,1995,19,265000,441000,381211,7243000
1999-03,TAMPINES,4 ROOM,842F,TAMPINES ST 82,108,MODEL A,1995,18,278000,410000,348883,6279888
1999-05,TAMPINES,4 ROOM,842G,TAMPINES ST 82,108,MODEL A,1995,51,276000,491000,344817,17585688
1999-03,TAMPINES,4 ROOM,842H,TAMPINES ST 82,106,MODEL A,1995,34,268500,418000,345526,11747888
1991-11,TAMPINES,3 ROOM,844,TAMPINES ST 82,64,SIMPLIFIED,1985,11,41000,293000,129045,1419500
1991-02,TAMPINES,3 ROOM,846,TAMPINES ST 82,74,MODEL A,1986,75,48000,388000,189980,14248500
1990-02,TAMPINES,3 ROOM,848,TAMPINES ST 82,74,MODEL A,1985,80,45000,363000,177476,14198080
1993-03,TAMPINES,3 ROOM,850,TAMPINES ST 82,64,SIMPLIFIED,1986,20,43300,330000,172940,3458800
1990-07,TAMPINES,3 ROOM,852,TAMPINES ST 82,74,MODEL A,1985,88,48000,380000,175870,15476600
1990-06,TAMPINES,3 ROOM,854,TAMPINES ST 82,74,MODEL A,1985,84,55000,361000,178393,14985000
1990-10,TAMPINES,5 ROOM,856,TAMPINES ST 82,122,IMPROVED,1986,95,47000,520000,253001,24035080
1995-11,TAMPINES,EXECUTIVE,856B,TAMPINES ST 82,145,APARTMENT,1995,38,446000,580000,496529,18868100
1999-01,TAMPINES,EXECUTIVE,856C,TAMPINES ST 82,148,MAISONETTE,1995,37,428000,530000,481770,17825500
1999-03,TAMPINES,EXECUTIVE,856D,TAMPINES ST 82,151,APARTMENT,1995,31,461000,600000,495694,15366500
1995-12,TAMPINES,EXECUTIVE,856E,TAMPINES ST 82,151,APARTMENT,1995,22,456000,605000,521886,11481500
1999-04,TAMPINES,EXECUTIVE,856F,TAMPINES ST 82,147,APARTMENT,1995,23,410000,560000,492957,11338000
1990-02,TAMPINES,3 ROOM,831,TAMPINES ST 83,64,SIMPLIFIED,1986,41,40300,305000,144376,5919400
1990-02,TAMPINES,4 ROOM,833,TAMPINES ST 83,84,SIMPLIFIED,1985,48,55000,380000,218248,10475880
1991-07,TAMPINES,3 ROOM,835,TAMPINES ST 83,64,SIMPLIFIED,1986,12,31000,250000,139875,1678500
1990-05,TAMPINES,4 ROOM,837,TAMPINES ST 83,105,MODEL A,1985,65,55000,381000,214982,13973800
1990-01,TAMPINES,4 ROOM,839,TAMPINES ST 83,104,MODEL A,1985,76,52000,345000,213288,16209900
1991-03,TAMPINES,4 ROOM,841,TAMPINES ST 83,103,MODEL A,1986,107,48000,475000,231629,24784300
1991-06,TAMPINES,5 ROOM,843,TAMPINES ST 83,122,IMPROVED,1988,96,46500,480000,253508,24336800
1991-04,TAMPINES,4 ROOM,845,TAMPINES ST 83,105,MODEL A,1987,65,60000,344000,191840,12469600
1991-02,TAMPINES,4 ROOM,847,TAMPINES ST 83,105,MODEL A,1987,73,44000,385000,191336,13967500
1991-09,TAMPINES,4 ROOM,849,TAMPINES ST 83,88,SIMPLIFIED,1987,19,30000,285000,157342,2989500
1991-04,TAMPINES,4 ROOM,851,TAMPINES ST 83,105,MODEL A,1987,60,45000,350000,182317,10939000
1991-01,TAMPINES,4 ROOM,853,TAMPINES ST 83,104,MODEL A,1987,74,57000,381000,196584,14547200
1991-10,TAMPINES,4 ROOM,855,TAMPINES ST 83,84,SIMPLIFIED,1987,86,51000,495000,271108,23315260
1990-05,TAMPINES,EXECUTIVE,857,TAMPINES ST 83,146,MAISONETTE,1988,51,160000,710000,437980,22337000
1992-11,TAMPINES,5 ROOM,857A,TAMPINES ST 83,127,IMPROVED,1987,17,140000,452000,289588,4923000
1992-09,TAMPINES,4 ROOM,857B,TAMPINES ST 83,111,MODEL A,1987,10,85000,394800,275630,2756300
1992-08,TAMPINES,4 ROOM,862,TAMPINES ST 83,104,MODEL A,1988,46,112000,420000,293272,13490500
1992-08,TAMPINES,5 ROOM,862A,TAMPINES ST 83,127,IMPROVED,1988,53,75000,432000,293279,15543800
1992-08,TAMPINES,EXECUTIVE,863,TAMPINES ST 83,154,MAISONETTE,1988,56,210000,620000,443589,24841000
1993-06,TAMPINES,5 ROOM,863A,TAMPINES ST 83,122,IMPROVED,1988,12,168000,405000,270000,3240000
1993-04,TAMPINES,4 ROOM,863B,TAMPINES ST 83,104,MODEL A,1988,9,95000,498000,322889,2906000
1993-05,TAMPINES,5 ROOM,864,TAMPINES ST 83,122,IMPROVED,1988,65,111000,510000,309528,20119300
1992-08,TAMPINES,5 ROOM,864A,TAMPINES ST 83,127,IMPROVED,1988,55,110000,510000,317655,17471000
1994-03,TAMPINES,5 ROOM,865,TAMPINES ST 83,121,IMPROVED,1989,38,186000,488000,302711,11503000
1994-04,TAMPINES,4 ROOM,866,TAMPINES ST 83,103,MODEL A,1989,49,185000,498000,311041,15241000
1994-01,TAMPINES,5 ROOM,867,TAMPINES ST 83,121,IMPROVED,1989,59,170000,476000,310068,18294000
1993-03,TAMPINES,EXECUTIVE,867A,TAMPINES ST 83,149,MAISONETTE,1989,48,240000,650000,465448,22341500
1993-12,TAMPINES,5 ROOM,868,TAMPINES ST 83,121,IMPROVED,1989,70,170000,485000,302391,21167400
1994-01,TAMPINES,4 ROOM,869,TAMPINES ST 83,104,MODEL A,1989,54,150000,460000,311676,16830500
1994-01,TAMPINES,4 ROOM,870,TAMPINES ST 83,104,MODEL A,1989,50,168000,442000,303028,15151388
1992-06,TAMPINES,3 ROOM,884,TAMPINES ST 83,74,MODEL A,1988,71,60000,362000,209669,14886500
1992-06,TAMPINES,4 ROOM,885,TAMPINES ST 83,103,MODEL A,1987,68,60000,415000,230281,15659100
1993-04,TAMPINES,5 ROOM,886,TAMPINES ST 83,122,IMPROVED,1988,36,128000,473000,296639,10679000
1993-08,TAMPINES,5 ROOM,886A,TAMPINES ST 83,122,IMPROVED,1988,12,160000,440000,280750,3369000
1993-04,TAMPINES,5 ROOM,871,TAMPINES ST 84,121,IMPROVED,1988,57,116000,511000,299246,17057000
1993-12,TAMPINES,4 ROOM,871A,TAMPINES ST 84,113,MODEL A,1989,50,175000,490000,310822,15541100
1994-02,TAMPINES,5 ROOM,872,TAMPINES ST 84,121,IMPROVED,1988,52,173000,460000,309744,16106688
1993-12,TAMPINES,5 ROOM,873,TAMPINES ST 84,121,IMPROVED,1988,63,160000,475000,300810,18951000
1993-10,TAMPINES,4 ROOM,874,TAMPINES ST 84,104,MODEL A,1989,62,90000,450000,300548,18634000
1993-12,TAMPINES,EXECUTIVE,874A,TAMPINES ST 84,142,APARTMENT,1989,37,300000,640000,472324,17476000
1993-07,TAMPINES,4 ROOM,875,TAMPINES ST 84,103,MODEL A,1988,45,80000,372000,205200,9234000
1993-05,TAMPINES,4 ROOM,876,TAMPINES ST 84,104,MODEL A,1988,41,90000,460000,315454,12933598
1993-03,TAMPINES,4 ROOM,877,TAMPINES ST 84,104,MODEL A,1988,50,75000,360000,194440,9722000
1992-06,TAMPINES,4 ROOM,881,TAMPINES ST 84,107,MODEL A,1988,58,93000,375000,222350,12896300
1992-06,TAMPINES,5 ROOM,882,TAMPINES ST 84,122,IMPROVED,1986,36,109000,490000,315175,11346300
1992-03,TAMPINES,4 ROOM,883,TAMPINES ST 84,103,MODEL A,1988,59,50000,385000,210500,12419500
1990-01,TAMPINES,4 ROOM,910,TAMPINES ST 91,104,MODEL A,1984,64,64000,382000,248375,15896000
1990-04,TAMPINES,4 ROOM,911,TAMPINES ST 91,104,MODEL A,1984,64,70000,380000,247625,15848000
1990-01,TAMPINES,5 ROOM,912,TAMPINES ST 91,133,MODEL A,1984,73,65000,550000,313841,22910400
1990-01,TAMPINES,4 ROOM,913,TAMPINES ST 91,104,MODEL A,1984,26,80000,330000,205165,5334300
1990-01,TAMPINES,3 ROOM,914,TAMPINES ST 91,80,MODEL A,1984,100,52000,370000,182137,18213688
1990-04,TAMPINES,4 ROOM,915,TAMPINES ST 91,105,MODEL A,1984,67,43000,366000,184527,12363300
1990-02,TAMPINES,4 ROOM,916,TAMPINES ST 91,103,MODEL A,1984,90,80000,392000,239662,21569540
1990-02,TAMPINES,4 ROOM,921,TAMPINES ST 91,103,MODEL A,1984,70,70000,365000,246352,17244628
1990-03,TAMPINES,5 ROOM,922,TAMPINES ST 91,134,MODEL A,1984,74,115500,500000,332017,24569276
1990-01,TAMPINES,3 ROOM,924,TAMPINES ST 91,73,MODEL A,1983,65,43000,395000,187700,12200500
1990-01,TAMPINES,3 ROOM,925,TAMPINES ST 91,73,MODEL A,1983,73,50000,350000,182048,13289500
1990-03,TAMPINES,5 ROOM,926,TAMPINES ST 91,133,MODEL A,1983,48,80000,485000,301673,14480300
1993-07,TAMPINES,4 ROOM,927,TAMPINES ST 91,109,MODEL A,1984,16,150000,358000,252375,4038000
1990-01,TAMPINES,4 ROOM,928,TAMPINES ST 91,109,MODEL A,1984,30,90000,382000,241443,7243300
1990-10,TAMPINES,3 ROOM,929,TAMPINES ST 91,73,MODEL A,1984,62,44000,365000,184350,11429688
1990-04,TAMPINES,3 ROOM,930,TAMPINES ST 91,73,MODEL A,1984,93,45000,370000,177683,16524500
1990-04,TAMPINES,4 ROOM,931,TAMPINES ST 91,102,MODEL A,1984,16,89000,323000,221125,3538000
1990-02,TAMPINES,5 ROOM,932,TAMPINES ST 91,132,MODEL A,1985,65,74000,550000,293028,19046820
1990-03,TAMPINES,4 ROOM,933,TAMPINES ST 91,104,MODEL A,1985,63,79500,375000,234953,14802008
1990-02,TAMPINES,4 ROOM,934,TAMPINES ST 91,106,MODEL A,1985,53,85000,388000,253321,13426000
1990-03,TAMPINES,4 ROOM,935,TAMPINES ST 91,103,MODEL A,1984,68,63100,385000,253660,17248900
1990-01,QUEENSTOWN,3 ROOM,24,TANGLIN HALT RD,52,STANDARD,1983,62,17000,210000,76265,4728450
1990-01,QUEENSTOWN,3 ROOM,25,TANGLIN HALT RD,52,STANDARD,1969,71,14000,169000,79782,5664500
1990-01,QUEENSTOWN,2 ROOM,26,TANGLIN HALT RD,46,STANDARD,1973,57,15500,194000,79802,4548700
1990-03,QUEENSTOWN,3 ROOM,27,TANGLIN HALT RD,56,STANDARD,1973,54,14000,181000,78635,4246279
1990-01,QUEENSTOWN,3 ROOM,28,TANGLIN HALT RD,56,STANDARD,1970,70,13500,215000,86953,6086700
1990-04,QUEENSTOWN,2 ROOM,29,TANGLIN HALT RD,39,STANDARD,1970,59,13500,195000,92943,5483640
1990-03,QUEENSTOWN,3 ROOM,30,TANGLIN HALT RD,66,STANDARD,1973,50,13500,190000,80901,4045050
1990-01,QUEENSTOWN,2 ROOM,31,TANGLIN HALT RD,42,STANDARD,1973,73,13500,185000,74551,5442200
1990-01,QUEENSTOWN,3 ROOM,32,TANGLIN HALT RD,52,STANDARD,1970,62,18000,185000,86007,5332450
1990-01,QUEENSTOWN,2 ROOM,33,TANGLIN HALT RD,46,STANDARD,1971,73,14000,160000,73458,5362400
1990-03,QUEENSTOWN,2 ROOM,34,TANGLIN HALT RD,46,STANDARD,1971,66,13600,153000,70838,4675300
1990-01,QUEENSTOWN,3 ROOM,35,TANGLIN HALT RD,66,STANDARD,1973,57,13500,162000,76765,4375600
1990-01,QUEENSTOWN,2 ROOM,36,TANGLIN HALT RD,46,STANDARD,1971,73,13500,172000,78453,5727100
1990-03,QUEENSTOWN,2 ROOM,37,TANGLIN HALT RD,46,STANDARD,1971,60,15500,211000,77176,4630540
1990-01,QUEENSTOWN,2 ROOM,38,TANGLIN HALT RD,46,STANDARD,1971,67,14000,195000,78017,5227150
1990-04,QUEENSTOWN,2 ROOM,40,TANGLIN HALT RD,46,STANDARD,1971,73,13500,166000,76577,5590140
1990-05,QUEENSTOWN,3 ROOM,41,TANGLIN HALT RD,56,STANDARD,1971,64,15000,175000,76927,4923300
1990-05,QUEENSTOWN,2 ROOM,42,TANGLIN HALT RD,46,STANDARD,1973,71,13500,179000,80669,5727500
1990-01,QUEENSTOWN,2 ROOM,43,TANGLIN HALT RD,46,STANDARD,1971,63,14000,165000,77594,4888400
1990-03,QUEENSTOWN,2 ROOM,44,TANGLIN HALT RD,46,STANDARD,1973,49,13500,180000,82861,4060200
1990-04,QUEENSTOWN,2 ROOM,45,TANGLIN HALT RD,46,STANDARD,1971,76,13600,172500,80416,6111600
1990-09,QUEENSTOWN,3 ROOM,51,TANGLIN HALT RD,53,STANDARD,1969,8,20000,145000,95625,765000
1990-01,QUEENSTOWN,3 ROOM,52,TANGLIN HALT RD,50,STANDARD,1967,72,13500,160000,80049,5763500
1990-01,QUEENSTOWN,2 ROOM,53,TANGLIN HALT RD,40,STANDARD,1969,61,13500,180000,81248,4956100
1990-01,QUEENSTOWN,2 ROOM,54,TANGLIN HALT RD,40,STANDARD,1969,75,13500,178000,79868,5990100
1990-02,JURONG WEST,3 ROOM,113,TAO CHING RD,76,IMPROVED,1971,86,22500,175000,94947,8165400
1990-01,JURONG EAST,3 ROOM,10,TEBAN GDNS RD,77,IMPROVED,1978,57,25000,285000,113047,6443700
1990-03,JURONG EAST,3 ROOM,13,TEBAN GDNS RD,74,IMPROVED,1978,58,26500,317000,109445,6347800
1990-02,JURONG EAST,3 ROOM,14,TEBAN GDNS RD,74,IMPROVED,1978,43,25000,175000,94784,4075700
1990-01,JURONG EAST,3 ROOM,21,TEBAN GDNS RD,74,IMPROVED,1978,54,23500,400000,103694,5599470
1998-02,JURONG EAST,4 ROOM,24,TEBAN GDNS RD,107,MODEL A,1993,37,216000,276000,239359,8856300
1996-04,JURONG EAST,4 ROOM,25,TEBAN GDNS RD,107,MODEL A,1993,36,209000,280800,241389,8689988
1990-01,JURONG EAST,3 ROOM,3,TEBAN GDNS RD,74,IMPROVED,1977,59,23000,356000,105834,6244200
1990-08,JURONG EAST,4 ROOM,30,TEBAN GDNS RD,99,NEW GENERATION,1981,43,59000,273300,191949,8253800
1990-02,JURONG EAST,4 ROOM,31,TEBAN GDNS RD,99,NEW GENERATION,1981,53,45000,303000,168883,8950800
1990-03,JURONG EAST,4 ROOM,32,TEBAN GDNS RD,99,NEW GENERATION,1981,46,54000,300000,183402,8436500
1990-01,JURONG EAST,3 ROOM,33,TEBAN GDNS RD,77,IMPROVED,1977,65,25000,300000,102166,6640800
1990-04,JURONG EAST,3 ROOM,34,TEBAN GDNS RD,77,IMPROVED,1977,73,25000,368000,114212,8337500
1990-05,JURONG EAST,3 ROOM,35,TEBAN GDNS RD,74,IMPROVED,1977,80,24000,336000,111684,8934700
1990-05,JURONG EAST,3 ROOM,36,TEBAN GDNS RD,77,IMPROVED,1977,61,24000,378000,110932,6766830
1990-01,JURONG EAST,3 ROOM,40,TEBAN GDNS RD,74,IMPROVED,1978,42,24000,400000,105630,4436460
1990-03,JURONG EAST,4 ROOM,41,TEBAN GDNS RD,99,NEW GENERATION,1981,48,64000,285000,191333,9184000
1991-07,JURONG EAST,4 ROOM,43,TEBAN GDNS RD,93,NEW GENERATION,1985,57,38000,300000,153677,8759600
1990-07,JURONG EAST,4 ROOM,44,TEBAN GDNS RD,98,NEW GENERATION,1985,48,35900,285000,138900,6667200
1991-12,JURONG EAST,EXECUTIVE,45,TEBAN GDNS RD,152,MAISONETTE,1986,14,170000,530000,336857,4716000
1990-02,JURONG EAST,EXECUTIVE,46,TEBAN GDNS RD,152,MAISONETTE,1986,15,170000,540000,345100,5176500
1990-06,JURONG EAST,4 ROOM,47,TEBAN GDNS RD,93,NEW GENERATION,1985,52,41500,290000,137427,7146200
1990-05,JURONG EAST,4 ROOM,48,TEBAN GDNS RD,93,NEW GENERATION,1985,57,47500,283000,153428,8745388
1993-11,JURONG EAST,4 ROOM,49,TEBAN GDNS RD,83,SIMPLIFIED,1986,7,85500,252000,145643,1019500
1990-01,JURONG EAST,3 ROOM,5,TEBAN GDNS RD,74,IMPROVED,1977,54,25000,288000,109139,5893500
1991-03,JURONG EAST,EXECUTIVE,50,TEBAN GDNS RD,146,MAISONETTE,1986,40,160000,550000,376550,15062000
1991-05,JURONG EAST,EXECUTIVE,51,TEBAN GDNS RD,146,MAISONETTE,1986,45,160000,520000,348489,15682000
1991-04,JURONG EAST,4 ROOM,52,TEBAN GDNS RD,83,SIMPLIFIED,1987,54,62000,395000,205978,11122800
1991-03,JURONG EAST,5 ROOM,53,TEBAN GDNS RD,121,IMPROVED,1986,64,61000,435000,213648,13673500
1991-08,JURONG EAST,3 ROOM,54,TEBAN GDNS RD,64,SIMPLIFIED,1986,19,36500,225000,143426,2725100
1990-04,JURONG EAST,3 ROOM,6,TEBAN GDNS RD,77,IMPROVED,1977,66,23500,398000,101768,6716700
1990-03,JURONG EAST,3 ROOM,7,TEBAN GDNS RD,77,IMPROVED,1977,45,23400,363000,106298,4783400
1990-01,CHOA CHU KANG,3 ROOM,1,TECK WHYE AVE,74,MODEL A,1984,60,42500,318000,146018,8761100
1990-01,CHOA CHU KANG,3 ROOM,10,TECK WHYE AVE,67,NEW GENERATION,1978,97,30000,280000,109297,10601780
1990-02,CHOA CHU KANG,3 ROOM,2,TECK WHYE AVE,74,MODEL A,1984,95,45000,302000,147407,14003700
1990-07,CHOA CHU KANG,3 ROOM,3,TECK WHYE AVE,74,MODEL A,1984,66,40800,297000,150880,9958100
1990-01,CHOA CHU KANG,3 ROOM,4,TECK WHYE AVE,74,MODEL A,1984,55,45000,320000,136289,7495900
1990-07,CHOA CHU KANG,3 ROOM,5,TECK WHYE AVE,74,MODEL A,1984,65,41000,318000,138183,8981900
1990-02,CHOA CHU KANG,3 ROOM,6,TECK WHYE AVE,74,MODEL A,1984,63,44500,300000,126283,7955800
1992-02,CHOA CHU KANG,5 ROOM,7,TECK WHYE AVE,132,MODEL A,1984,44,127000,490000,299682,13186000
1990-02,CHOA CHU KANG,4 ROOM,8,TECK WHYE AVE,92,NEW GENERATION,1978,54,50000,260000,171148,9242000
1994-02,CHOA CHU KANG,EXECUTIVE,101,TECK WHYE LANE,142,APARTMENT,1989,27,300000,540000,422741,11414000
1994-01,CHOA CHU KANG,4 ROOM,102,TECK WHYE LANE,104,MODEL A,1989,36,148000,430000,265361,9553000
1993-12,CHOA CHU KANG,5 ROOM,103,TECK WHYE LANE,121,IMPROVED,1989,40,160000,384000,264512,10580500
1994-02,CHOA CHU KANG,4 ROOM,104,TECK WHYE LANE,106,MODEL A,1989,31,157000,390000,255355,7916000
1993-11,CHOA CHU KANG,4 ROOM,105,TECK WHYE LANE,103,MODEL A,1989,77,75000,294000,183534,14132100
1994-02,CHOA CHU KANG,3 ROOM,106,TECK WHYE LANE,73,MODEL A,1989,53,85000,307000,173220,9180680
1994-01,CHOA CHU KANG,EXECUTIVE,107,TECK WHYE LANE,150,MAISONETTE,1989,33,315000,580000,403663,13320888
1993-11,CHOA CHU KANG,EXECUTIVE,108,TECK WHYE LANE,146,MAISONETTE,1989,49,288000,620000,429706,21055577
1993-12,CHOA CHU KANG,EXECUTIVE,109,TECK WHYE LANE,154,MAISONETTE,1989,46,290000,615000,403365,18554800
1990-08,CHOA CHU KANG,4 ROOM,11,TECK WHYE LANE,99,NEW GENERATION,1978,43,52000,260000,148923,6403700
1993-03,CHOA CHU KANG,3 ROOM,110,TECK WHYE LANE,73,MODEL A,1989,63,70000,320000,187703,11825300
1993-11,CHOA CHU KANG,4 ROOM,111,TECK WHYE LANE,103,MODEL A,1989,48,90000,290000,174554,8378600
1993-11,CHOA CHU KANG,4 ROOM,112,TECK WHYE LANE,104,MODEL A,1989,30,139000,438000,283467,8504000
1994-05,CHOA CHU KANG,5 ROOM,113,TECK WHYE LANE,121,IMPROVED,1989,53,155000,405000,259440,13750300
1993-09,CHOA CHU KANG,4 ROOM,114,TECK WHYE LANE,103,MODEL A,1989,59,89000,317000,188283,11108700
1993-09,CHOA CHU KANG,3 ROOM,115,TECK WHYE LANE,73,MODEL A,1989,41,67000,310000,185678,7612800
1993-11,CHOA CHU KANG,5 ROOM,116,TECK WHYE LANE,121,IMPROVED,1988,34,185000,415000,280535,9538200
1993-12,CHOA CHU KANG,4 ROOM,117,TECK WHYE LANE,106,MODEL A,1989,25,150000,420000,266752,6668800
1994-01,CHOA CHU KANG,4 ROOM,118,TECK WHYE LANE,106,MODEL A,1989,39,100000,415000,273092,10650600
1994-04,CHOA CHU KANG,4 ROOM,119,TECK WHYE LANE,104,MODEL A,1989,25,158000,425000,302871,7571768
1990-10,CHOA CHU KANG,5 ROOM,12,TECK WHYE LANE,119,IMPROVED,1979,56,80000,433000,282821,15838000
1994-01,CHOA CHU KANG,EXECUTIVE,120,TECK WHYE LANE,146,MAISONETTE,1989,45,300000,565000,411656,18524500
1993-10,CHOA CHU KANG,4 ROOM,121,TECK WHYE LANE,104,MODEL A,1989,41,138000,358000,267805,10980000
1993-11,CHOA CHU KANG,5 ROOM,122,TECK WHYE LANE,121,IMPROVED,1989,39,160000,390000,271854,10602300
1992-01,CHOA CHU KANG,5 ROOM,123,TECK WHYE LANE,121,IMPROVED,1989,37,89500,420000,265381,9819100
1994-02,CHOA CHU KANG,4 ROOM,124,TECK WHYE LANE,103,MODEL A,1989,37,165000,412000,271000,10027000
1990-01,CHOA CHU KANG,5 ROOM,13,TECK WHYE LANE,119,IMPROVED,1979,72,80000,412000,275811,19858388
1994-10,CHOA CHU KANG,EXECUTIVE,133,TECK WHYE LANE,145,APARTMENT,1993,20,387000,580000,466565,9331300
1996-11,CHOA CHU KANG,EXECUTIVE,134,TECK WHYE LANE,146,APARTMENT,1993,18,383000,590000,448711,8076800
1994-05,CHOA CHU KANG,4 ROOM,135,TECK WHYE LANE,105,MODEL A,1989,7,180000,313000,254143,1779000
1996-07,CHOA CHU KANG,5 ROOM,136,TECK WHYE LANE,127,IMPROVED,1989,12,210000,430000,287750,3453000
1994-07,CHOA CHU KANG,5 ROOM,137,TECK WHYE LANE,125,IMPROVED,1989,29,186000,420000,291717,8459800
1990-02,CHOA CHU KANG,5 ROOM,14,TECK WHYE LANE,119,IMPROVED,1979,69,98000,410000,266681,18401000
1994-05,CHOA CHU KANG,5 ROOM,141,TECK WHYE LANE,123,IMPROVED,1989,23,155000,400000,298522,6865998
1993-10,CHOA CHU KANG,4 ROOM,142,TECK WHYE LANE,113,MODEL A,1989,18,100000,425000,278328,5009900
1992-11,CHOA CHU KANG,4 ROOM,144,TECK WHYE LANE,103,MODEL A,1988,16,95000,415000,293969,4703500
1990-04,CHOA CHU KANG,4 ROOM,15,TECK WHYE LANE,92,NEW GENERATION,1979,63,47000,268000,162732,10252140
1990-01,CHOA CHU KANG,3 ROOM,16,TECK WHYE LANE,67,NEW GENERATION,1979,90,33000,250000,116083,10447500
1990-04,CHOA CHU KANG,4 ROOM,17,TECK WHYE LANE,92,NEW GENERATION,1981,75,60000,266000,170551,12791300
1995-07,CHOA CHU KANG,5 ROOM,18,TECK WHYE LANE,139,MODEL A,1990,23,300000,471000,359565,8270000
1990-02,CHOA CHU KANG,3 ROOM,19,TECK WHYE LANE,68,NEW GENERATION,1981,82,30000,260000,117722,9653200
1990-03,CHOA CHU KANG,4 ROOM,20,TECK WHYE LANE,91,NEW GENERATION,1981,58,50000,275000,178659,10362250
1990-07,CHOA CHU KANG,4 ROOM,25,TECK WHYE LANE,92,NEW GENERATION,1979,57,64000,263000,169623,9668500
1990-01,CHOA CHU KANG,4 ROOM,26,TECK WHYE LANE,99,NEW GENERATION,1979,101,30000,229000,114441,11558580
1990-03,BUKIT MERAH,3 ROOM,1,TELOK BLANGAH CRES,66,IMPROVED,1983,53,40000,225000,120562,6389800
1990-06,BUKIT MERAH,3 ROOM,10,TELOK BLANGAH CRES,59,IMPROVED,1975,30,40000,239000,119800,3594000
1990-01,BUKIT MERAH,3 ROOM,12,TELOK BLANGAH CRES,59,IMPROVED,1975,56,40000,235000,121852,6823700
1990-01,BUKIT MERAH,3 ROOM,13,TELOK BLANGAH CRES,76,IMPROVED,1975,72,42000,214000,113090,8142500
1990-04,BUKIT MERAH,3 ROOM,15,TELOK BLANGAH CRES,76,IMPROVED,1975,59,38000,218000,121719,7181400
1990-01,BUKIT MERAH,3 ROOM,16,TELOK BLANGAH CRES,65,IMPROVED,1975,79,35000,230000,124327,9821800
1990-01,BUKIT MERAH,3 ROOM,18,TELOK BLANGAH CRES,65,IMPROVED,1975,49,42500,209000,118357,5799500
1990-04,BUKIT MERAH,3 ROOM,20,TELOK BLANGAH CRES,70,IMPROVED,1975,70,40000,215000,117298,8210888
1990-03,BUKIT MERAH,3 ROOM,21,TELOK BLANGAH CRES,65,IMPROVED,1975,54,32500,231000,113731,6141500
1990-04,BUKIT MERAH,3 ROOM,22,TELOK BLANGAH CRES,59,IMPROVED,1975,56,37000,216000,120482,6747000
1990-04,BUKIT MERAH,4 ROOM,23,TELOK BLANGAH CRES,82,IMPROVED,1975,42,82500,320000,228305,9588800
1990-04,BUKIT MERAH,4 ROOM,24,TELOK BLANGAH CRES,82,IMPROVED,1975,30,60000,339980,216643,6499280
1990-02,BUKIT MERAH,5 ROOM,25,TELOK BLANGAH CRES,114,STANDARD,1975,31,100000,510000,321181,9956600
1990-04,BUKIT MERAH,5 ROOM,26,TELOK BLANGAH CRES,117,STANDARD,1975,42,110000,525000,330917,13898500
1990-01,BUKIT MERAH,3 ROOM,5,TELOK BLANGAH CRES,75,IMPROVED,1983,53,40000,192000,117187,6210900
1990-03,BUKIT MERAH,3 ROOM,6,TELOK BLANGAH CRES,65,IMPROVED,1975,51,44500,203000,126118,6432000
1990-01,BUKIT MERAH,1 ROOM,7,TELOK BLANGAH CRES,31,IMPROVED,1975,231,5000,80000,40434,9340200
1990-01,BUKIT MERAH,3 ROOM,8,TELOK BLANGAH CRES,59,IMPROVED,1975,18,40000,200000,108794,1958300
1990-01,BUKIT MERAH,3 ROOM,44,TELOK BLANGAH DR,65,IMPROVED,1976,66,32500,240000,130633,8621800
1990-01,BUKIT MERAH,3 ROOM,46,TELOK BLANGAH DR,65,IMPROVED,1976,7,45000,186000,120786,845500
1990-06,BUKIT MERAH,3 ROOM,47,TELOK BLANGAH DR,76,IMPROVED,1976,33,43000,228000,132152,4361001
1990-01,BUKIT MERAH,5 ROOM,48,TELOK BLANGAH DR,123,STANDARD,1976,39,125000,650000,392923,15324000
1990-06,BUKIT MERAH,5 ROOM,49,TELOK BLANGAH DR,123,STANDARD,1976,41,125000,650000,392107,16076400
1990-05,BUKIT MERAH,4 ROOM,50,TELOK BLANGAH DR,98,NEW GENERATION,1978,49,85000,376000,234629,11496800
1990-01,BUKIT MERAH,4 ROOM,51,TELOK BLANGAH DR,92,NEW GENERATION,1978,67,70000,370000,233631,15653300
1990-07,BUKIT MERAH,5 ROOM,52,TELOK BLANGAH DR,118,STANDARD,1978,43,125000,532000,354123,15227300
1990-07,BUKIT MERAH,5 ROOM,53,TELOK BLANGAH DR,118,STANDARD,1978,30,125000,535000,338567,10157000
1990-01,BUKIT MERAH,4 ROOM,54,TELOK BLANGAH DR,98,NEW GENERATION,1978,60,45000,303000,151533,9091980
1990-01,BUKIT MERAH,3 ROOM,55,TELOK BLANGAH DR,73,NEW GENERATION,1978,59,57000,352000,168802,9959300
1990-03,BUKIT MERAH,3 ROOM,64,TELOK BLANGAH DR,67,NEW GENERATION,1978,78,54000,338000,149308,11646000
1990-02,BUKIT MERAH,3 ROOM,65,TELOK BLANGAH DR,67,NEW GENERATION,1978,52,52000,285000,143419,7457800
1990-01,BUKIT MERAH,5 ROOM,66,TELOK BLANGAH DR,115,STANDARD,1978,39,125000,535000,348673,13598238
1990-06,BUKIT MERAH,5 ROOM,67,TELOK BLANGAH DR,120,STANDARD,1978,49,125000,550000,378915,18566828
1990-01,BUKIT MERAH,3 ROOM,75,TELOK BLANGAH DR,67,NEW GENERATION,1978,83,58000,329000,164258,13633388
1990-07,BUKIT MERAH,3 ROOM,77,TELOK BLANGAH DR,67,NEW GENERATION,1978,51,52000,352000,155843,7948000
1990-06,BUKIT MERAH,4 ROOM,56,TELOK BLANGAH HTS,91,NEW GENERATION,1976,52,93200,360000,238375,12395500
1990-01,BUKIT MERAH,4 ROOM,57,TELOK BLANGAH HTS,91,NEW GENERATION,1976,58,80000,358000,230991,13397500
1991-06,BUKIT MERAH,4 ROOM,58,TELOK BLANGAH HTS,91,NEW GENERATION,1976,46,75000,370000,223804,10295000
1990-04,BUKIT MERAH,4 ROOM,59,TELOK BLANGAH HTS,91,NEW GENERATION,1976,41,93000,350000,244829,10038000
1990-01,BUKIT MERAH,3 ROOM,60,TELOK BLANGAH HTS,67,NEW GENERATION,1976,111,47000,285000,147882,16414908
1990-03,BUKIT MERAH,4 ROOM,61,TELOK BLANGAH HTS,81,NEW GENERATION,1976,84,45000,312000,136461,11462700
1990-01,BUKIT MERAH,3 ROOM,62,TELOK BLANGAH HTS,73,NEW GENERATION,1976,77,44000,335000,156695,12065500
1990-01,BUKIT MERAH,3 ROOM,63,TELOK BLANGAH HTS,73,NEW GENERATION,1976,85,54000,345000,154335,13118500
1990-02,BUKIT MERAH,4 ROOM,68,TELOK BLANGAH HTS,91,NEW GENERATION,1978,43,92000,350000,236181,10155800
1990-01,BUKIT MERAH,4 ROOM,69,TELOK BLANGAH HTS,91,NEW GENERATION,1978,51,93000,370000,239833,12231500
1990-01,BUKIT MERAH,5 ROOM,72,TELOK BLANGAH HTS,117,STANDARD,1978,41,125000,565000,356159,14602500
1990-01,BUKIT MERAH,5 ROOM,73,TELOK BLANGAH HTS,117,STANDARD,1978,29,150000,530000,348276,10100000
1990-07,BUKIT MERAH,5 ROOM,74,TELOK BLANGAH HTS,117,STANDARD,1978,37,172000,545000,367941,13613800
1990-03,BUKIT MERAH,3 ROOM,28,TELOK BLANGAH RISE,59,IMPROVED,1976,66,45000,215000,124733,8232400
1990-04,BUKIT MERAH,3 ROOM,30,TELOK BLANGAH RISE,59,IMPROVED,1976,39,40000,220000,115413,4501100
1990-07,BUKIT MERAH,3 ROOM,31,TELOK BLANGAH RISE,59,IMPROVED,1976,45,45000,210000,107362,4831300
1990-12,BUKIT MERAH,3 ROOM,32,TELOK BLANGAH RISE,70,IMPROVED,1976,43,40000,222000,127767,5494000
1999-12,BUKIT MERAH,3 ROOM,35,TELOK BLANGAH RISE,60,IMPROVED,1976,1,121000,121000,121000,121000
1990-08,BUKIT MERAH,5 ROOM,37,TELOK BLANGAH RISE,117,STANDARD,1976,40,130000,512000,369900,14796000
1990-03,BUKIT MERAH,5 ROOM,39,TELOK BLANGAH RISE,114,STANDARD,1976,45,106000,530000,328426,14779188
1990-03,BUKIT MERAH,4 ROOM,40,TELOK BLANGAH RISE,82,IMPROVED,1976,63,65000,330000,212638,13396200
1990-01,BUKIT MERAH,3 ROOM,42,TELOK BLANGAH RISE,59,IMPROVED,1976,69,36000,203000,107394,7410200
1990-02,BUKIT MERAH,3 ROOM,43,TELOK BLANGAH RISE,59,IMPROVED,1976,55,40000,217000,118810,6534550
1990-05,BUKIT MERAH,4 ROOM,27,TELOK BLANGAH WAY,82,IMPROVED,1976,56,74000,330000,214327,12002300
1990-04,BUKIT MERAH,3 ROOM,33,TELOK BLANGAH WAY,59,IMPROVED,1976,60,33000,210000,117290,7037400
1990-01,BUKIT MERAH,4 ROOM,34,TELOK BLANGAH WAY,82,IMPROVED,1976,51,70000,330000,195951,9993500
1990-12,KALLANG/WHAMPOA,4 ROOM,683,TESSENSOHN RD,103,MODEL A,1986,49,92000,425000,285939,14011000
1990-03,CENTRAL AREA,3 ROOM,1,TG PAGAR PLAZA,59,IMPROVED,1977,44,53000,242000,161320,7098100
1990-02,CENTRAL AREA,3 ROOM,2,TG PAGAR PLAZA,70,IMPROVED,1977,74,42000,231000,142092,10514800
1990-04,CENTRAL AREA,3 ROOM,3,TG PAGAR PLAZA,59,IMPROVED,1977,56,45000,246000,143186,8018388
1990-10,CENTRAL AREA,3 ROOM,4,TG PAGAR PLAZA,70,IMPROVED,1977,46,55000,245000,152713,7024800
1990-03,CENTRAL AREA,3 ROOM,5,TG PAGAR PLAZA,70,IMPROVED,1977,58,47000,251000,158078,9168500
1990-02,CENTRAL AREA,4 ROOM,7,TG PAGAR PLAZA,83,IMPROVED,1980,34,86000,405000,252764,8593980
1990-08,CENTRAL AREA,4 ROOM,8,TG PAGAR PLAZA,83,IMPROVED,1980,36,100000,460000,297969,10726888
1990-11,BUKIT MERAH,4 ROOM,1,TIONG BAHRU RD,89,IMPROVED,1976,11,55000,375000,174727,1922000
1990-05,BUKIT MERAH,3 ROOM,142,TIONG BAHRU RD,68,IMPROVED,1972,26,50000,238000,136208,3541400
1995-10,BUKIT MERAH,3 ROOM,17,TIONG BAHRU RD,75,STANDARD,1973,5,181000,298000,244400,1222000
1990-03,BUKIT MERAH,3 ROOM,18,TIONG BAHRU RD,88,STANDARD,1973,6,53000,275000,164833,989000
1992-12,BUKIT MERAH,3 ROOM,20,TIONG BAHRU RD,88,STANDARD,1973,3,110000,245000,158333,475000
1997-08,BUKIT MERAH,3 ROOM,22,TIONG BAHRU RD,88,STANDARD,1973,2,230000,310000,270000,540000
1997-03,BUKIT MERAH,3 ROOM,24,TIONG BAHRU RD,88,STANDARD,1973,2,268000,285000,276500,553000
1993-10,BUKIT MERAH,3 ROOM,26,TIONG BAHRU RD,88,STANDARD,1973,6,105000,228000,188583,1131500
1994-03,BUKIT MERAH,3 ROOM,28,TIONG BAHRU RD,88,STANDARD,1973,2,134000,224800,179400,358800
1991-09,BUKIT MERAH,4 ROOM,3,TIONG BAHRU RD,89,IMPROVED,1976,6,75000,307000,207667,1246000
1992-10,BUKIT MERAH,4 ROOM,5,TIONG BAHRU RD,89,IMPROVED,1976,5,95000,200000,143000,715000
1992-09,BUKIT MERAH,4 ROOM,7,TIONG BAHRU RD,89,IMPROVED,1976,7,75000,274000,183429,1284000
1991-10,BUKIT MERAH,4 ROOM,9,TIONG BAHRU RD,89,IMPROVED,1976,5,100000,278000,155200,776000
1990-01,TOA PAYOH,3 ROOM,177,TOA PAYOH CTRL,67,IMPROVED,1972,35,34000,290000,143386,5018500
1990-03,TOA PAYOH,3 ROOM,178,TOA PAYOH CTRL,67,IMPROVED,1972,16,40000,236000,118919,1902700
1990-08,TOA PAYOH,4 ROOM,179,TOA PAYOH CTRL,84,IMPROVED,1974,35,70000,398000,277429,9710000
1990-03,TOA PAYOH,4 ROOM,183,TOA PAYOH CTRL,78,IMPROVED,1972,36,45000,330000,151036,5437300
1990-07,TOA PAYOH,3 ROOM,184,TOA PAYOH CTRL,64,IMPROVED,1972,9,46300,317000,174367,1569300
1990-04,TOA PAYOH,3 ROOM,185,TOA PAYOH CTRL,67,IMPROVED,1972,11,35000,220000,155436,1709800
1990-05,TOA PAYOH,3 ROOM,186,TOA PAYOH CTRL,64,IMPROVED,1972,18,42000,270000,142006,2556100
1990-02,TOA PAYOH,3 ROOM,79,TOA PAYOH CTRL,61,IMPROVED,1971,183,29000,325000,179311,32813968
1990-01,TOA PAYOH,3 ROOM,23,TOA PAYOH EAST,67,IMPROVED,1970,65,30000,203000,109497,7117300
1990-01,TOA PAYOH,3 ROOM,25,TOA PAYOH EAST,67,IMPROVED,1971,94,28600,205000,112478,10572900
1990-01,TOA PAYOH,3 ROOM,26,TOA PAYOH EAST,67,IMPROVED,1971,111,29000,210000,111636,12391600
1990-01,TOA PAYOH,3 ROOM,27,TOA PAYOH EAST,67,IMPROVED,1971,119,29000,202000,104778,12468640
1990-03,TOA PAYOH,3 ROOM,199,TOA PAYOH NTH,76,IMPROVED,1982,77,29000,227000,108582,8360800
1990-01,TOA PAYOH,4 ROOM,200,TOA PAYOH NTH,87,IMPROVED,1973,84,65000,328000,193156,16225088
1990-07,TOA PAYOH,4 ROOM,201,TOA PAYOH NTH,87,IMPROVED,1973,74,55000,325000,202889,15013750
1990-06,TOA PAYOH,4 ROOM,202,TOA PAYOH NTH,87,IMPROVED,1973,67,55000,334000,196081,13137400
1990-04,TOA PAYOH,3 ROOM,203,TOA PAYOH NTH,65,IMPROVED,1982,86,30000,235000,111851,9619150
1990-03,TOA PAYOH,4 ROOM,204,TOA PAYOH NTH,87,IMPROVED,1973,66,52000,328000,203102,13404750
1990-03,TOA PAYOH,3 ROOM,205,TOA PAYOH NTH,65,IMPROVED,1973,124,30000,230000,122296,15164740
1990-01,TOA PAYOH,3 ROOM,206,TOA PAYOH NTH,65,IMPROVED,1973,61,28800,209500,119984,7319000
1990-05,TOA PAYOH,3 ROOM,207,TOA PAYOH NTH,76,IMPROVED,1973,106,32000,224000,129922,13771700
1990-01,TOA PAYOH,4 ROOM,208,TOA PAYOH NTH,81,IMPROVED,1973,32,60000,340000,202795,6489450
1990-01,TOA PAYOH,4 ROOM,209,TOA PAYOH NTH,81,IMPROVED,1973,24,60000,310000,205542,4933000
1993-07,BUKIT TIMAH,5 ROOM,1,TOH YI DR,128,IMPROVED,1988,37,180000,548000,381661,14121450
1994-02,BUKIT TIMAH,EXECUTIVE,10,TOH YI DR,146,MAISONETTE,1989,19,380000,655000,498079,9463500
1994-03,BUKIT TIMAH,4 ROOM,11,TOH YI DR,104,MODEL A,1989,42,180000,552000,356579,14976300
1994-03,BUKIT TIMAH,4 ROOM,12,TOH YI DR,104,MODEL A,1989,30,207000,598000,363827,10914800
1993-10,BUKIT TIMAH,5 ROOM,13,TOH YI DR,122,IMPROVED,1988,48,200000,580000,363975,17470800
1993-06,BUKIT TIMAH,5 ROOM,14,TOH YI DR,122,IMPROVED,1988,45,208500,588000,363218,16344800
1993-06,BUKIT TIMAH,EXECUTIVE,15,TOH YI DR,146,MAISONETTE,1988,7,305000,650000,464571,3252000
1993-10,BUKIT TIMAH,4 ROOM,16,TOH YI DR,104,MODEL A,1988,31,210000,585000,369516,11454998
1993-05,BUKIT TIMAH,4 ROOM,17,TOH YI DR,104,MODEL A,1988,50,105000,518000,353576,17678800
1993-09,BUKIT TIMAH,3 ROOM,18,TOH YI DR,64,SIMPLIFIED,1989,11,123000,340000,222000,2442000
1994-04,BUKIT TIMAH,3 ROOM,19,TOH YI DR,64,SIMPLIFIED,1988,6,90000,277000,180667,1084000
1993-07,BUKIT TIMAH,EXECUTIVE,2,TOH YI DR,150,MAISONETTE,1988,31,350000,690000,497994,15437800
1993-05,BUKIT TIMAH,EXECUTIVE,3,TOH YI DR,146,MAISONETTE,1988,37,307000,705000,510694,18895688
1993-05,BUKIT TIMAH,4 ROOM,4,TOH YI DR,104,MODEL A,1988,48,160000,590000,351375,16866000
1994-04,BUKIT TIMAH,4 ROOM,5,TOH YI DR,104,MODEL A,1989,37,210000,598000,421554,15597500
1994-05,BUKIT TIMAH,EXECUTIVE,6,TOH YI DR,146,MAISONETTE,1989,49,370000,760000,555016,27195800
1992-10,BUKIT TIMAH,EXECUTIVE,7,TOH YI DR,142,APARTMENT,1989,28,300000,755000,552071,15458000
1994-03,BUKIT TIMAH,EXECUTIVE,8,TOH YI DR,146,MAISONETTE,1989,21,340000,650000,517905,10876000
1994-03,BUKIT TIMAH,5 ROOM,9,TOH YI DR,122,IMPROVED,1989,37,225000,602000,378878,14018500
1991-04,KALLANG/WHAMPOA,3 ROOM,101,TOWNER RD,74,MODEL A,1983,14,82000,297000,173500,2429000
1990-07,KALLANG/WHAMPOA,3 ROOM,102,TOWNER RD,74,MODEL A,1984,13,70000,285000,179885,2338500
1990-02,KALLANG/WHAMPOA,5 ROOM,103,TOWNER RD,138,MODEL A-MAISONETTE,1983,26,120000,545000,337477,8774400
1990-11,KALLANG/WHAMPOA,4 ROOM,104,TOWNER RD,109,MODEL A,1983,37,120000,605000,365165,13511100
1990-02,KALLANG/WHAMPOA,4 ROOM,105,TOWNER RD,105,MODEL A,1984,96,63000,435000,218032,20931100
1990-03,KALLANG/WHAMPOA,4 ROOM,106,TOWNER RD,109,MODEL A,1983,36,110000,600000,325417,11715000
1990-01,KALLANG/WHAMPOA,4 ROOM,107,TOWNER RD,105,MODEL A,1983,102,75000,418000,222186,22662988
1990-10,GEYLANG,4 ROOM,311,UBI AVE 1,84,SIMPLIFIED,1985,63,60000,468000,234228,14756379
1994-01,GEYLANG,4 ROOM,312,UBI AVE 1,84,SIMPLIFIED,1985,9,120000,283000,170667,1536000
1990-04,GEYLANG,4 ROOM,313,UBI AVE 1,104,MODEL A,1985,56,80000,358000,205141,11487900
1990-04,GEYLANG,4 ROOM,314,UBI AVE 1,104,MODEL A,1985,90,62000,344000,192757,17348100
1990-04,GEYLANG,4 ROOM,315,UBI AVE 1,104,MODEL A,1985,94,65000,360000,213736,20091200
1991-03,GEYLANG,3 ROOM,316,UBI AVE 1,64,SIMPLIFIED,1985,67,50000,320000,171369,11481700
1990-11,GEYLANG,4 ROOM,317,UBI AVE 1,89,SIMPLIFIED,1985,15,38000,278000,129600,1944000
1990-05,GEYLANG,4 ROOM,318,UBI AVE 1,84,SIMPLIFIED,1985,52,84000,330000,190138,9887200
1990-07,GEYLANG,4 ROOM,319,UBI AVE 1,89,SIMPLIFIED,1985,78,68000,385000,201936,15750988
1990-03,GEYLANG,4 ROOM,320,UBI AVE 1,84,SIMPLIFIED,1985,93,72000,365000,202971,18876286
1991-09,GEYLANG,3 ROOM,321,UBI AVE 1,64,SIMPLIFIED,1985,8,52000,248000,121875,975000
1990-10,GEYLANG,4 ROOM,322,UBI AVE 1,84,SIMPLIFIED,1985,50,69000,460000,254974,12748700
1990-03,GEYLANG,4 ROOM,323,UBI AVE 1,104,MODEL A,1985,91,62000,348000,190482,17333900
1990-04,GEYLANG,4 ROOM,324,UBI AVE 1,84,SIMPLIFIED,1985,74,64000,350000,200042,14803100
1991-01,GEYLANG,3 ROOM,325,UBI AVE 1,64,SIMPLIFIED,1985,14,55000,237000,151000,2114000
1990-12,GEYLANG,EXECUTIVE,326,UBI AVE 1,146,MAISONETTE,1986,59,200000,598000,392476,23156076
1990-07,GEYLANG,4 ROOM,327,UBI AVE 1,105,MODEL A,1985,85,70000,328000,207684,17653100
1991-05,GEYLANG,4 ROOM,328,UBI AVE 1,89,SIMPLIFIED,1985,6,70000,239000,161667,970000
1991-02,GEYLANG,4 ROOM,329,UBI AVE 1,84,SIMPLIFIED,1985,59,60000,465000,224551,13248500
1990-09,GEYLANG,4 ROOM,330,UBI AVE 1,84,SIMPLIFIED,1985,65,64000,465000,219655,14277600
1991-08,GEYLANG,EXECUTIVE,331,UBI AVE 1,152,MAISONETTE,1986,11,245000,595000,432727,4760000
1990-08,GEYLANG,EXECUTIVE,332,UBI AVE 1,152,MAISONETTE,1985,7,203000,542000,360571,2524000
1991-01,GEYLANG,EXECUTIVE,333,UBI AVE 1,152,MAISONETTE,1986,57,150000,640000,384540,21918799
1990-12,GEYLANG,EXECUTIVE,334,UBI AVE 1,146,MAISONETTE,1986,69,170000,600000,397556,27431388
1991-06,GEYLANG,EXECUTIVE,335,UBI AVE 1,152,MAISONETTE,1985,8,204000,605000,383250,3066000
1990-10,GEYLANG,4 ROOM,336,UBI AVE 1,83,SIMPLIFIED,1986,95,73000,428000,226105,21480000
1991-05,GEYLANG,5 ROOM,337,UBI AVE 1,121,IMPROVED,1985,12,139000,485000,273458,3281500
1990-08,GEYLANG,4 ROOM,338,UBI AVE 1,105,MODEL A,1986,84,85000,330000,204381,17168000
1990-08,GEYLANG,4 ROOM,339,UBI AVE 1,89,SIMPLIFIED,1986,84,63000,360000,200306,16825700
1992-07,GEYLANG,4 ROOM,340,UBI AVE 1,83,SIMPLIFIED,1986,10,82000,398000,265400,2654000
1990-08,GEYLANG,4 ROOM,341,UBI AVE 1,84,SIMPLIFIED,1985,91,79000,360000,211373,19234900
1992-08,GEYLANG,4 ROOM,342,UBI AVE 1,88,SIMPLIFIED,1985,10,62000,263000,158212,1582123
1990-02,GEYLANG,4 ROOM,343,UBI AVE 1,84,SIMPLIFIED,1986,83,75000,350000,207800,17247420
1990-08,GEYLANG,4 ROOM,344,UBI AVE 1,84,SIMPLIFIED,1985,64,75000,347000,209153,13385800
1990-08,GEYLANG,4 ROOM,345,UBI AVE 1,89,SIMPLIFIED,1985,18,86000,312000,185556,3340000
1990-10,GEYLANG,4 ROOM,346,UBI AVE 1,84,SIMPLIFIED,1986,53,63000,338000,209666,11112300
1990-09,GEYLANG,4 ROOM,347,UBI AVE 1,104,MODEL A,1986,81,64000,348000,210415,17043600
1990-09,GEYLANG,4 ROOM,348,UBI AVE 1,84,SIMPLIFIED,1986,98,70000,380000,204780,20068400
1990-03,GEYLANG,4 ROOM,349,UBI AVE 1,84,SIMPLIFIED,1986,81,65000,352000,196080,15882500
1991-04,GEYLANG,4 ROOM,350,UBI AVE 1,88,SIMPLIFIED,1985,7,81000,193000,121429,850000
1993-05,GEYLANG,4 ROOM,351,UBI AVE 1,104,MODEL A,1988,37,100000,428000,297000,10989000
1993-11,GEYLANG,5 ROOM,352,UBI AVE 1,127,IMPROVED,1989,60,165000,460000,291588,17495300
1996-07,TOA PAYOH,2 ROOM,1,UPP ALJUNIED LANE,52,STANDARD,1968,2,80000,97000,88500,177000
1990-12,TOA PAYOH,3 ROOM,2,UPP ALJUNIED LANE,57,STANDARD,1968,32,20000,163000,77462,2478800
1990-07,TOA PAYOH,3 ROOM,3,UPP ALJUNIED LANE,57,STANDARD,1968,35,19000,165500,84863,2970200
1990-05,TOA PAYOH,3 ROOM,4,UPP ALJUNIED LANE,57,STANDARD,1968,41,20000,184000,83415,3420000
1990-01,TOA PAYOH,3 ROOM,5,UPP ALJUNIED LANE,57,STANDARD,1968,34,18000,168000,91332,3105300
1990-08,KALLANG/WHAMPOA,3 ROOM,10,UPP BOON KENG RD,59,IMPROVED,1973,45,33000,203800,120909,5440900
1990-01,KALLANG/WHAMPOA,3 ROOM,11,UPP BOON KENG RD,65,IMPROVED,1974,103,33000,210000,122041,12570200
1990-01,KALLANG/WHAMPOA,3 ROOM,12,UPP BOON KENG RD,66,IMPROVED,1980,48,36000,206000,121525,5833200
1990-03,KALLANG/WHAMPOA,4 ROOM,15,UPP BOON KENG RD,88,IMPROVED,1975,64,60000,353000,187241,11983400
1990-01,KALLANG/WHAMPOA,3 ROOM,16,UPP BOON KENG RD,65,IMPROVED,1975,114,34000,215000,118082,13461400
1990-01,KALLANG/WHAMPOA,3 ROOM,20,UPP BOON KENG RD,59,IMPROVED,1975,95,38000,202000,120642,11461000
1990-04,KALLANG/WHAMPOA,5 ROOM,38,UPP BOON KENG RD,117,STANDARD,1976,48,100000,425000,262496,12599800
1990-01,KALLANG/WHAMPOA,5 ROOM,39,UPP BOON KENG RD,114,STANDARD,1976,53,100000,425000,275621,14607900
1990-02,KALLANG/WHAMPOA,3 ROOM,6,UPP BOON KENG RD,59,IMPROVED,1972,70,34000,235000,137151,9600550
1990-03,KALLANG/WHAMPOA,3 ROOM,8,UPP BOON KENG RD,60,IMPROVED,1981,49,44000,203000,121776,5967000
1990-01,CENTRAL AREA,3 ROOM,34,UPP CROSS ST,65,IMPROVED,1975,82,50000,253000,143640,11778480
1990-02,CENTRAL AREA,3 ROOM,532,UPP CROSS ST,68,IMPROVED,1980,27,60000,280000,142170,3838588
1990-03,CENTRAL AREA,3 ROOM,533,UPP CROSS ST,60,IMPROVED,1980,28,50000,255000,166400,4659188
1990-11,CENTRAL AREA,3 ROOM,535,UPP CROSS ST,60,IMPROVED,1980,22,45000,245000,154545,3400000
1990-02,CENTRAL AREA,3 ROOM,536,UPP CROSS ST,68,IMPROVED,1981,30,48000,238000,142260,4267800
1990-01,CENTRAL AREA,3 ROOM,538,UPP CROSS ST,60,IMPROVED,1978,35,56000,247000,157480,5511800
1996-10,HOUGANG,4 ROOM,464,UPP SERANGOON RD,104,MODEL A,1992,40,250000,480000,366988,14679500
1996-10,HOUGANG,4 ROOM,465,UPP SERANGOON RD,105,MODEL A,1992,44,263000,545000,395434,17399100
1990-01,CENTRAL AREA,4 ROOM,632,VEERASAMY RD,101,MODEL A,1985,28,95000,581000,299354,8381900
1990-01,CENTRAL AREA,4 ROOM,633,VEERASAMY RD,112,MODEL A,1985,43,74000,335000,186281,8010100
1990-03,CENTRAL AREA,5 ROOM,634,VEERASAMY RD,136,MODEL A,1985,23,130000,480000,291814,6711728
1990-07,CENTRAL AREA,3 ROOM,635,VEERASAMY RD,73,MODEL A,1985,37,80000,325000,184627,6831188
1994-10,CENTRAL AREA,3 ROOM,636,VEERASAMY RD,72,MODEL A,1985,8,145000,273000,207500,1660000
1990-05,CENTRAL AREA,4 ROOM,637,VEERASAMY RD,106,MODEL A,1985,28,102000,395000,229700,6431600
1990-03,CENTRAL AREA,4 ROOM,262,WATERLOO ST,82,IMPROVED,1978,14,60000,338000,235143,3292000
1990-04,CENTRAL AREA,3 ROOM,263,WATERLOO ST,60,IMPROVED,1978,36,45000,257000,142372,5125380
1990-01,CENTRAL AREA,3 ROOM,264,WATERLOO ST,68,IMPROVED,1986,44,44200,240000,137130,6033700
1990-01,CLEMENTI,3 ROOM,506,WEST COAST DR,67,NEW GENERATION,1978,73,34000,322000,150363,10976500
1990-02,CLEMENTI,3 ROOM,507,WEST COAST DR,67,NEW GENERATION,1978,48,40000,292000,149458,7174000
1990-01,CLEMENTI,3 ROOM,508,WEST COAST DR,67,NEW GENERATION,1978,80,35000,313000,147638,11811000
1990-01,CLEMENTI,3 ROOM,509,WEST COAST DR,67,NEW GENERATION,1978,81,35000,338000,162639,13173780
1990-02,CLEMENTI,3 ROOM,510,WEST COAST DR,67,NEW GENERATION,1978,98,41000,315000,150722,14770800
1990-04,CLEMENTI,4 ROOM,511,WEST COAST DR,91,NEW GENERATION,1978,73,71000,338000,222447,16238600
1990-11,CLEMENTI,4 ROOM,512,WEST COAST DR,91,NEW GENERATION,1978,58,60000,355000,232364,13477100
1990-04,CLEMENTI,3 ROOM,513,WEST COAST RD,68,NEW GENERATION,1980,109,45000,326000,137397,14976300
1990-05,CLEMENTI,3 ROOM,514,WEST COAST RD,68,NEW GENERATION,1980,73,40000,308000,137029,10003100
1990-01,CLEMENTI,3 ROOM,515,WEST COAST RD,82,NEW GENERATION,1980,83,40000,320000,145114,12044500
1990-02,CLEMENTI,3 ROOM,518,WEST COAST RD,68,NEW GENERATION,1980,99,35000,283000,125129,12387740
1990-03,CLEMENTI,3 ROOM,519,WEST COAST RD,68,NEW GENERATION,1980,100,35000,315000,139170,13917000
1990-01,CLEMENTI,3 ROOM,520,WEST COAST RD,67,NEW GENERATION,1986,90,37000,293000,144754,13027900
1990-02,CLEMENTI,3 ROOM,701,WEST COAST RD,67,NEW GENERATION,1980,106,34000,315000,136125,14429240
1990-01,CLEMENTI,3 ROOM,702,WEST COAST RD,82,NEW GENERATION,1980,109,34000,293000,134705,14682800
1990-01,CLEMENTI,3 ROOM,703,WEST COAST RD,82,NEW GENERATION,1980,113,34000,305000,133688,15106700
1990-01,CLEMENTI,3 ROOM,704,WEST COAST RD,67,NEW GENERATION,1980,135,34000,267000,119119,16081108
1991-01,KALLANG/WHAMPOA,4 ROOM,100,WHAMPOA DR,91,IMPROVED,1974,42,60000,340000,204131,8573500
1990-01,KALLANG/WHAMPOA,4 ROOM,101,WHAMPOA DR,91,IMPROVED,1974,53,66000,312000,182818,9689350
1990-08,KALLANG/WHAMPOA,3 ROOM,74,WHAMPOA DR,66,IMPROVED,1981,79,35000,207000,106620,8423000
1990-01,KALLANG/WHAMPOA,3 ROOM,75,WHAMPOA DR,65,IMPROVED,1974,101,33500,200000,100791,10179900
1990-01,KALLANG/WHAMPOA,3 ROOM,82,WHAMPOA DR,66,IMPROVED,1974,78,34000,200000,112746,8794200
1990-01,KALLANG/WHAMPOA,4 ROOM,83,WHAMPOA DR,91,IMPROVED,1974,37,60000,325000,198441,7342300
1990-01,KALLANG/WHAMPOA,4 ROOM,84,WHAMPOA DR,91,IMPROVED,1974,41,56000,330000,193361,7927800
1990-01,KALLANG/WHAMPOA,3 ROOM,85,WHAMPOA DR,59,IMPROVED,1974,42,33000,220000,113517,4767700
1990-04,KALLANG/WHAMPOA,3 ROOM,86,WHAMPOA DR,66,IMPROVED,1974,69,35000,222000,114770,7919100
1990-05,KALLANG/WHAMPOA,3 ROOM,93,WHAMPOA DR,65,IMPROVED,1974,48,34000,220000,105702,5073700
1990-05,KALLANG/WHAMPOA,4 ROOM,94,WHAMPOA DR,91,IMPROVED,1974,30,63000,329800,185510,5565300
1990-08,KALLANG/WHAMPOA,4 ROOM,95,WHAMPOA DR,91,IMPROVED,1974,29,75000,328000,206331,5983600
1990-03,KALLANG/WHAMPOA,4 ROOM,96,WHAMPOA DR,91,IMPROVED,1974,29,75000,330000,221534,6424500
1990-01,KALLANG/WHAMPOA,3 ROOM,97,WHAMPOA DR,66,IMPROVED,1980,82,33000,222000,107143,8785750
1990-01,KALLANG/WHAMPOA,3 ROOM,98,WHAMPOA DR,65,IMPROVED,1974,118,35000,201800,110746,13068000
1990-05,KALLANG/WHAMPOA,4 ROOM,99,WHAMPOA DR,91,IMPROVED,1974,42,65000,330000,210782,8852850
1998-12,KALLANG/WHAMPOA,4 ROOM,112,WHAMPOA RD,107,MODEL A,1994,19,310000,468000,382921,7275500
1999-03,KALLANG/WHAMPOA,5 ROOM,113,WHAMPOA RD,121,IMPROVED,1994,11,333000,518000,386136,4247500
1994-12,KALLANG/WHAMPOA,5 ROOM,114,WHAMPOA RD,127,IMPROVED,1995,8,358000,550000,425375,3403000
1998-12,KALLANG/WHAMPOA,5 ROOM,115,WHAMPOA RD,132,MODEL A,1994,11,336500,455000,422318,4645500
1990-02,KALLANG/WHAMPOA,4 ROOM,49,WHAMPOA STH,87,IMPROVED,1974,41,60000,300000,178093,7301800
1990-01,KALLANG/WHAMPOA,3 ROOM,34,WHAMPOA WEST,68,IMPROVED,1972,136,36000,210000,111366,15145800
1998-04,WOODLANDS,EXECUTIVE,307,WOODLANDS AVE 1,192,APARTMENT,1994,26,129000,552000,386798,10056750
1998-04,WOODLANDS,EXECUTIVE,308,WOODLANDS AVE 1,189,APARTMENT,1994,20,144000,528000,397790,7955800
1995-07,WOODLANDS,4 ROOM,309,WOODLANDS AVE 1,85,SIMPLIFIED,1989,8,138000,250000,178638,1429100
1998-08,WOODLANDS,EXECUTIVE,330,WOODLANDS AVE 1,189,APARTMENT,1994,18,125500,505000,330639,5951500
1998-07,WOODLANDS,EXECUTIVE,331,WOODLANDS AVE 1,192,APARTMENT,1994,36,128000,520000,422297,15202688
1995-08,WOODLANDS,4 ROOM,332,WOODLANDS AVE 1,84,SIMPLIFIED,1989,9,160000,250000,201333,1812000
1990-03,WOODLANDS,4 ROOM,336,WOODLANDS AVE 1,103,MODEL A,1985,73,54000,304000,187813,13710328
1991-05,WOODLANDS,4 ROOM,337,WOODLANDS AVE 1,103,MODEL A,1985,54,58000,315000,198000,10692000
1995-05,WOODLANDS,4 ROOM,338,WOODLANDS AVE 1,89,SIMPLIFIED,1989,15,132000,258000,175633,2634500
1999-12,WOODLANDS,4 ROOM,339,WOODLANDS AVE 1,94,NEW GENERATION,1995,3,216000,417000,334333,1003000
1999-12,WOODLANDS,3 ROOM,340,WOODLANDS AVE 1,69,NEW GENERATION,1995,5,148000,480000,387200,1936000
1996-05,WOODLANDS,EXECUTIVE,341,WOODLANDS AVE 1,176,APARTMENT,1995,10,240000,680080,403158,4031580
1999-10,WOODLANDS,EXECUTIVE,342,WOODLANDS AVE 1,179,APARTMENT,1995,6,128000,500000,382500,2295000
1994-06,WOODLANDS,4 ROOM,343,WOODLANDS AVE 1,84,SIMPLIFIED,1989,13,135000,235000,187692,2440000
1994-05,WOODLANDS,5 ROOM,347,WOODLANDS AVE 3,122,IMPROVED,1988,40,147000,380000,248732,9949300
1992-12,WOODLANDS,5 ROOM,348,WOODLANDS AVE 3,122,IMPROVED,1988,42,102000,400000,240510,10101430
1994-03,WOODLANDS,5 ROOM,349,WOODLANDS AVE 3,122,IMPROVED,1988,48,134000,385000,253569,12171300
1993-08,WOODLANDS,5 ROOM,350,WOODLANDS AVE 3,122,IMPROVED,1988,54,100000,390000,240056,12963000
1999-09,WOODLANDS,4 ROOM,844,WOODLANDS AVE 4,106,MODEL A,1996,12,234000,375000,291125,3493500
1999-10,WOODLANDS,4 ROOM,846,WOODLANDS AVE 4,106,MODEL A,1996,15,245000,362000,295800,4437000
1996-03,WOODLANDS,EXECUTIVE,358,WOODLANDS AVE 5,141,APARTMENT,1996,1,465000,465000,465000,465000
1990-01,WOODLANDS,3 ROOM,1A,WOODLANDS CTR RD,68,NEW GENERATION,1981,70,27300,165000,84454,5911800
1990-04,WOODLANDS,3 ROOM,2A,WOODLANDS CTR RD,68,NEW GENERATION,1980,36,27300,175000,93842,3378300
1996-03,WOODLANDS,EXECUTIVE,893D,WOODLANDS DR 50,138,APARTMENT,1996,1,505000,505000,505000,505000
1998-05,WOODLANDS,5 ROOM,167,WOODLANDS ST 11,135,MODEL A,1994,8,114500,470000,282938,2263500
1991-03,WOODLANDS,5 ROOM,168,WOODLANDS ST 11,121,IMPROVED,1986,71,60000,450000,267318,18979600
1994-08,WOODLANDS,5 ROOM,169,WOODLANDS ST 11,137,MODEL A,1994,23,299500,375000,338739,7791000
1998-03,WOODLANDS,5 ROOM,170,WOODLANDS ST 11,137,MODEL A,1994,24,302000,395000,343500,8244000
1990-01,WOODLANDS,4 ROOM,171,WOODLANDS ST 11,91,NEW GENERATION,1985,56,48000,595000,221768,12419000
1990-07,WOODLANDS,4 ROOM,101,WOODLANDS ST 13,92,NEW GENERATION,1985,95,32000,290000,144773,13753400
1990-12,WOODLANDS,3 ROOM,102,WOODLANDS ST 13,67,NEW GENERATION,1985,75,32000,296000,145875,10940600
1990-07,WOODLANDS,4 ROOM,103,WOODLANDS ST 13,98,NEW GENERATION,1985,22,46000,252000,150727,3316000
1990-01,WOODLANDS,4 ROOM,104,WOODLANDS ST 13,91,NEW GENERATION,1985,57,49000,290000,209860,11962000
1990-03,WOODLANDS,4 ROOM,105,WOODLANDS ST 13,91,NEW GENERATION,1985,61,46400,282000,189089,11534400
1990-07,WOODLANDS,4 ROOM,106,WOODLANDS ST 13,92,NEW GENERATION,1985,14,42000,245500,136321,1908500
1998-10,WOODLANDS,EXECUTIVE,107,WOODLANDS ST 13,170,APARTMENT,1995,5,405000,468000,432700,2163500
1990-09,WOODLANDS,4 ROOM,108,WOODLANDS ST 13,93,NEW GENERATION,1987,56,53000,288000,210236,11773200
1998-08,WOODLANDS,5 ROOM,109,WOODLANDS ST 13,134,MODEL A,1995,4,280000,395000,325750,1303000
1990-08,WOODLANDS,4 ROOM,110,WOODLANDS ST 13,91,NEW GENERATION,1987,52,63500,295000,221035,11493800
1998-09,WOODLANDS,EXECUTIVE,111,WOODLANDS ST 13,172,APARTMENT,1995,22,303000,484000,390636,8594000
1992-02,WOODLANDS,4 ROOM,113,WOODLANDS ST 13,91,NEW GENERATION,1987,65,46400,292000,208723,13567000
1990-02,WOODLANDS,3 ROOM,145,WOODLANDS ST 13,68,NEW GENERATION,1985,63,30400,280000,123792,7798900
1990-01,WOODLANDS,3 ROOM,146,WOODLANDS ST 13,68,NEW GENERATION,1985,70,35000,246000,122279,8559500
1990-04,WOODLANDS,3 ROOM,148,WOODLANDS ST 13,68,NEW GENERATION,1985,76,32000,282800,132223,10048920
1990-07,WOODLANDS,3 ROOM,149,WOODLANDS ST 13,68,NEW GENERATION,1985,80,34000,280000,141132,11290600
1990-07,WOODLANDS,3 ROOM,151,WOODLANDS ST 13,73,MODEL A,1985,67,51000,300000,175725,11773598
1990-05,WOODLANDS,3 ROOM,152,WOODLANDS ST 13,73,MODEL A,1985,72,47000,300000,155250,11178000
1993-11,WOODLANDS,4 ROOM,154,WOODLANDS ST 13,93,NEW GENERATION,1986,33,120000,295000,218455,7209000
1990-02,WOODLANDS,4 ROOM,155,WOODLANDS ST 13,107,MODEL A,1985,80,49000,350000,172248,13779800
1990-06,WOODLANDS,3 ROOM,157,WOODLANDS ST 13,73,MODEL A,1985,69,39200,298500,165706,11433700
1993-03,WOODLANDS,4 ROOM,158,WOODLANDS ST 13,103,MODEL A,1990,53,57000,296000,183415,9721000
1993-03,WOODLANDS,3 ROOM,159,WOODLANDS ST 13,73,MODEL A,1990,52,43500,307000,178150,9263800
1994-01,WOODLANDS,4 ROOM,160,WOODLANDS ST 13,103,MODEL A,1990,81,110000,308000,200421,16234100
1992-11,WOODLANDS,3 ROOM,161,WOODLANDS ST 13,73,MODEL A,1990,56,54880,320000,185569,10391880
1990-01,WOODLANDS,5 ROOM,162,WOODLANDS ST 13,121,IMPROVED,1985,68,45400,410000,270097,18366600
1990-01,WOODLANDS,5 ROOM,165,WOODLANDS ST 13,121,IMPROVED,1985,72,90000,410000,280521,20197500
1990-04,WOODLANDS,4 ROOM,172,WOODLANDS ST 13,93,NEW GENERATION,1985,52,52000,480000,201816,10494416
1992-12,WOODLANDS,5 ROOM,173,WOODLANDS ST 13,121,IMPROVED,1989,62,129000,460000,287598,17831100
1996-01,WOODLANDS,5 ROOM,174,WOODLANDS ST 13,137,MODEL A,1993,42,288700,420500,349290,14670200
1998-02,WOODLANDS,5 ROOM,175,WOODLANDS ST 13,137,MODEL A,1993,21,300000,405000,348000,7308000
1995-12,WOODLANDS,EXECUTIVE,176,WOODLANDS ST 13,184,APARTMENT,1994,12,425000,545000,482338,5788050
1990-06,WOODLANDS,4 ROOM,177,WOODLANDS ST 13,91,NEW GENERATION,1986,60,51500,282000,193610,11616600
1991-01,WOODLANDS,5 ROOM,178,WOODLANDS ST 13,123,IMPROVED,1986,60,64000,390000,263287,15797200
1995-07,WOODLANDS,EXECUTIVE,179,WOODLANDS ST 13,173,APARTMENT,1994,11,328000,500000,433636,4770000
1996-11,WOODLANDS,5 ROOM,301,WOODLANDS ST 31,132,MODEL A,1993,18,190000,570000,379944,6839000
1996-08,WOODLANDS,5 ROOM,302,WOODLANDS ST 31,132,MODEL A,1993,26,210000,690000,478838,12449800
1996-08,WOODLANDS,EXECUTIVE,303,WOODLANDS ST 31,163,APARTMENT,1993,16,310000,625000,445862,7133800
1994-10,WOODLANDS,5 ROOM,304,WOODLANDS ST 31,132,MODEL A,1993,17,319000,585000,460412,7827000
1996-09,WOODLANDS,3 ROOM,306,WOODLANDS ST 31,64,SIMPLIFIED,1993,10,120000,525000,350700,3507000
1995-08,WOODLANDS,3 ROOM,310,WOODLANDS ST 31,73,MODEL A,1993,44,130000,335000,196068,8627000
1994-09,WOODLANDS,3 ROOM,311,WOODLANDS ST 31,73,MODEL A,1993,57,79000,290000,185803,10590788
1994-07,WOODLANDS,4 ROOM,312,WOODLANDS ST 31,84,SIMPLIFIED,1989,18,90000,288000,202083,3637500
1997-10,WOODLANDS,3 ROOM,313,WOODLANDS ST 31,73,MODEL A,1993,46,129000,298000,188250,8659500
1997-10,WOODLANDS,3 ROOM,314,WOODLANDS ST 31,73,MODEL A,1993,52,133000,290000,199073,10351800
1996-05,WOODLANDS,4 ROOM,315,WOODLANDS ST 31,85,SIMPLIFIED,1989,10,161000,277000,220700,2207000
1996-04,WOODLANDS,3 ROOM,316,WOODLANDS ST 31,73,MODEL A,1993,47,124000,325000,202272,9506800
1996-06,WOODLANDS,3 ROOM,317,WOODLANDS ST 31,73,MODEL A,1993,40,120000,310000,197862,7914500
1997-11,WOODLANDS,3 ROOM,318,WOODLANDS ST 31,83,MODEL A,1993,59,130000,363000,234981,13863888
1996-12,WOODLANDS,3 ROOM,319,WOODLANDS ST 31,73,MODEL A,1993,51,130000,305000,199888,10194300
1993-12,WOODLANDS,EXECUTIVE,320,WOODLANDS ST 32,148,MAISONETTE,1985,21,280000,580000,425214,8929500
1993-06,WOODLANDS,5 ROOM,321,WOODLANDS ST 32,127,IMPROVED,1994,60,145000,390000,231633,13898000
1998-11,WOODLANDS,5 ROOM,322,WOODLANDS ST 32,122,IMPROVED,1994,34,166000,490000,302671,10290799
1998-10,WOODLANDS,5 ROOM,323,WOODLANDS ST 32,132,MODEL A,1995,26,315000,466000,403654,10495000
1996-05,WOODLANDS,4 ROOM,324,WOODLANDS ST 32,84,SIMPLIFIED,1989,1,240000,240000,240000,240000
1998-11,WOODLANDS,5 ROOM,325,WOODLANDS ST 32,132,MODEL A,1995,27,141000,456800,373115,10074100
1994-10,WOODLANDS,EXECUTIVE,326,WOODLANDS ST 32,164,APARTMENT,1995,38,128000,470000,381294,14489188
1993-10,WOODLANDS,4 ROOM,327,WOODLANDS ST 32,84,SIMPLIFIED,1989,8,115000,240000,184188,1473500
1994-10,WOODLANDS,EXECUTIVE,328,WOODLANDS ST 32,163,APARTMENT,1994,25,315000,456000,389640,9741000
1995-04,WOODLANDS,4 ROOM,329,WOODLANDS ST 32,89,SIMPLIFIED,1989,17,116000,240000,180971,3076500
1990-07,WOODLANDS,4 ROOM,333,WOODLANDS ST 32,83,SIMPLIFIED,1985,13,58500,230000,174923,2274000
1990-06,WOODLANDS,4 ROOM,334,WOODLANDS ST 32,83,SIMPLIFIED,1985,40,50000,295000,194995,7799800
1991-04,WOODLANDS,4 ROOM,335,WOODLANDS ST 32,103,MODEL A,1985,66,56000,300000,195641,12912300
1996-11,WOODLANDS,4 ROOM,344,WOODLANDS ST 32,84,SIMPLIFIED,1993,36,175000,410000,268611,9670000
1996-03,WOODLANDS,5 ROOM,345,WOODLANDS ST 32,122,IMPROVED,1995,41,170000,483000,340659,13967000
1993-01,WOODLANDS,EXECUTIVE,346,WOODLANDS ST 32,146,MAISONETTE,1986,20,180000,580000,390700,7814000
1999-06,WOODLANDS,4 ROOM,401,WOODLANDS ST 41,106,MODEL A,1995,22,214000,326000,261359,5749888
1999-07,WOODLANDS,3 ROOM,402,WOODLANDS ST 41,68,NEW GENERATION,1995,18,123000,510000,388194,6987500
1999-07,WOODLANDS,5 ROOM,403,WOODLANDS ST 41,137,MODEL A,1995,12,194000,475000,400000,4800000
1999-07,WOODLANDS,5 ROOM,404,WOODLANDS ST 41,137,MODEL A,1995,20,130000,507000,384250,7685000
1999-08,WOODLANDS,4 ROOM,405,WOODLANDS ST 41,93,NEW GENERATION,1995,12,210000,485000,405833,4870000
1999-06,WOODLANDS,4 ROOM,406,WOODLANDS ST 41,106,MODEL A,1995,37,225000,386000,289805,10722800
1999-09,WOODLANDS,4 ROOM,408,WOODLANDS ST 41,106,MODEL A,1996,19,227000,328500,262305,4983800
1999-06,WOODLANDS,4 ROOM,409,WOODLANDS ST 41,115,MODEL A,1996,20,236000,358000,303700,6074000
1999-07,WOODLANDS,5 ROOM,410,WOODLANDS ST 41,128,IMPROVED,1996,21,238000,391000,310738,6525500
1999-08,WOODLANDS,5 ROOM,411,WOODLANDS ST 41,137,MODEL A,1995,17,117000,520000,350529,5959000
1995-06,WOODLANDS,EXECUTIVE,412,WOODLANDS ST 41,177,APARTMENT,1995,22,126000,485000,367500,8085000
1999-06,WOODLANDS,4 ROOM,413,WOODLANDS ST 41,106,MODEL A,1996,21,208000,314000,267638,5620388
1999-07,WOODLANDS,5 ROOM,414,WOODLANDS ST 41,128,IMPROVED,1996,19,241000,365000,310632,5902000
1999-06,WOODLANDS,4 ROOM,415,WOODLANDS ST 41,103,MODEL A,1996,25,234000,390000,310520,7763000
1999-06,WOODLANDS,5 ROOM,416,WOODLANDS ST 41,128,IMPROVED,1996,21,237000,358000,295071,6196500
1999-08,WOODLANDS,4 ROOM,417,WOODLANDS ST 41,103,MODEL A,1996,13,215000,368000,297231,3864000
1996-04,WOODLANDS,4 ROOM,418,WOODLANDS ST 41,106,MODEL A,1996,33,220000,380000,275191,9081300
1996-05,WOODLANDS,EXECUTIVE,419,WOODLANDS ST 41,177,APARTMENT,1995,9,137000,700000,446111,4015000
1995-01,WOODLANDS,EXECUTIVE,420,WOODLANDS ST 41,179,APARTMENT,1995,4,450000,485000,461250,1845000
1999-06,WOODLANDS,4 ROOM,421,WOODLANDS ST 41,106,MODEL A,1996,22,218000,330000,269400,5926800
1993-11,WOODLANDS,5 ROOM,801,WOODLANDS ST 81,121,IMPROVED,1989,54,95000,420000,243254,13135700
1992-08,WOODLANDS,4 ROOM,802,WOODLANDS ST 81,84,SIMPLIFIED,1989,53,58300,415000,235805,12497688
1995-10,WOODLANDS,EXECUTIVE,803,WOODLANDS ST 81,189,APARTMENT,1994,17,136000,560000,432706,7356000
1992-06,WOODLANDS,EXECUTIVE,804,WOODLANDS ST 81,149,MAISONETTE,1988,54,170000,542000,408194,22042500
1995-08,WOODLANDS,EXECUTIVE,805,WOODLANDS ST 81,176,APARTMENT,1994,23,140000,500000,410787,9448100
1998-11,WOODLANDS,EXECUTIVE,807,WOODLANDS ST 81,192,APARTMENT,1994,30,131000,508000,410710,12321300
1998-10,WOODLANDS,EXECUTIVE,808,WOODLANDS ST 81,176,APARTMENT,1994,26,122000,515000,411721,10704750
1999-04,WOODLANDS,4 ROOM,809,WOODLANDS ST 81,106,MODEL A,1995,33,210250,361000,275820,9102050
1999-04,WOODLANDS,4 ROOM,810,WOODLANDS ST 81,106,MODEL A,1995,26,212000,335000,251312,6534100
1993-02,WOODLANDS,5 ROOM,824,WOODLANDS ST 81,121,IMPROVED,1989,56,81000,400000,250764,14042780
1994-03,WOODLANDS,4 ROOM,825,WOODLANDS ST 81,84,SIMPLIFIED,1990,56,100000,408000,230064,12883588
1999-09,WOODLANDS,5 ROOM,826,WOODLANDS ST 81,136,MODEL A,1996,6,331000,380000,359315,2155888
1994-11,WOODLANDS,EXECUTIVE,828,WOODLANDS ST 81,151,MAISONETTE,1989,6,300000,575000,418333,2510000
1999-09,WOODLANDS,5 ROOM,870,WOODLANDS ST 81,124,IMPROVED,1996,17,219000,392000,322735,5486500
1999-10,WOODLANDS,4 ROOM,871,WOODLANDS ST 81,111,MODEL A,1996,9,237000,370000,285444,2569000
1999-09,WOODLANDS,4 ROOM,872,WOODLANDS ST 81,108,MODEL A,1996,19,237000,369000,289184,5494500
1999-09,WOODLANDS,4 ROOM,873,WOODLANDS ST 81,111,MODEL A,1996,22,238500,388000,288295,6342500
1995-01,WOODLANDS,4 ROOM,816,WOODLANDS ST 82,98,NEW GENERATION,1994,31,120000,610000,400503,12415600
1993-01,WOODLANDS,EXECUTIVE,817,WOODLANDS ST 82,149,APARTMENT,1988,12,213000,580000,383333,4600000
1998-12,WOODLANDS,EXECUTIVE,818,WOODLANDS ST 82,161,APARTMENT,1994,29,108000,480000,379824,11014888
1993-12,WOODLANDS,EXECUTIVE,819,WOODLANDS ST 82,146,MAISONETTE,1989,14,270000,580000,414714,5806000
1999-03,WOODLANDS,5 ROOM,820,WOODLANDS ST 82,136,MODEL A,1995,27,109000,506000,337333,9108000
1999-04,WOODLANDS,EXECUTIVE,821,WOODLANDS ST 82,177,APARTMENT,1995,28,110000,493000,396018,11088500
1995-04,WOODLANDS,5 ROOM,822,WOODLANDS ST 82,129,IMPROVED,1996,9,268000,372000,330000,2970000
1994-04,WOODLANDS,EXECUTIVE,837,WOODLANDS ST 82,151,MAISONETTE,1989,11,284000,600000,408636,4495000
1993-03,WOODLANDS,EXECUTIVE,838,WOODLANDS ST 82,146,MAISONETTE,1988,16,216000,538000,403719,6459500
1999-08,WOODLANDS,4 ROOM,839,WOODLANDS ST 82,105,MODEL A,1996,27,229800,370000,299733,8092800
1998-04,WOODLANDS,4 ROOM,840,WOODLANDS ST 82,104,MODEL A,1994,50,151000,270000,193580,9679000
1999-09,WOODLANDS,4 ROOM,841,WOODLANDS ST 82,105,MODEL A,1996,11,243000,380000,319436,3513800
1995-09,WOODLANDS,4 ROOM,842,WOODLANDS ST 82,84,SIMPLIFIED,1994,70,153000,268000,195461,13682300
1998-07,WOODLANDS,4 ROOM,843,WOODLANDS ST 82,84,SIMPLIFIED,1994,63,158000,284000,195671,12327300
1998-08,WOODLANDS,4 ROOM,845,WOODLANDS ST 82,84,SIMPLIFIED,1994,60,157000,266000,194867,11692000
1994-09,WOODLANDS,EXECUTIVE,847,WOODLANDS ST 82,177,APARTMENT,1995,35,110000,485000,380040,13301388
1999-03,WOODLANDS,EXECUTIVE,848,WOODLANDS ST 82,161,APARTMENT,1995,24,118000,495000,368083,8834000
1999-05,WOODLANDS,EXECUTIVE,849,WOODLANDS ST 82,177,APARTMENT,1995,21,110000,500000,362885,7620588
1999-06,WOODLANDS,EXECUTIVE,850,WOODLANDS ST 82,179,APARTMENT,1995,24,141000,508000,395829,9499888
1995-11,WOODLANDS,4 ROOM,874,WOODLANDS ST 82,111,MODEL A,1996,54,222000,370000,277487,14984300
1999-07,WOODLANDS,4 ROOM,875,WOODLANDS ST 82,111,MODEL A,1996,32,238000,375000,268656,8597000
1999-12,WOODLANDS,5 ROOM,879,WOODLANDS ST 82,123,IMPROVED,1996,1,310000,310000,310000,310000
1999-12,WOODLANDS,5 ROOM,882,WOODLANDS ST 82,121,IMPROVED,1996,1,340000,340000,340000,340000
1994-10,WOODLANDS,EXECUTIVE,829,WOODLANDS ST 83,151,MAISONETTE,1989,11,295000,560000,425455,4680000
1998-11,WOODLANDS,EXECUTIVE,830,WOODLANDS ST 83,192,APARTMENT,1994,24,121000,498000,352208,8453000
1994-04,WOODLANDS,5 ROOM,831,WOODLANDS ST 83,121,IMPROVED,1990,42,107000,445000,270488,11360508
1998-12,WOODLANDS,EXECUTIVE,832,WOODLANDS ST 83,189,APARTMENT,1994,25,129000,510000,356440,8911000
1995-04,WOODLANDS,EXECUTIVE,833,WOODLANDS ST 83,146,MAISONETTE,1989,12,348000,580000,459750,5517000
1999-02,WOODLANDS,EXECUTIVE,834,WOODLANDS ST 83,192,APARTMENT,1994,19,138500,480000,354442,6734400
1999-03,WOODLANDS,EXECUTIVE,835,WOODLANDS ST 83,189,APARTMENT,1994,32,124000,518000,343286,10985150
1999-12,WOODLANDS,4 ROOM,836,WOODLANDS ST 83,105,MODEL A,1996,3,220000,383000,313333,940000
1998-01,WOODLANDS,4 ROOM,853,WOODLANDS ST 83,104,MODEL A,1993,51,163000,278000,200112,10205700
1998-01,WOODLANDS,4 ROOM,854,WOODLANDS ST 83,104,MODEL A,1993,59,161000,275000,199898,11794000
1996-03,WOODLANDS,4 ROOM,855,WOODLANDS ST 83,104,MODEL A,1993,64,161000,285000,198125,12680000
1999-12,WOODLANDS,5 ROOM,861,WOODLANDS ST 83,127,IMPROVED,1996,1,347000,347000,347000,347000
1999-12,WOODLANDS,5 ROOM,862,WOODLANDS ST 83,124,IMPROVED,1996,1,370000,370000,370000,370000
1999-12,WOODLANDS,5 ROOM,863,WOODLANDS ST 83,127,IMPROVED,1996,4,301000,318000,311500,1246000
1999-12,WOODLANDS,5 ROOM,864,WOODLANDS ST 83,127,IMPROVED,1996,1,355000,355000,355000,355000
1996-03,WOODLANDS,EXECUTIVE,866,WOODLANDS ST 83,147,APARTMENT,1996,6,406500,505000,440083,2640500
1999-11,WOODLANDS,EXECUTIVE,867,WOODLANDS ST 83,144,APARTMENT,1996,4,434000,485000,456000,1824000
1999-11,WOODLANDS,EXECUTIVE,868,WOODLANDS ST 83,147,APARTMENT,1996,5,403000,505000,442800,2214000
1999-10,WOODLANDS,EXECUTIVE,869,WOODLANDS ST 83,150,APARTMENT,1996,7,395000,468000,426500,2985500
1991-11,YISHUN,4 ROOM,343,YISHUN AVE 11,103,MODEL A,1988,78,80000,450000,258788,20185500
1993-02,YISHUN,EXECUTIVE,344,YISHUN AVE 11,145,MAISONETTE,1988,17,200000,520000,356041,6052700
1993-06,YISHUN,4 ROOM,345,YISHUN AVE 11,105,MODEL A,1988,63,63000,345000,186813,11769200
1993-06,YISHUN,4 ROOM,346,YISHUN AVE 11,103,MODEL A,1988,97,127000,448000,271854,26369800
1993-07,YISHUN,5 ROOM,349,YISHUN AVE 11,121,IMPROVED,1988,79,155000,450000,271880,21478488
1993-08,YISHUN,4 ROOM,350,YISHUN AVE 11,103,MODEL A,1988,84,135000,480000,283798,23839000
1993-07,YISHUN,EXECUTIVE,350A,YISHUN AVE 11,145,MAISONETTE,1988,12,273000,580000,427250,5127000
1993-07,YISHUN,EXECUTIVE,351,YISHUN AVE 11,154,MAISONETTE,1988,49,248000,545000,415169,20343300
1997-09,YISHUN,4 ROOM,415,YISHUN AVE 11,104,MODEL A,1993,36,232000,457000,315814,11369300
1994-09,YISHUN,5 ROOM,416,YISHUN AVE 11,123,IMPROVED,1993,26,228000,413000,309769,8054000
1997-08,YISHUN,5 ROOM,419,YISHUN AVE 11,122,IMPROVED,1993,9,245000,450000,347167,3124500
1993-02,YISHUN,4 ROOM,423,YISHUN AVE 11,84,SIMPLIFIED,1988,78,78000,318000,196795,15350000
1993-06,YISHUN,4 ROOM,425,YISHUN AVE 11,84,SIMPLIFIED,1988,76,100000,330000,199267,15144300
1993-04,YISHUN,4 ROOM,427,YISHUN AVE 11,104,MODEL A,1988,76,85000,322500,212092,16119000
1991-05,YISHUN,4 ROOM,439,YISHUN AVE 11,84,SIMPLIFIED,1988,86,62000,340000,207030,17804600
1992-08,YISHUN,4 ROOM,440,YISHUN AVE 11,84,SIMPLIFIED,1988,87,62000,335000,203692,17721200
1991-01,YISHUN,5 ROOM,776,YISHUN AVE 2,120,IMPROVED,1986,83,45000,455000,259843,21567000
1991-11,YISHUN,3 ROOM,777,YISHUN AVE 2,69,SIMPLIFIED,1987,16,37000,172000,112581,1801300
1990-09,YISHUN,4 ROOM,778,YISHUN AVE 2,105,MODEL A,1989,69,45000,350000,169975,11728300
1991-10,YISHUN,4 ROOM,779,YISHUN AVE 2,84,SIMPLIFIED,1987,6,60000,210000,154750,928500
1990-12,YISHUN,4 ROOM,784,YISHUN AVE 2,108,MODEL A,1987,96,47000,340000,179777,17258600
1991-04,YISHUN,4 ROOM,785,YISHUN AVE 2,84,SIMPLIFIED,1988,70,45000,485000,262579,18380550
1991-05,YISHUN,5 ROOM,788,YISHUN AVE 2,128,IMPROVED,1987,52,45000,470000,282981,14715000
1994-04,YISHUN,3 ROOM,789,YISHUN AVE 2,78,SIMPLIFIED,1989,12,75000,175000,116417,1397000
1991-07,YISHUN,5 ROOM,790,YISHUN AVE 2,122,IMPROVED,1987,78,58000,457000,256993,20045460
1991-09,YISHUN,EXECUTIVE,791,YISHUN AVE 2,141,APARTMENT,1987,41,145000,620000,383780,15735000
1990-07,YISHUN,4 ROOM,766,YISHUN AVE 3,84,SIMPLIFIED,1985,75,60000,320000,191257,14344300
1992-11,YISHUN,3 ROOM,767,YISHUN AVE 3,64,SIMPLIFIED,1987,14,50000,161000,108071,1513000
1990-06,YISHUN,4 ROOM,768,YISHUN AVE 3,84,SIMPLIFIED,1985,67,54000,328000,187888,12588500
1993-10,YISHUN,4 ROOM,769,YISHUN AVE 3,84,SIMPLIFIED,1986,12,70000,238500,150875,1810500
1990-12,YISHUN,5 ROOM,770,YISHUN AVE 3,122,IMPROVED,1986,94,56000,463000,208113,19562600
1990-07,YISHUN,4 ROOM,771,YISHUN AVE 3,84,SIMPLIFIED,1985,97,45000,337000,177262,17194400
1990-01,YISHUN,4 ROOM,772,YISHUN AVE 3,90,SIMPLIFIED,1985,78,55000,345000,189874,14810200
1990-07,YISHUN,4 ROOM,773,YISHUN AVE 3,89,SIMPLIFIED,1987,88,28000,267000,137898,12135000
1990-08,YISHUN,4 ROOM,774,YISHUN AVE 3,89,SIMPLIFIED,1987,131,37000,270000,137653,18032500
1994-06,YISHUN,EXECUTIVE,650,YISHUN AVE 4,159,APARTMENT,1992,4,350000,643000,482500,1930000
1991-11,YISHUN,5 ROOM,651,YISHUN AVE 4,121,IMPROVED,1987,41,98700,440000,252822,10365700
1994-06,YISHUN,EXECUTIVE,652,YISHUN AVE 4,181,APARTMENT,1992,41,268000,883000,530553,21752688
1992-01,YISHUN,4 ROOM,653,YISHUN AVE 4,104,MODEL A,1987,80,45000,345000,187812,15024988
1995-09,YISHUN,EXECUTIVE,654,YISHUN AVE 4,164,APARTMENT,1992,27,122000,605000,385354,10404550
1991-07,YISHUN,4 ROOM,655,YISHUN AVE 4,84,SIMPLIFIED,1987,82,48000,320000,193573,15873000
1992-07,YISHUN,3 ROOM,656,YISHUN AVE 4,64,SIMPLIFIED,1987,7,48000,201000,140000,980000
1991-01,YISHUN,4 ROOM,657,YISHUN AVE 4,83,SIMPLIFIED,1987,69,50000,455000,270388,18656788
1991-11,YISHUN,4 ROOM,658,YISHUN AVE 4,83,SIMPLIFIED,1987,84,58000,458000,258120,21682100
1992-08,YISHUN,3 ROOM,659,YISHUN AVE 4,64,SIMPLIFIED,1987,7,30000,202500,128857,902000
1992-04,YISHUN,4 ROOM,660,YISHUN AVE 4,84,SIMPLIFIED,1987,72,45000,328000,191464,13785400
1995-11,YISHUN,EXECUTIVE,661,YISHUN AVE 4,181,APARTMENT,1992,25,118000,670000,379600,9490000
1991-03,YISHUN,4 ROOM,662,YISHUN AVE 4,84,SIMPLIFIED,1987,68,58000,341000,198390,13490500
1992-08,YISHUN,5 ROOM,663,YISHUN AVE 4,121,IMPROVED,1987,53,85500,475000,243745,12918500
1996-01,YISHUN,4 ROOM,663A,YISHUN AVE 4,91,NEW GENERATION,1992,8,144000,655000,341000,2728000
1994-04,YISHUN,EXECUTIVE,664,YISHUN AVE 4,181,APARTMENT,1992,29,239500,700000,521506,15123688
1995-08,YISHUN,EXECUTIVE,664A,YISHUN AVE 4,181,APARTMENT,1992,4,445000,654000,536000,2144000
1995-05,YISHUN,EXECUTIVE,665,YISHUN AVE 4,164,APARTMENT,1992,29,278000,715000,516552,14980000
1992-07,YISHUN,MULTI GENERATION,666,YISHUN AVE 4,179,MULTI GENERATION,1987,67,141000,705000,434478,29110000
1992-06,YISHUN,4 ROOM,666A,YISHUN AVE 4,83,SIMPLIFIED,1987,11,59000,303000,174909,1924000
1990-03,YISHUN,5 ROOM,858,YISHUN AVE 4,127,IMPROVED,1988,53,123000,460000,288381,15284188
1993-01,YISHUN,5 ROOM,859,YISHUN AVE 4,127,IMPROVED,1988,42,99000,468000,285857,12006000
1993-05,YISHUN,4 ROOM,860,YISHUN AVE 4,104,MODEL A,1988,56,81500,460000,282911,15843000
1993-04,YISHUN,4 ROOM,861,YISHUN AVE 4,105,MODEL A,1989,63,65000,340000,195849,12338500
1993-10,YISHUN,3 ROOM,862,YISHUN AVE 4,74,MODEL A,1988,66,87000,330000,191359,12629688
1993-06,YISHUN,4 ROOM,863,YISHUN AVE 4,109,MODEL A,1988,49,90000,469500,297990,14601500
1992-10,YISHUN,5 ROOM,864,YISHUN AVE 4,120,IMPROVED,1988,59,120000,450000,282778,16683900
1990-01,YISHUN,3 ROOM,101,YISHUN AVE 5,68,NEW GENERATION,1978,44,35000,250500,120357,5295700
1990-01,YISHUN,3 ROOM,701,YISHUN AVE 5,68,NEW GENERATION,1984,84,33000,310000,136304,11449500
1990-03,YISHUN,3 ROOM,703,YISHUN AVE 5,68,NEW GENERATION,1984,107,37800,300000,132569,14184900
1990-03,YISHUN,3 ROOM,704,YISHUN AVE 5,82,NEW GENERATION,1984,100,32000,270000,138125,13812500
1990-01,YISHUN,3 ROOM,706,YISHUN AVE 5,68,NEW GENERATION,1984,127,30400,246000,126976,16126000
1990-05,YISHUN,3 ROOM,707,YISHUN AVE 5,68,NEW GENERATION,1984,68,31500,225000,128428,8733100
1990-02,YISHUN,3 ROOM,709,YISHUN AVE 5,68,NEW GENERATION,1984,85,31000,265000,122019,10371600
1990-02,YISHUN,3 ROOM,710,YISHUN AVE 5,68,NEW GENERATION,1984,73,30000,282000,133403,9738388
1990-01,YISHUN,3 ROOM,712,YISHUN AVE 5,68,NEW GENERATION,1984,92,31000,290000,129491,11913188
1990-03,YISHUN,3 ROOM,732,YISHUN AVE 5,67,NEW GENERATION,1984,16,42000,242000,112050,1792800
1990-01,YISHUN,4 ROOM,733,YISHUN AVE 5,98,NEW GENERATION,1984,64,60000,409500,254984,16319000
1990-09,YISHUN,3 ROOM,734,YISHUN AVE 5,67,NEW GENERATION,1985,98,31000,275000,139288,13650176
1990-08,YISHUN,4 ROOM,739,YISHUN AVE 5,93,NEW GENERATION,1985,91,33500,260000,149663,13619300
1990-01,YISHUN,4 ROOM,740,YISHUN AVE 5,93,NEW GENERATION,1985,84,31000,302500,140724,11820800
1990-02,YISHUN,3 ROOM,741,YISHUN AVE 5,67,NEW GENERATION,1985,103,33000,263000,140504,14471880
1990-01,YISHUN,3 ROOM,742,YISHUN AVE 5,67,NEW GENERATION,1985,85,33000,320000,152554,12967100
1991-11,YISHUN,4 ROOM,743,YISHUN AVE 5,93,NEW GENERATION,1984,4,65000,133500,112125,448500
1993-02,YISHUN,3 ROOM,282,YISHUN AVE 6,64,SIMPLIFIED,1988,14,37000,303000,135357,1895000
1990-08,YISHUN,3 ROOM,283,YISHUN AVE 6,74,MODEL A,1985,96,40000,325000,172280,16538900
1990-03,YISHUN,4 ROOM,284,YISHUN AVE 6,105,MODEL A,1987,71,43000,320000,165759,11768900
1993-12,YISHUN,3 ROOM,285,YISHUN AVE 6,64,SIMPLIFIED,1988,9,70000,236000,128000,1152000
1990-06,YISHUN,4 ROOM,286,YISHUN AVE 6,104,MODEL A,1987,83,48000,333000,177694,14748600
1990-03,YISHUN,4 ROOM,287,YISHUN AVE 6,105,MODEL A,1985,70,42000,320000,162684,11387880
1990-09,YISHUN,5 ROOM,288,YISHUN AVE 6,122,IMPROVED,1987,102,60000,439800,219758,22415300
1990-07,YISHUN,5 ROOM,289,YISHUN AVE 6,122,IMPROVED,1987,102,58000,415000,228667,23324000
1993-01,YISHUN,4 ROOM,389,YISHUN AVE 6,84,SIMPLIFIED,1988,84,55000,325000,198010,16632800
1990-02,YISHUN,4 ROOM,390,YISHUN AVE 6,104,MODEL A,1988,82,60000,340000,196787,16136500
1992-07,YISHUN,EXECUTIVE,391,YISHUN AVE 6,146,MAISONETTE,1988,44,180000,555000,392875,17286500
1993-02,YISHUN,EXECUTIVE,392,YISHUN AVE 6,142,APARTMENT,1988,52,145000,590000,408375,21235500
1992-06,YISHUN,4 ROOM,393,YISHUN AVE 6,104,MODEL A,1988,62,73000,310000,176613,10950000
1992-06,YISHUN,4 ROOM,394,YISHUN AVE 6,104,MODEL A,1989,90,52000,320000,190008,17100700
1993-03,YISHUN,4 ROOM,396,YISHUN AVE 6,108,MODEL A,1988,17,126000,340000,240118,4082000
1992-09,YISHUN,4 ROOM,397,YISHUN AVE 6,104,MODEL A,1989,81,67000,318000,190489,15429600
1992-07,YISHUN,4 ROOM,399,YISHUN AVE 6,105,MODEL A,1989,84,76000,307000,190075,15966290
1994-02,YISHUN,4 ROOM,401,YISHUN AVE 6,104,MODEL A,1988,23,155000,423500,252891,5816500
1991-12,YISHUN,4 ROOM,403,YISHUN AVE 6,84,SIMPLIFIED,1988,69,62000,323000,196077,13529300
1993-06,YISHUN,4 ROOM,404,YISHUN AVE 6,104,MODEL A,1988,95,62000,310000,194635,18490300
1993-02,YISHUN,EXECUTIVE,405,YISHUN AVE 6,142,APARTMENT,1988,45,190000,560000,392393,17657688
1993-02,YISHUN,EXECUTIVE,406,YISHUN AVE 6,148,MAISONETTE,1988,53,218000,580000,408642,21658000
1993-05,YISHUN,4 ROOM,407,YISHUN AVE 6,104,MODEL A,1988,83,112000,320000,214769,17825800
1993-04,YISHUN,4 ROOM,408,YISHUN AVE 6,104,MODEL A,1988,78,85000,330000,205141,16001000
1993-09,YISHUN,4 ROOM,433,YISHUN AVE 6,84,SIMPLIFIED,1988,65,100000,312000,196080,12745180
1993-07,YISHUN,4 ROOM,435,YISHUN AVE 6,104,MODEL A,1988,72,115000,330000,200029,14402100
1993-08,YISHUN,4 ROOM,437,YISHUN AVE 6,104,MODEL A,1988,66,75000,348000,212432,14020500
1991-05,YISHUN,5 ROOM,170,YISHUN AVE 7,122,IMPROVED,1986,69,60000,445000,263364,18172100
1992-03,YISHUN,3 ROOM,171,YISHUN AVE 7,64,SIMPLIFIED,1988,57,38500,398000,179254,10217500
1991-12,YISHUN,3 ROOM,172,YISHUN AVE 7,64,SIMPLIFIED,1988,55,34000,448000,179082,9849500
1991-07,YISHUN,4 ROOM,173,YISHUN AVE 7,84,SIMPLIFIED,1987,74,55000,360000,212020,15689500
1991-04,YISHUN,4 ROOM,174,YISHUN AVE 7,109,MODEL A,1987,97,48000,420000,224351,21762000
1991-07,YISHUN,5 ROOM,175,YISHUN AVE 7,131,IMPROVED,1986,65,70000,430000,268308,17440000
1990-03,YISHUN,4 ROOM,245,YISHUN AVE 9,105,MODEL A,1985,47,45000,322000,160483,7542700
1990-05,YISHUN,4 ROOM,246,YISHUN AVE 9,84,SIMPLIFIED,1985,58,52000,350000,177290,10282800
1990-02,YISHUN,4 ROOM,247,YISHUN AVE 9,84,SIMPLIFIED,1985,68,58000,318000,191524,13023600
1993-01,YISHUN,4 ROOM,248,YISHUN AVE 9,89,SIMPLIFIED,1984,12,94000,223000,174750,2097000
1990-10,YISHUN,4 ROOM,249,YISHUN AVE 9,84,SIMPLIFIED,1985,63,58000,335000,192913,12153500
1990-02,YISHUN,4 ROOM,250,YISHUN AVE 9,84,SIMPLIFIED,1985,73,54000,320000,182973,13357000
1992-09,YISHUN,4 ROOM,302,YISHUN CTRL,108,MODEL A,1988,47,79000,450000,280704,13193100
1992-09,YISHUN,4 ROOM,303,YISHUN CTRL,108,MODEL A,1988,65,84500,330000,190658,12392800
1992-09,YISHUN,3 ROOM,304,YISHUN CTRL,74,MODEL A,1988,65,40000,345000,170868,11106388
1992-09,YISHUN,5 ROOM,305,YISHUN CTRL,122,IMPROVED,1988,59,110000,450000,287327,16952283
1992-12,YISHUN,4 ROOM,306,YISHUN CTRL,104,MODEL A,1987,61,70000,415888,271816,16580776
1993-01,YISHUN,4 ROOM,320,YISHUN CTRL,105,MODEL A,1988,95,75000,363000,188716,17928000
1992-01,YISHUN,3 ROOM,321,YISHUN CTRL,74,MODEL A,1988,83,53000,328000,185972,15435700
1993-07,YISHUN,4 ROOM,322,YISHUN CTRL,106,MODEL A,1988,45,160000,473000,317033,14266500
1993-07,YISHUN,4 ROOM,323,YISHUN CTRL,106,MODEL A,1988,51,115000,438000,270659,13803600
1993-05,YISHUN,EXECUTIVE,324,YISHUN CTRL,142,APARTMENT,1988,34,225000,616000,434544,14774500
1991-11,YISHUN,EXECUTIVE,325,YISHUN CTRL,146,MAISONETTE,1988,78,150000,620000,410154,31992000
1996-09,YISHUN,4 ROOM,926,YISHUN CTRL 1,104,MODEL A,1993,8,340000,558000,455000,3640000
1996-07,YISHUN,5 ROOM,927,YISHUN CTRL 1,122,IMPROVED,1993,11,312000,480000,395345,4348800
1996-10,YISHUN,4 ROOM,928,YISHUN CTRL 1,103,MODEL A,1993,13,244000,480000,369231,4800000
1994-06,YISHUN,5 ROOM,930,YISHUN CTRL 1,123,IMPROVED,1993,15,255000,545000,353253,5298800
1996-12,YISHUN,4 ROOM,931,YISHUN CTRL 1,104,MODEL A,1993,10,260000,430000,337150,3371500
1996-11,YISHUN,4 ROOM,932,YISHUN CTRL 1,104,MODEL A,1993,18,259000,520000,379083,6823500
1996-09,YISHUN,4 ROOM,935,YISHUN CTRL 1,104,MODEL A,1993,24,251000,535000,365854,8780500
1990-01,YISHUN,3 ROOM,107,YISHUN RING RD,67,NEW GENERATION,1982,177,30500,303500,142302,25187400
1990-06,YISHUN,5 ROOM,109,YISHUN RING RD,121,IMPROVED,1982,31,85000,419000,259374,8040600
1990-08,YISHUN,4 ROOM,110,YISHUN RING RD,84,SIMPLIFIED,1986,103,30000,258000,135251,13930900
1990-02,YISHUN,3 ROOM,111,YISHUN RING RD,67,NEW GENERATION,1982,78,28000,290000,124949,9746020
1990-12,YISHUN,4 ROOM,112,YISHUN RING RD,84,SIMPLIFIED,1985,68,30000,263000,134574,9151000
1990-11,YISHUN,4 ROOM,113,YISHUN RING RD,103,MODEL A,1986,65,37500,310000,150465,9780200
1990-02,YISHUN,3 ROOM,114,YISHUN RING RD,74,MODEL A,1983,126,37300,333000,143114,18032400
1990-03,YISHUN,3 ROOM,115,YISHUN RING RD,74,MODEL A,1983,57,43500,300888,162152,9242688
1990-01,YISHUN,3 ROOM,116,YISHUN RING RD,74,MODEL A,1983,92,38000,303000,144770,13318800
1990-02,YISHUN,3 ROOM,117,YISHUN RING RD,74,MODEL A,1983,65,35000,320000,141025,9166600
1990-05,YISHUN,3 ROOM,118,YISHUN RING RD,77,MODEL A,1983,73,40000,303000,149247,10895000
1991-01,YISHUN,4 ROOM,119,YISHUN RING RD,89,SIMPLIFIED,1985,12,37500,193000,102375,1228500
1990-11,YISHUN,4 ROOM,120,YISHUN RING RD,84,SIMPLIFIED,1986,64,52000,415000,217758,13936500
1990-01,YISHUN,3 ROOM,136,YISHUN RING RD,68,NEW GENERATION,1984,82,31000,292000,144224,11826400
1990-01,YISHUN,3 ROOM,137,YISHUN RING RD,68,NEW GENERATION,1985,125,30400,290000,142301,17787580
1990-01,YISHUN,3 ROOM,138,YISHUN RING RD,68,NEW GENERATION,1984,61,30500,308000,120377,7343008
1990-04,YISHUN,4 ROOM,139,YISHUN RING RD,93,NEW GENERATION,1984,85,37000,310500,158793,13497400
1990-08,YISHUN,4 ROOM,140,YISHUN RING RD,91,NEW GENERATION,1985,61,31000,305000,154418,9419500
1990-02,YISHUN,3 ROOM,141,YISHUN RING RD,68,NEW GENERATION,1984,65,33000,288000,137027,8906760
1991-01,YISHUN,4 ROOM,142,YISHUN RING RD,93,NEW GENERATION,1984,59,33000,300000,153563,9060200
1990-01,YISHUN,3 ROOM,143,YISHUN RING RD,68,NEW GENERATION,1985,23,30400,235000,118740,2731020
1991-07,YISHUN,4 ROOM,165,YISHUN RING RD,103,MODEL A,1988,53,70000,350000,158292,8389500
1992-08,YISHUN,4 ROOM,166,YISHUN RING RD,84,SIMPLIFIED,1987,83,44000,415000,234089,19429360
1992-04,YISHUN,4 ROOM,167,YISHUN RING RD,84,SIMPLIFIED,1987,72,58300,440800,235939,16987600
1990-04,YISHUN,4 ROOM,236,YISHUN RING RD,93,NEW GENERATION,1985,58,48000,482000,209448,12148000
1992-04,YISHUN,4 ROOM,237,YISHUN RING RD,93,NEW GENERATION,1985,65,58000,478000,194071,12614600
1990-01,YISHUN,5 ROOM,238,YISHUN RING RD,125,IMPROVED,1985,82,63500,462000,271933,22298500
1990-11,YISHUN,4 ROOM,239,YISHUN RING RD,93,NEW GENERATION,1985,17,60000,277000,142076,2415300
1990-01,YISHUN,5 ROOM,240,YISHUN RING RD,123,IMPROVED,1985,93,55500,435000,280125,26051600
1990-03,YISHUN,3 ROOM,241,YISHUN RING RD,67,NEW GENERATION,1986,73,31500,450000,182902,13351880
1990-03,YISHUN,4 ROOM,242,YISHUN RING RD,96,NEW GENERATION,1986,75,31500,460000,168053,12604000
1990-10,YISHUN,3 ROOM,243,YISHUN RING RD,64,SIMPLIFIED,1985,60,37500,320000,159077,9544600
1990-06,YISHUN,4 ROOM,244,YISHUN RING RD,84,SIMPLIFIED,1985,66,43000,288000,163971,10822100
1990-07,YISHUN,4 ROOM,251,YISHUN RING RD,84,SIMPLIFIED,1984,18,58000,305000,181128,3260300
1992-04,YISHUN,4 ROOM,252,YISHUN RING RD,105,MODEL A,1985,15,58000,268000,179233,2688500
1990-05,YISHUN,4 ROOM,253,YISHUN RING RD,104,MODEL A,1985,79,55000,325000,183175,14470800
1990-01,YISHUN,4 ROOM,254,YISHUN RING RD,104,MODEL A,1985,91,47000,318000,173115,15753460
1990-04,YISHUN,4 ROOM,255,YISHUN RING RD,104,MODEL A,1985,95,50000,320000,191938,18234100
1990-05,YISHUN,4 ROOM,256,YISHUN RING RD,84,SIMPLIFIED,1985,8,49000,215000,117500,940000
1990-08,YISHUN,4 ROOM,257,YISHUN RING RD,103,MODEL A,1986,63,58000,412000,209619,13205988
1992-09,YISHUN,5 ROOM,308,YISHUN RING RD,122,IMPROVED,1988,46,98700,438000,287852,13241200
1999-04,YISHUN,4 ROOM,309,YISHUN RING RD,105,MODEL A,1995,33,226000,385000,291958,9634600
1999-07,YISHUN,5 ROOM,310,YISHUN RING RD,126,IMPROVED,1995,14,227000,390000,329857,4618000
1992-05,YISHUN,4 ROOM,311,YISHUN RING RD,104,MODEL A,1987,77,45000,328000,196945,15164800
1992-01,YISHUN,4 ROOM,312,YISHUN RING RD,104,MODEL A,1987,66,59000,320000,194632,12845688
1999-05,YISHUN,4 ROOM,314,YISHUN RING RD,105,MODEL A,1995,28,227000,391000,298964,8371000
1990-01,YISHUN,EXECUTIVE,326,YISHUN RING RD,146,MAISONETTE,1988,71,150000,575000,412823,29310400
1992-12,YISHUN,4 ROOM,327,YISHUN RING RD,84,SIMPLIFIED,1988,77,55000,327000,187868,14465800
1993-03,YISHUN,EXECUTIVE,328,YISHUN RING RD,142,APARTMENT,1988,56,215000,585000,404216,22636100
1992-12,YISHUN,4 ROOM,329,YISHUN RING RD,84,SIMPLIFIED,1988,69,58000,320000,192045,13251100
1999-03,YISHUN,5 ROOM,330,YISHUN RING RD,125,IMPROVED,1995,30,226000,370000,288877,8666300
1993-07,YISHUN,4 ROOM,331,YISHUN RING RD,103,MODEL A,1988,67,137000,458000,272201,18237500
1993-05,YISHUN,4 ROOM,332,YISHUN RING RD,104,MODEL A,1988,57,90000,480000,286896,16353076
1990-06,YISHUN,EXECUTIVE,352,YISHUN RING RD,146,MAISONETTE,1988,50,192050,585000,418761,20938050
1993-08,YISHUN,4 ROOM,353,YISHUN RING RD,105,MODEL A,1989,81,86000,350000,194717,15772100
1993-05,YISHUN,4 ROOM,354,YISHUN RING RD,105,MODEL A,1989,93,82000,364000,184035,17115300
1993-08,YISHUN,EXECUTIVE,355,YISHUN RING RD,146,MAISONETTE,1988,45,300000,590000,428084,19263800
1993-05,YISHUN,EXECUTIVE,355A,YISHUN RING RD,145,MAISONETTE,1988,13,235000,570000,415615,5403000
1993-05,YISHUN,EXECUTIVE,356,YISHUN RING RD,146,MAISONETTE,1988,59,250000,625000,418363,24683400
1993-07,YISHUN,5 ROOM,357,YISHUN RING RD,127,IMPROVED,1988,50,160000,437000,292440,14622000
1990-02,YISHUN,EXECUTIVE,358,YISHUN RING RD,145,MAISONETTE,1988,14,150000,620000,417500,5845000
1993-08,YISHUN,EXECUTIVE,359,YISHUN RING RD,145,APARTMENT,1988,45,265000,593000,427111,19220000
1993-03,YISHUN,EXECUTIVE,360,YISHUN RING RD,142,APARTMENT,1988,52,208800,595000,410282,21334688
1993-05,YISHUN,EXECUTIVE,361,YISHUN RING RD,145,MAISONETTE,1988,15,230000,575000,433067,6496000
1993-08,YISHUN,4 ROOM,362,YISHUN RING RD,105,MODEL A,1988,67,86000,326800,184434,12357100
1993-11,YISHUN,4 ROOM,363,YISHUN RING RD,105,MODEL A,1988,71,88000,310000,187130,13286200
1993-12,YISHUN,EXECUTIVE,364,YISHUN RING RD,145,MAISONETTE,1988,19,335000,543000,430000,8170000
1993-09,YISHUN,3 ROOM,365,YISHUN RING RD,74,MODEL A,1989,76,55000,316000,189291,14386100
1993-07,YISHUN,5 ROOM,366,YISHUN RING RD,122,IMPROVED,1988,49,133000,400000,279857,13713000
1993-06,YISHUN,5 ROOM,367,YISHUN RING RD,121,IMPROVED,1988,76,126000,445000,270813,20581800
1992-07,YISHUN,5 ROOM,386,YISHUN RING RD,127,IMPROVED,1988,64,148500,460000,286841,18357800
1993-02,YISHUN,EXECUTIVE,387,YISHUN RING RD,142,APARTMENT,1988,44,208000,600000,408794,17986940
1991-03,YISHUN,4 ROOM,388,YISHUN RING RD,84,SIMPLIFIED,1988,78,45000,330000,192686,15029500
1993-03,YISHUN,4 ROOM,395,YISHUN RING RD,104,MODEL A,1988,62,45000,324000,196418,12177900
1993-10,YISHUN,4 ROOM,398,YISHUN RING RD,104,MODEL A,1988,46,169200,450000,290587,13367000
1993-09,YISHUN,4 ROOM,402,YISHUN RING RD,108,MODEL A,1989,75,68000,338000,178667,13400000
1993-11,YISHUN,3 ROOM,409,YISHUN RING RD,74,MODEL A,1988,86,79000,330000,179459,15433500
1993-08,YISHUN,4 ROOM,410,YISHUN RING RD,104,MODEL A,1988,55,140000,450000,289264,15909525
1997-10,YISHUN,4 ROOM,411,YISHUN RING RD,105,MODEL A,1993,30,227000,423000,303767,9113000
1997-06,YISHUN,4 ROOM,412,YISHUN RING RD,107,MODEL A,1993,28,234000,420000,296957,8314800
1997-07,YISHUN,5 ROOM,413,YISHUN RING RD,123,IMPROVED,1993,23,215000,440000,332122,7638800
1991-07,YISHUN,4 ROOM,615,YISHUN RING RD,107,MODEL A,1988,63,50000,333000,178175,11225000
1995-09,YISHUN,EXECUTIVE,616,YISHUN RING RD,159,APARTMENT,1992,7,341800,650000,459686,3217800
1991-05,YISHUN,4 ROOM,617,YISHUN RING RD,105,MODEL A,1988,83,50000,348000,179552,14902800
1995-08,YISHUN,4 ROOM,618,YISHUN RING RD,105,MODEL A,1992,24,112000,667000,366158,8787780
1992-01,YISHUN,4 ROOM,619,YISHUN RING RD,85,SIMPLIFIED,1987,56,60000,430000,250116,14006500
1992-01,YISHUN,4 ROOM,620,YISHUN RING RD,85,SIMPLIFIED,1987,64,50000,482222,247019,15809222
1991-07,YISHUN,4 ROOM,621,YISHUN RING RD,103,MODEL A,1988,85,46000,332000,182699,15529400
1991-09,YISHUN,3 ROOM,622,YISHUN RING RD,73,MODEL A,1987,59,55000,332000,191932,11323988
1991-08,YISHUN,5 ROOM,624,YISHUN RING RD,123,IMPROVED,1987,82,58000,460000,235661,19324200
1991-01,YISHUN,4 ROOM,775,YISHUN RING RD,83,SIMPLIFIED,1986,104,58000,479000,257715,26802388
1992-02,YISHUN,4 ROOM,780,YISHUN RING RD,84,SIMPLIFIED,1988,11,60000,232000,142818,1571000
1991-01,YISHUN,4 ROOM,781,YISHUN RING RD,105,MODEL A,1988,58,49000,327000,186200,10799600
1991-03,YISHUN,4 ROOM,782,YISHUN RING RD,88,SIMPLIFIED,1988,26,30000,270000,148096,3850500
1990-12,YISHUN,4 ROOM,783,YISHUN RING RD,105,MODEL A,1987,98,52000,335000,170797,16738100
1992-09,YISHUN,5 ROOM,786,YISHUN RING RD,121,IMPROVED,1987,52,104000,463800,288477,15000800
1992-09,YISHUN,5 ROOM,787,YISHUN RING RD,121,IMPROVED,1988,59,58000,470000,276314,16302500
1992-03,YISHUN,EXECUTIVE,792,YISHUN RING RD,142,APARTMENT,1987,35,170000,588000,400400,14014000
1996-01,YISHUN,5 ROOM,793,YISHUN RING RD,132,MODEL A,1992,7,330000,611000,480543,3363800
1991-07,YISHUN,5 ROOM,794,YISHUN RING RD,121,IMPROVED,1987,52,88000,465000,242565,12613388
1991-08,YISHUN,5 ROOM,795,YISHUN RING RD,122,IMPROVED,1987,66,60000,475000,277641,18324300
1993-11,YISHUN,4 ROOM,795A,YISHUN RING RD,84,SIMPLIFIED,1986,7,115000,235000,166857,1168000
1991-08,YISHUN,5 ROOM,796,YISHUN RING RD,120,IMPROVED,1987,52,60000,443000,283252,14729100
1995-04,YISHUN,3 ROOM,796A,YISHUN RING RD,64,SIMPLIFIED,1986,5,85000,195000,136000,680000
1993-01,YISHUN,3 ROOM,797,YISHUN RING RD,65,SIMPLIFIED,1987,17,32500,185000,117941,2005000
1991-09,YISHUN,5 ROOM,798,YISHUN RING RD,123,IMPROVED,1986,59,85000,500000,271627,16026000
1991-08,YISHUN,5 ROOM,799,YISHUN RING RD,122,IMPROVED,1987,48,100000,435000,274671,13184200
1991-06,YISHUN,4 ROOM,800,YISHUN RING RD,84,SIMPLIFIED,1987,57,50000,360000,192423,10968100
1991-11,YISHUN,3 ROOM,801,YISHUN RING RD,64,SIMPLIFIED,1986,16,33000,291000,127000,2032000
1991-10,YISHUN,4 ROOM,802,YISHUN RING RD,105,MODEL A,1987,66,47000,348000,173380,11443088
1991-05,YISHUN,4 ROOM,803,YISHUN RING RD,104,MODEL A,1988,71,52000,377000,188518,13384800
1990-11,YISHUN,4 ROOM,804,YISHUN RING RD,84,SIMPLIFIED,1987,90,50000,470000,238390,21455100
1990-04,YISHUN,5 ROOM,805,YISHUN RING RD,122,IMPROVED,1987,93,41700,488000,255416,23753700
1991-09,YISHUN,4 ROOM,806,YISHUN RING RD,104,MODEL A,1987,76,56000,352000,183487,13945000
1991-10,YISHUN,4 ROOM,807,YISHUN RING RD,89,SIMPLIFIED,1986,15,65000,265000,163167,2447500
1991-08,YISHUN,4 ROOM,808,YISHUN RING RD,104,MODEL A,1987,79,56000,355000,186020,14695600
1991-08,YISHUN,5 ROOM,809,YISHUN RING RD,121,IMPROVED,1987,60,57000,475000,299722,17983300
1991-08,YISHUN,5 ROOM,810,YISHUN RING RD,121,IMPROVED,1987,62,98000,483000,313173,19416700
1992-06,YISHUN,3 ROOM,811,YISHUN RING RD,77,SIMPLIFIED,1987,11,37000,190000,125909,1385000
1991-08,YISHUN,5 ROOM,812,YISHUN RING RD,122,IMPROVED,1987,63,70000,483000,253822,15990800
1996-03,YISHUN,4 ROOM,846,YISHUN RING RD,91,NEW GENERATION,1993,16,165000,508000,352500,5640000
1992-07,YISHUN,4 ROOM,853,YISHUN RING RD,105,MODEL A,1988,66,50000,377500,185070,12214600
1993-06,YISHUN,4 ROOM,854,YISHUN RING RD,104,MODEL A,1988,37,165000,463000,300162,11106000
1993-08,YISHUN,5 ROOM,855,YISHUN RING RD,122,IMPROVED,1988,47,165000,500000,326655,15352800
1990-01,YISHUN,3 ROOM,121,YISHUN ST 11,67,NEW GENERATION,1984,68,32000,266000,136493,9281500
1990-07,YISHUN,3 ROOM,122,YISHUN ST 11,67,NEW GENERATION,1984,67,34000,290000,143900,9641300
1990-11,YISHUN,4 ROOM,123,YISHUN ST 11,95,NEW GENERATION,1985,79,30400,310000,149910,11842900
1990-04,YISHUN,3 ROOM,124,YISHUN ST 11,67,NEW GENERATION,1985,88,37000,415000,161622,14222700
1990-04,YISHUN,3 ROOM,125,YISHUN ST 11,67,NEW GENERATION,1984,73,35000,295000,140596,10263488
1990-03,YISHUN,3 ROOM,126,YISHUN ST 11,67,NEW GENERATION,1984,75,35000,315000,141064,10579800
1990-03,YISHUN,3 ROOM,127,YISHUN ST 11,67,NEW GENERATION,1984,64,30500,315000,132817,8500260
1990-01,YISHUN,4 ROOM,128,YISHUN ST 11,105,MODEL A,1985,84,43000,355000,158102,13280600
1990-03,YISHUN,3 ROOM,129,YISHUN ST 11,73,NEW GENERATION,1984,27,46000,305000,162481,4387000
1990-03,YISHUN,3 ROOM,130,YISHUN ST 11,74,MODEL A,1985,76,47000,322500,167961,12765000
1990-03,YISHUN,4 ROOM,131,YISHUN ST 11,105,MODEL A,1985,80,48000,326000,165006,13200500
1990-08,YISHUN,4 ROOM,132,YISHUN ST 11,105,MODEL A,1985,79,65000,315000,184742,14594600
1990-05,YISHUN,3 ROOM,133,YISHUN ST 11,68,NEW GENERATION,1984,38,30400,285000,133564,5075450
1990-02,YISHUN,3 ROOM,134,YISHUN ST 11,68,NEW GENERATION,1984,52,32000,303000,142405,7405060
1990-09,YISHUN,3 ROOM,135,YISHUN ST 11,67,NEW GENERATION,1985,43,35000,305000,144256,6203000
1991-05,YISHUN,3 ROOM,144,YISHUN ST 11,68,NEW GENERATION,1984,27,31000,255000,128704,3475000
1990-03,YISHUN,3 ROOM,145,YISHUN ST 11,67,NEW GENERATION,1985,50,34500,300000,144904,7245200
1990-01,YISHUN,4 ROOM,146,YISHUN ST 11,98,NEW GENERATION,1985,64,31000,310000,153873,9847900
1990-07,YISHUN,3 ROOM,147,YISHUN ST 11,67,NEW GENERATION,1985,64,30400,310000,154631,9896400
1990-03,YISHUN,4 ROOM,148,YISHUN ST 11,93,NEW GENERATION,1985,121,33000,500000,178125,21553100
1990-02,YISHUN,5 ROOM,149,YISHUN ST 11,121,IMPROVED,1985,48,80000,470000,285225,13690800
1991-01,YISHUN,3 ROOM,150,YISHUN ST 11,71,NEW GENERATION,1985,69,31000,330000,170845,11788300
1990-02,YISHUN,3 ROOM,151,YISHUN ST 11,67,NEW GENERATION,1985,53,32000,324000,143675,7614800
1990-11,YISHUN,3 ROOM,152,YISHUN ST 11,83,NEW GENERATION,1985,16,40000,192500,124000,1984000
1990-03,YISHUN,3 ROOM,153,YISHUN ST 11,67,NEW GENERATION,1986,74,35000,308000,157773,11675188
1990-01,YISHUN,5 ROOM,154,YISHUN ST 11,121,IMPROVED,1985,69,98000,438000,280609,19362000
1990-04,YISHUN,5 ROOM,155,YISHUN ST 11,121,IMPROVED,1985,67,60000,472500,289940,19426000
1990-12,YISHUN,3 ROOM,156,YISHUN ST 11,67,NEW GENERATION,1985,16,42500,236000,138362,2213800
1990-06,YISHUN,4 ROOM,157,YISHUN ST 11,93,NEW GENERATION,1985,59,40000,315000,141227,8332380
1990-03,YISHUN,3 ROOM,158,YISHUN ST 11,74,NEW GENERATION,1985,22,30400,195000,126950,2792900
1990-01,YISHUN,5 ROOM,159,YISHUN ST 11,121,IMPROVED,1985,69,80000,458000,267666,18468988
1990-02,YISHUN,4 ROOM,160,YISHUN ST 11,93,NEW GENERATION,1985,55,46000,305000,154264,8484500
1990-01,YISHUN,5 ROOM,161,YISHUN ST 11,121,IMPROVED,1985,91,48000,445000,269379,24513500
1990-06,YISHUN,4 ROOM,201,YISHUN ST 21,96,NEW GENERATION,1985,60,41000,318000,149725,8983500
1990-05,YISHUN,3 ROOM,202,YISHUN ST 21,71,NEW GENERATION,1985,60,40000,300000,152242,9134500
1990-02,YISHUN,3 ROOM,203,YISHUN ST 21,67,NEW GENERATION,1985,62,31000,355000,166445,10319580
1990-03,YISHUN,3 ROOM,204,YISHUN ST 21,67,NEW GENERATION,1985,75,40000,342000,154880,11616000
1990-01,YISHUN,4 ROOM,205,YISHUN ST 21,93,NEW GENERATION,1985,73,35000,450000,173199,12643560
1990-07,YISHUN,3 ROOM,206,YISHUN ST 21,73,NEW GENERATION,1985,33,34000,305000,142288,4695500
1991-01,YISHUN,3 ROOM,207,YISHUN ST 21,73,NEW GENERATION,1985,19,38000,310000,161974,3077500
1990-07,YISHUN,3 ROOM,208,YISHUN ST 21,67,NEW GENERATION,1985,64,42700,315000,170680,10923500
1990-03,YISHUN,5 ROOM,209,YISHUN ST 21,121,IMPROVED,1985,70,80000,470000,283049,19813400
1990-01,YISHUN,4 ROOM,210,YISHUN ST 21,93,NEW GENERATION,1985,94,34500,309000,162970,15319180
1990-02,YISHUN,3 ROOM,211,YISHUN ST 21,67,NEW GENERATION,1985,66,34000,305000,161718,10673400
1990-03,YISHUN,5 ROOM,212,YISHUN ST 21,121,IMPROVED,1985,62,90000,445000,274585,17024288
1990-07,YISHUN,5 ROOM,213,YISHUN ST 21,127,IMPROVED,1985,67,89900,480000,290711,19477668
1990-04,YISHUN,3 ROOM,214,YISHUN ST 21,67,NEW GENERATION,1985,77,36000,295000,155263,11955220
1990-01,YISHUN,3 ROOM,215,YISHUN ST 21,67,NEW GENERATION,1985,83,31000,315000,160446,13317000
1990-01,YISHUN,3 ROOM,216,YISHUN ST 21,68,NEW GENERATION,1985,78,31000,310000,155879,12158560
1990-01,YISHUN,3 ROOM,217,YISHUN ST 21,68,NEW GENERATION,1985,58,38000,305000,150245,8714200
1990-12,YISHUN,3 ROOM,218,YISHUN ST 21,68,NEW GENERATION,1985,69,32000,305000,151041,10421800
1990-01,YISHUN,3 ROOM,219,YISHUN ST 21,68,NEW GENERATION,1985,73,31500,314000,137889,10065876
1990-01,YISHUN,4 ROOM,220,YISHUN ST 21,93,NEW GENERATION,1985,70,34000,300000,148916,10424150
1990-01,YISHUN,5 ROOM,221,YISHUN ST 21,121,IMPROVED,1985,75,85000,450000,274217,20566288
1991-01,YISHUN,3 ROOM,222,YISHUN ST 21,67,NEW GENERATION,1985,53,31000,460000,172730,9154700
1991-01,YISHUN,4 ROOM,223,YISHUN ST 21,93,NEW GENERATION,1986,49,55000,443000,202337,9914500
1990-08,YISHUN,3 ROOM,224,YISHUN ST 21,73,NEW GENERATION,1985,60,42700,470000,183690,11021400
1990-03,YISHUN,4 ROOM,225,YISHUN ST 21,93,NEW GENERATION,1985,49,42000,485000,198006,9702300
1990-10,YISHUN,3 ROOM,226,YISHUN ST 21,73,NEW GENERATION,1985,12,32000,225000,132125,1585500
1990-05,YISHUN,3 ROOM,227,YISHUN ST 21,67,NEW GENERATION,1985,68,42500,471000,206193,14021100
1990-05,YISHUN,4 ROOM,228,YISHUN ST 21,93,NEW GENERATION,1985,60,32000,482000,174630,10477800
1990-01,YISHUN,5 ROOM,229,YISHUN ST 21,121,IMPROVED,1985,68,63000,425000,269165,18303200
1990-05,YISHUN,4 ROOM,230,YISHUN ST 21,93,NEW GENERATION,1985,15,65000,258000,149853,2247800
1990-01,YISHUN,5 ROOM,231,YISHUN ST 21,121,IMPROVED,1985,60,90000,455000,268193,16091588
1990-07,YISHUN,5 ROOM,232,YISHUN ST 21,125,IMPROVED,1985,85,64000,438000,275416,23410380
1996-01,YISHUN,3 ROOM,233,YISHUN ST 21,67,NEW GENERATION,1985,6,135000,300000,182667,1096000
1990-02,YISHUN,4 ROOM,234,YISHUN ST 21,96,NEW GENERATION,1985,59,42500,455000,189078,11155600
1990-10,YISHUN,4 ROOM,235,YISHUN ST 21,100,NEW GENERATION,1985,49,64000,495000,223255,10939500
1993-06,YISHUN,EXECUTIVE,258,YISHUN ST 22,148,MAISONETTE,1985,5,180000,600000,382200,1911000
1992-04,YISHUN,5 ROOM,259,YISHUN ST 22,122,IMPROVED,1986,51,68300,396000,228674,11662398
1990-08,YISHUN,4 ROOM,260,YISHUN ST 22,84,SIMPLIFIED,1985,84,50000,330000,181611,15255300
1990-06,YISHUN,4 ROOM,261,YISHUN ST 22,89,SIMPLIFIED,1985,7,37500,245000,103457,724200
1990-01,YISHUN,4 ROOM,262,YISHUN ST 22,104,MODEL A,1985,79,50000,330000,186186,14708688
1990-09,YISHUN,4 ROOM,263,YISHUN ST 22,104,MODEL A,1986,50,37500,365000,179959,8997960
1992-02,YISHUN,4 ROOM,264,YISHUN ST 22,104,MODEL A,1986,57,27000,325000,165851,9453520
1990-11,YISHUN,5 ROOM,265,YISHUN ST 22,122,IMPROVED,1986,99,59000,406000,220341,21813800
1990-11,YISHUN,3 ROOM,266,YISHUN ST 22,74,MODEL A,1987,80,43000,330000,163545,13083600
1991-06,YISHUN,4 ROOM,267,YISHUN ST 22,104,MODEL A,1985,14,37500,315000,142893,2000500
1990-08,YISHUN,4 ROOM,268,YISHUN ST 22,90,SIMPLIFIED,1985,14,37500,287000,144621,2024700
1990-04,YISHUN,4 ROOM,269,YISHUN ST 22,84,SIMPLIFIED,1988,54,45000,420000,180493,9746600
1990-10,YISHUN,4 ROOM,270,YISHUN ST 22,108,MODEL A,1987,66,42000,320000,161906,10685800
1993-09,YISHUN,4 ROOM,271,YISHUN ST 22,104,MODEL A,1985,18,83000,305000,170361,3066500
1990-07,YISHUN,5 ROOM,272,YISHUN ST 22,122,IMPROVED,1987,78,44000,438000,212486,16573900
1990-11,YISHUN,3 ROOM,273,YISHUN ST 22,74,MODEL A,1986,83,40000,310000,154136,12793300
1990-11,YISHUN,3 ROOM,274,YISHUN ST 22,74,MODEL A,1986,96,54000,310000,164961,15836300
1990-03,YISHUN,4 ROOM,275,YISHUN ST 22,104,MODEL A,1986,84,48000,332000,181561,15251100
1990-01,YISHUN,4 ROOM,276,YISHUN ST 22,104,MODEL A,1985,93,50000,330000,178490,16599600
1990-09,YISHUN,EXECUTIVE,277,YISHUN ST 22,152,MAISONETTE,1985,63,145000,560000,373394,23523800
1990-04,YISHUN,4 ROOM,278,YISHUN ST 22,104,MODEL A,1985,98,46000,338000,188983,18520286
1990-02,YISHUN,4 ROOM,279,YISHUN ST 22,104,MODEL A,1985,89,54000,316000,178588,15894300
1990-01,YISHUN,4 ROOM,280,YISHUN ST 22,84,SIMPLIFIED,1985,61,48000,320000,186823,11396200
1990-07,YISHUN,EXECUTIVE,281,YISHUN ST 22,152,MAISONETTE,1985,14,115000,500000,324584,4544180
1995-08,YISHUN,EXECUTIVE,291,YISHUN ST 22,169,APARTMENT,1992,24,158000,615000,357042,8569000
1996-02,YISHUN,5 ROOM,292,YISHUN ST 22,133,MODEL A,1992,16,155000,628000,420875,6734000
1994-11,YISHUN,EXECUTIVE,293,YISHUN ST 22,163,APARTMENT,1992,23,145000,630000,401239,9228500
1991-11,YISHUN,5 ROOM,602,YISHUN ST 61,121,IMPROVED,1987,62,60000,428000,240655,14920600
1992-03,YISHUN,5 ROOM,603,YISHUN ST 61,121,IMPROVED,1987,59,58000,460000,257683,15203288
1995-04,YISHUN,EXECUTIVE,604,YISHUN ST 61,164,APARTMENT,1992,27,128000,630000,378241,10212500
1992-09,YISHUN,MULTI GENERATION,605,YISHUN ST 61,159,MULTI GENERATION,1988,36,116000,590000,273578,9848800
1991-10,YISHUN,EXECUTIVE,606,YISHUN ST 61,146,MAISONETTE,1987,64,120000,590000,364539,23330500
1991-10,YISHUN,4 ROOM,607,YISHUN ST 61,83,SIMPLIFIED,1987,56,48000,433000,245821,13766000
1994-02,YISHUN,5 ROOM,608,YISHUN ST 61,132,MODEL A,1992,7,250000,500000,434571,3042000
1991-04,YISHUN,4 ROOM,609,YISHUN ST 61,104,MODEL A,1986,110,45000,341000,190775,20985200
1991-03,YISHUN,4 ROOM,610,YISHUN ST 61,104,MODEL A,1986,88,58000,338000,190858,16795500
1991-10,YISHUN,EXECUTIVE,611,YISHUN ST 61,142,APARTMENT,1987,50,145000,580000,406270,20313500
1991-09,YISHUN,5 ROOM,612,YISHUN ST 61,121,IMPROVED,1987,48,99000,425000,263329,12639800
1992-05,YISHUN,5 ROOM,613,YISHUN ST 61,121,IMPROVED,1987,64,100000,440000,258462,16541600
1991-09,YISHUN,EXECUTIVE,614,YISHUN ST 61,142,APARTMENT,1987,66,145000,615000,386826,25530520
1991-11,YISHUN,4 ROOM,625,YISHUN ST 61,85,SIMPLIFIED,1987,55,45000,470000,259129,14252100
1991-01,YISHUN,5 ROOM,626,YISHUN ST 61,121,IMPROVED,1987,70,58200,475000,246706,17269400
1991-10,YISHUN,4 ROOM,627,YISHUN ST 61,107,MODEL A,1988,80,61700,350000,190856,15268500
1991-12,YISHUN,3 ROOM,628,YISHUN ST 61,73,MODEL A,1988,82,56000,340000,190306,15605080
1991-08,YISHUN,4 ROOM,629,YISHUN ST 61,105,MODEL A,1988,59,50000,340000,190789,11256580
1991-10,YISHUN,3 ROOM,630,YISHUN ST 61,73,MODEL A,1988,80,40000,355000,186129,14890300
1996-01,YISHUN,5 ROOM,631,YISHUN ST 61,141,MODEL A,1992,13,131000,590000,339615,4415000
1991-06,YISHUN,MULTI GENERATION,632,YISHUN ST 61,164,MULTI GENERATION,1987,40,72000,640000,305962,12238500
1991-04,YISHUN,MULTI GENERATION,633,YISHUN ST 61,151,MULTI GENERATION,1987,49,141400,690000,433090,21221400
1996-04,YISHUN,EXECUTIVE,633A,YISHUN ST 61,159,APARTMENT,1992,7,146000,588000,369857,2589000
1992-01,YISHUN,4 ROOM,634,YISHUN ST 61,104,MODEL A,1987,76,50000,330000,189662,14414300
1991-06,YISHUN,4 ROOM,635,YISHUN ST 61,84,SIMPLIFIED,1987,88,45000,323000,187540,16503500
1992-03,YISHUN,4 ROOM,636,YISHUN ST 61,85,SIMPLIFIED,1987,53,58000,437000,227387,12051500
1996-03,YISHUN,EXECUTIVE,636A,YISHUN ST 61,164,APARTMENT,1992,4,109000,590000,373000,1492000
1992-04,YISHUN,5 ROOM,637,YISHUN ST 61,121,IMPROVED,1987,55,98000,440000,246636,13565000
1996-06,YISHUN,EXECUTIVE,637A,YISHUN ST 61,164,APARTMENT,1992,5,148000,660000,374200,1871000
1991-08,YISHUN,4 ROOM,638,YISHUN ST 61,104,MODEL A,1987,69,70000,337000,186712,12883100
1991-06,YISHUN,4 ROOM,639,YISHUN ST 61,104,MODEL A,1987,90,50000,320000,191364,17222800
1993-10,YISHUN,EXECUTIVE,640,YISHUN ST 61,164,APARTMENT,1992,19,122000,680000,378684,7195000
1995-04,YISHUN,EXECUTIVE,640A,YISHUN ST 61,164,APARTMENT,1992,3,127000,600000,361333,1084000
1995-05,YISHUN,EXECUTIVE,641,YISHUN ST 61,164,APARTMENT,1992,30,108000,620080,301263,9037880
1991-07,YISHUN,4 ROOM,642,YISHUN ST 61,104,MODEL A,1986,79,46000,320000,179786,14203100
1990-07,YISHUN,EXECUTIVE,643,YISHUN ST 61,147,APARTMENT,1987,88,145180,620000,388108,34153480
1992-01,YISHUN,5 ROOM,644,YISHUN ST 61,121,IMPROVED,1988,76,50000,440000,252239,19170200
1994-05,YISHUN,4 ROOM,645,YISHUN ST 61,91,NEW GENERATION,1992,29,115000,660000,317824,9216900
1996-02,YISHUN,EXECUTIVE,645A,YISHUN ST 61,164,APARTMENT,1992,4,155000,600000,310250,1241000
1991-11,YISHUN,4 ROOM,646,YISHUN ST 61,104,MODEL A,1987,85,57000,330000,190106,16159000
1991-11,YISHUN,5 ROOM,647,YISHUN ST 61,121,IMPROVED,1987,56,56000,410000,229256,12838320
1990-11,YISHUN,4 ROOM,713,YISHUN ST 71,84,SIMPLIFIED,1987,67,42000,402000,191518,12831700
1992-01,YISHUN,4 ROOM,714,YISHUN ST 71,88,SIMPLIFIED,1988,36,37500,280000,139786,5032300
1991-03,YISHUN,5 ROOM,715,YISHUN ST 71,122,IMPROVED,1987,72,48000,422000,185778,13376000
1991-07,YISHUN,4 ROOM,716,YISHUN ST 71,88,SIMPLIFIED,1987,55,31000,443000,167504,9212700
1991-05,YISHUN,4 ROOM,717,YISHUN ST 71,84,SIMPLIFIED,1987,73,37500,470000,155960,11385100
1990-07,YISHUN,4 ROOM,718,YISHUN ST 71,84,SIMPLIFIED,1987,48,50000,255000,140104,6725000
1990-11,YISHUN,4 ROOM,719,YISHUN ST 71,89,SIMPLIFIED,1987,79,36000,275000,140246,11079400
1990-09,YISHUN,4 ROOM,720,YISHUN ST 71,84,SIMPLIFIED,1985,72,47000,315000,188615,13580280
1990-03,YISHUN,4 ROOM,721,YISHUN ST 71,104,MODEL A,1985,79,52800,346000,178028,14064200
1991-04,YISHUN,4 ROOM,722,YISHUN ST 71,84,SIMPLIFIED,1987,94,31000,426000,148576,13966100
1991-01,YISHUN,EXECUTIVE,723,YISHUN ST 71,145,APARTMENT,1986,73,145000,650000,378803,27652600
1990-07,YISHUN,EXECUTIVE,724,YISHUN ST 71,142,APARTMENT,1986,84,145000,580000,356454,29942168
1990-08,YISHUN,4 ROOM,725,YISHUN ST 71,89,SIMPLIFIED,1987,87,30000,278000,143866,12516300
1990-02,YISHUN,4 ROOM,726,YISHUN ST 71,84,SIMPLIFIED,1985,94,45000,321000,168640,15852188
1990-03,YISHUN,4 ROOM,727,YISHUN ST 71,104,MODEL A,1985,83,44600,350000,174799,14508310
1990-10,YISHUN,4 ROOM,728,YISHUN ST 71,89,SIMPLIFIED,1987,72,37000,295000,141508,10188600
1991-05,YISHUN,4 ROOM,729,YISHUN ST 71,84,SIMPLIFIED,1987,59,30000,263500,137956,8139400
1990-08,YISHUN,5 ROOM,730,YISHUN ST 71,122,IMPROVED,1987,64,52000,480000,240083,15365300
1990-04,YISHUN,3 ROOM,731,YISHUN ST 72,82,NEW GENERATION,1984,20,31000,272000,128250,2565000
1990-05,YISHUN,3 ROOM,735,YISHUN ST 72,67,NEW GENERATION,1985,78,38000,306000,134573,10496700
1990-01,YISHUN,3 ROOM,736,YISHUN ST 72,67,NEW GENERATION,1984,88,37000,272000,136930,12049800
1990-02,YISHUN,4 ROOM,737,YISHUN ST 72,91,NEW GENERATION,1985,38,63500,325000,207547,7886800
1990-06,YISHUN,4 ROOM,738,YISHUN ST 72,91,NEW GENERATION,1985,55,56000,313000,214856,11817100
1990-10,YISHUN,4 ROOM,744,YISHUN ST 72,93,NEW GENERATION,1984,14,31000,255000,134214,1879000
1990-07,YISHUN,3 ROOM,745,YISHUN ST 72,67,NEW GENERATION,1985,91,34000,275000,152805,13905300
1990-05,YISHUN,3 ROOM,746,YISHUN ST 72,67,NEW GENERATION,1984,76,33000,248000,134786,10243700
1990-06,YISHUN,3 ROOM,747,YISHUN ST 72,68,NEW GENERATION,1984,14,31000,232000,103929,1455000
1991-08,YISHUN,3 ROOM,748,YISHUN ST 72,68,NEW GENERATION,1984,13,42500,305000,146500,1904500
1990-04,YISHUN,4 ROOM,749,YISHUN ST 72,91,NEW GENERATION,1984,45,60000,320000,201656,9074500
1990-12,YISHUN,4 ROOM,750,YISHUN ST 72,91,NEW GENERATION,1984,46,80000,315000,216150,9942888
1990-01,YISHUN,4 ROOM,751,YISHUN ST 72,91,NEW GENERATION,1984,59,47000,315000,201439,11884900
1990-01,YISHUN,4 ROOM,752,YISHUN ST 72,91,NEW GENERATION,1984,59,55000,310000,195396,11528388
1991-01,YISHUN,3 ROOM,753,YISHUN ST 72,69,SIMPLIFIED,1986,20,37000,170000,105392,2107838
1990-04,YISHUN,4 ROOM,754,YISHUN ST 72,104,MODEL A,1985,93,45000,330000,197023,18323100
1990-07,YISHUN,5 ROOM,755,YISHUN ST 72,122,IMPROVED,1986,96,45000,455000,217615,20891000
1990-02,YISHUN,4 ROOM,756,YISHUN ST 72,104,MODEL A,1985,93,50000,340000,186869,17378860
1990-06,YISHUN,5 ROOM,757,YISHUN ST 72,122,IMPROVED,1986,81,58000,440000,217612,17626600
1990-07,YISHUN,5 ROOM,758,YISHUN ST 72,127,IMPROVED,1986,69,42000,420000,250072,17254940
1990-03,YISHUN,4 ROOM,759,YISHUN ST 72,84,SIMPLIFIED,1985,94,44400,345000,187637,17637860
1990-08,YISHUN,5 ROOM,760,YISHUN ST 72,122,IMPROVED,1987,89,41700,445000,226702,20176500
1991-07,YISHUN,4 ROOM,761,YISHUN ST 72,83,SIMPLIFIED,1986,26,28000,250000,131361,3415380
1990-08,YISHUN,4 ROOM,762,YISHUN ST 72,104,MODEL A,1985,84,46000,338000,185261,15561900
1992-02,YISHUN,3 ROOM,763,YISHUN ST 72,65,SIMPLIFIED,1987,30,37000,188000,115400,3462000
1990-10,YISHUN,4 ROOM,764,YISHUN ST 72,104,MODEL A,1985,89,48500,337500,175198,15592600
1990-11,YISHUN,4 ROOM,765,YISHUN ST 72,84,SIMPLIFIED,1985,73,45000,335000,185500,13541500
1993-04,YISHUN,4 ROOM,816,YISHUN ST 81,108,MODEL A,1988,55,110000,401000,282204,15521200
1993-11,YISHUN,4 ROOM,817,YISHUN ST 81,108,MODEL A,1987,11,183000,440000,291727,3209000
1994-09,YISHUN,4 ROOM,819,YISHUN ST 81,113,MODEL A,1987,6,200000,348000,276733,1660400
1993-10,YISHUN,4 ROOM,820,YISHUN ST 81,103,MODEL A,1988,54,160000,488000,301213,16265500
1992-12,YISHUN,5 ROOM,821,YISHUN ST 81,127,IMPROVED,1987,36,76000,470000,310786,11188300
1996-11,YISHUN,3 ROOM,822,YISHUN ST 81,64,SIMPLIFIED,1992,4,173000,455000,309750,1239000
1994-12,YISHUN,3 ROOM,823,YISHUN ST 81,64,SIMPLIFIED,1992,4,78000,470000,219000,876000
1992-09,YISHUN,EXECUTIVE,824,YISHUN ST 81,142,APARTMENT,1987,31,200000,616000,439435,13622500
1992-07,YISHUN,3 ROOM,825,YISHUN ST 81,73,MODEL A,1988,79,39500,345000,188519,14893000
1992-09,YISHUN,EXECUTIVE,826,YISHUN ST 81,142,APARTMENT,1988,48,175000,635000,415348,19936680
1993-06,YISHUN,EXECUTIVE,827,YISHUN ST 81,146,MAISONETTE,1987,12,284000,570000,408917,4907000
1993-02,YISHUN,EXECUTIVE,828,YISHUN ST 81,142,APARTMENT,1988,45,148000,610000,425326,19139688
1992-05,YISHUN,4 ROOM,829,YISHUN ST 81,103,MODEL A,1988,89,40000,365000,193679,17237388
1993-04,YISHUN,3 ROOM,830,YISHUN ST 81,73,MODEL A,1988,69,50000,360000,174964,12072500
1992-12,YISHUN,5 ROOM,832,YISHUN ST 81,127,IMPROVED,1988,40,90000,475000,312150,12486000
1992-12,YISHUN,3 ROOM,833,YISHUN ST 81,73,MODEL A,1988,60,52000,335000,188841,11330440
1992-12,YISHUN,EXECUTIVE,834,YISHUN ST 81,146,MAISONETTE,1988,42,220000,648000,431571,18126000
1992-10,YISHUN,5 ROOM,835,YISHUN ST 81,122,IMPROVED,1987,19,101500,354000,264395,5023500
1993-04,YISHUN,EXECUTIVE,836,YISHUN ST 81,142,APARTMENT,1988,34,245000,620000,440353,14972000
1992-12,YISHUN,EXECUTIVE,837,YISHUN ST 81,154,MAISONETTE,1988,12,150000,625000,401750,4821000
1991-11,YISHUN,4 ROOM,838,YISHUN ST 81,104,MODEL A,1987,45,73000,430000,285084,12828798
1992-08,YISHUN,3 ROOM,839,YISHUN ST 81,73,MODEL A,1987,77,42000,345000,184539,14209500
1990-12,YISHUN,3 ROOM,840,YISHUN ST 81,73,MODEL A,1988,73,53000,372000,204089,14898500
1993-06,YISHUN,5 ROOM,841,YISHUN ST 81,122,IMPROVED,1988,38,165000,480000,327295,12437200
1993-12,YISHUN,4 ROOM,844,YISHUN ST 81,104,MODEL A,1988,37,170000,470000,321035,11878300
1996-01,YISHUN,5 ROOM,848,YISHUN ST 81,133,MODEL A,1993,11,125000,400000,321409,3535500
1993-01,YISHUN,5 ROOM,850,YISHUN ST 81,122,IMPROVED,1988,64,172000,468000,310927,19899300
1993-05,YISHUN,4 ROOM,851,YISHUN ST 81,104,MODEL A,1988,41,110000,466000,304732,12494000
1992-08,YISHUN,4 ROOM,852,YISHUN ST 81,104,MODEL A,1988,62,56000,365000,192100,11910200
1992-12,YISHUN,4 ROOM,865,YISHUN ST 81,104,MODEL A,1988,66,82000,493000,287485,18974000
1992-12,YISHUN,4 ROOM,866,YISHUN ST 81,104,MODEL A,1988,60,101500,440000,283563,17013800
1992-01,YISHUN,4 ROOM,867,YISHUN ST 81,84,SIMPLIFIED,1988,92,56000,325000,194441,17888580
1992-08,YISHUN,4 ROOM,868,YISHUN ST 81,104,MODEL A,1987,102,60000,343000,203843,20792000
1992-12,YISHUN,4 ROOM,870,YISHUN ST 81,104,MODEL A,1987,22,100000,450000,300023,6600500
1992-12,YISHUN,4 ROOM,871,YISHUN ST 81,104,MODEL A,1988,44,105000,475000,287286,12640600
1992-11,YISHUN,5 ROOM,872,YISHUN ST 81,127,IMPROVED,1988,51,110000,460000,286047,14588400
1993-04,YISHUN,4 ROOM,873,YISHUN ST 81,104,MODEL A,1988,63,133800,458800,290478,18300100
1992-11,YISHUN,5 ROOM,874,YISHUN ST 81,122,IMPROVED,1988,44,120000,473800,278591,12258025
1993-01,YISHUN,4 ROOM,875,YISHUN ST 81,84,SIMPLIFIED,1988,64,62000,350000,215297,13779000
1992-10,YISHUN,4 ROOM,876,YISHUN ST 81,83,SIMPLIFIED,1987,24,60000,425000,232833,5588000
1992-09,YISHUN,EXECUTIVE,877,YISHUN ST 81,145,MAISONETTE,1987,57,180000,630000,408100,23261688
1996-04,YISHUN,3 ROOM,878,YISHUN ST 81,64,SIMPLIFIED,1988,5,113000,190000,139100,695500
1992-12,YISHUN,4 ROOM,879,YISHUN ST 81,84,SIMPLIFIED,1987,79,62000,360000,201941,15953300
1992-11,YISHUN,5 ROOM,880,YISHUN ST 81,122,IMPROVED,1988,41,165000,454000,309122,12674000
1999-06,JURONG WEST,4 ROOM,357,YUNG AN RD,108,MODEL A,1995,21,233000,358000,287143,6030000
1999-05,JURONG WEST,5 ROOM,358,YUNG AN RD,127,IMPROVED,1995,14,297000,338500,323929,4535000
1999-07,JURONG WEST,4 ROOM,359,YUNG AN RD,106,MODEL A,1995,25,229000,333000,279960,6999000
1999-04,JURONG WEST,5 ROOM,360,YUNG AN RD,126,IMPROVED,1995,23,215000,316000,246413,5667500
1999-05,JURONG WEST,4 ROOM,361,YUNG AN RD,109,MODEL A,1995,18,221000,336000,254306,4577500
1999-05,JURONG WEST,EXECUTIVE,362,YUNG AN RD,151,APARTMENT,1995,11,376000,425000,403000,4433000
1999-04,JURONG WEST,EXECUTIVE,363,YUNG AN RD,146,APARTMENT,1995,6,388000,425000,405333,2432000
1999-01,JURONG WEST,EXECUTIVE,369,YUNG AN RD,143,APARTMENT,1995,10,378000,450000,407700,4077000
1994-12,JURONG WEST,EXECUTIVE,151,YUNG HO RD,148,MAISONETTE,1990,31,383500,615000,459952,14258500
1993-05,JURONG WEST,4 ROOM,152,YUNG HO RD,104,MODEL A,1990,26,147000,350000,260115,6763000
1995-05,JURONG WEST,4 ROOM,153,YUNG HO RD,104,MODEL A,1990,24,215000,330000,265033,6360800
1993-11,JURONG WEST,EXECUTIVE,154,YUNG HO RD,152,MAISONETTE,1991,26,355000,590000,439304,11421900
1990-01,JURONG WEST,3 ROOM,10,YUNG KUANG RD,64,IMPROVED,1973,80,22500,155000,75238,6019000
1990-07,JURONG WEST,3 ROOM,7,YUNG KUANG RD,64,IMPROVED,1973,87,22500,147000,82937,7215560
1990-01,JURONG WEST,3 ROOM,8,YUNG KUANG RD,70,IMPROVED,1973,70,22500,139000,75703,5299180
1990-02,JURONG WEST,3 ROOM,5,YUNG PING RD,64,IMPROVED,1973,72,23400,160000,76972,5541950
1990-02,JURONG WEST,3 ROOM,6,YUNG PING RD,64,IMPROVED,1973,78,23000,148000,77154,6018000
1990-02,BUKIT MERAH,5 ROOM,87,ZION RD,117,IMPROVED,1974,41,125000,540000,351052,14393150
1990-04,BUKIT MERAH,3 ROOM,88,ZION RD,59,IMPROVED,1973,58,35000,230000,127345,7386000
1990-12,BUKIT MERAH,3 ROOM,89,ZION RD,59,IMPROVED,1973,28,42000,230000,124696,3491500
1990-04,BUKIT MERAH,3 ROOM,90,ZION RD,59,IMPROVED,1973,34,40000,230000,121556,4132900
1990-05,BUKIT MERAH,3 ROOM,91,ZION RD,59,IMPROVED,1982,33,43800,210000,130200,4296600
