Project Name,Street Name,Property Type,Transacted Price ($),Area (SQFT),Unit Price ($ PSF),Sale Date,Type of Area,Area (SQM),Unit Price ($ PSM),Tenure,Postal District,Floor Level
PENINSULA PLAZA,NORTH BRIDGE ROAD,Office,"3,650,000","1,485.43","2,457",Apr-26,Strata,138,"26,449",999 yrs lease commencing from 1829,06,11 to 15
N.A.,DEVONSHIRE ROAD,Office,"6,600,000","1,100.08","6,000",Apr-26,Land,102.2,"64,579",Freehold,09,-
THE MEZZO,BALESTIER ROAD,Office,"1,120,560",667.37,"1,679",Apr-26,Strata,62,"18,074",Freehold,12,01 to 05
FORTUNE CENTRE,MIDDLE ROAD,Office,"2,422,000","1,711.48","1,415",Apr-26,Strata,159,"15,233",99 yrs lease commencing from 1980,07,16 to 20
PEK CHUAN BUILDING,LAVENDER STREET,Office,"1,430,000","1,313.21","1,089",Apr-26,Strata,122,"11,721",99 yrs lease commencing from 1978,12,01 to 05
THE PLAZA,BEACH ROAD,Office,"1,050,000",721.19,"1,456",Apr-26,Strata,67,"15,672",99 yrs lease commencing from 1968,07,11 to 15
THE CENTRAL,EU TONG SEN STREET,Office,"1,908,000",624.31,"3,056",Apr-26,Strata,58,"32,897",99 yrs lease commencing from 2001,01,06 to 10
WOODS SQUARE,WOODLANDS SQUARE,Office,"1,219,086",559.73,"2,178",Apr-26,Strata,52,"23,444",99 yrs lease commencing from 2014,25,06 to 10
PENINSULA PLAZA,NORTH BRIDGE ROAD,Office,"1,920,000",398.27,"4,821",Mar-26,Strata,37,"51,892",999 yrs lease commencing from 1829,06,01 to 05
HIGH STREET PLAZA,HIGH STREET,Office,"945,000",322.92,"2,926",Mar-26,Strata,30,"31,500",999 yrs lease commencing from 1827,06,01 to 05
BOON SING BUILDING,MIDDLE ROAD,Office,"2,480,000","1,119.46","2,215",Mar-26,Strata,104,"23,846",999 yrs lease commencing from 1835,07,01 to 05
FORTUNE CENTRE,MIDDLE ROAD,Office,"2,320,000","1,625.36","1,427",Mar-26,Strata,151,"15,364",99 yrs lease commencing from 1980,07,16 to 20
VISION EXCHANGE,VENTURE DRIVE,Office,"2,750,000","1,442.38","1,907",Mar-26,Strata,134,"20,522",99 yrs lease commencing from 2013,22,06 to 10
SUNTEC TOWER THREE,TEMASEK BOULEVARD,Office,"15,190,400","4,746.92","3,200",Mar-26,Strata,441,"34,445",99 yrs lease commencing from 1989,01,21 to 25
ARC 380,JALAN BESAR,Office,"5,250,000","1,733","3,029",Mar-26,Strata,161,"32,609",Freehold,08,11 to 15
PAYA LEBAR SQUARE,PAYA LEBAR ROAD,Office,"1,690,000",721.19,"2,343",Mar-26,Strata,67,"25,224",99 yrs lease commencing from 2011,14,06 to 10
PAYA LEBAR SQUARE,PAYA LEBAR ROAD,Office,"1,408,000",635.08,"2,217",Mar-26,Strata,59,"23,864",99 yrs lease commencing from 2011,14,01 to 05
VISIONCREST,PENANG ROAD,Office,"13,181,150","3,336.84","3,950",Mar-26,Strata,310,"42,520",Freehold,09,01 to 05
KATONG SHOPPING CENTRE,MOUNTBATTEN ROAD,Office,"900,000",516.67,"1,742",Mar-26,Strata,48,"18,750",Freehold,15,01 to 05
WIS@CHANGI,CHANGI ROAD,Office,"821,000",635.08,"1,293",Mar-26,Strata,59,"13,915",Freehold,14,01 to 05
EON SHENTON,SHENTON WAY,Office,"1,320,000",505.91,"2,609",Mar-26,Strata,47,"28,085",99 yrs lease commencing from 2011,02,06 to 10
TEXTILE CENTRE,JALAN SULTAN,Office,"958,888",914.94,"1,048",Mar-26,Strata,85,"11,281",99 yrs lease commencing from 1970,07,11 to 15
JALAN BESAR PLAZA,KITCHENER ROAD,Office,"739,800",301.39,"2,455",Feb-26,Strata,28,"26,421",Freehold,08,01 to 05
THE CENTRAL,EU TONG SEN STREET,Office,"2,860,000",882.65,"3,240",Feb-26,Strata,82,"34,878",99 yrs lease commencing from 2001,01,11 to 15
CHINATOWN POINT,NEW BRIDGE ROAD,Office,"4,700,000","2,486.48","1,890",Feb-26,Strata,231,"20,346",99 yrs lease commencing from 1980,01,21 to 25
FORTUNE CENTRE,MIDDLE ROAD,Office,"3,135,000","2,238.91","1,400",Feb-26,Strata,208,"15,072",99 yrs lease commencing from 1980,07,16 to 20
PENINSULA PLAZA,NORTH BRIDGE ROAD,Office,"940,000",333.68,"2,817",Feb-26,Strata,31,"30,323",999 yrs lease commencing from 1829,06,01 to 05
HIGH STREET CENTRE,NORTH BRIDGE ROAD,Office,"975,000",548.96,"1,776",Feb-26,Strata,51,"19,118",99 yrs lease commencing from 1969,06,16 to 20
CENTRIUM SQUARE,SERANGOON ROAD,Office,"2,200,000",861.12,"2,555",Feb-26,Strata,80,"27,500",Freehold,08,11 to 15
N.A.,CECIL STREET,Office,"175,000,000","11,512.1","15,201",Feb-26,Land,"1,069.5","163,628",99 yrs lease commencing from 1982,01,-
SOLITAIRE ON CECIL,CECIL STREET,Office,"7,910,268","1,980.58","3,994",Feb-26,Strata,184,"42,991",Freehold,01,01 to 05
SOLITAIRE ON CECIL,CECIL STREET,Office,"4,431,427","1,108.69","3,997",Feb-26,Strata,103,"43,024",Freehold,01,01 to 05
SOLITAIRE ON CECIL,CECIL STREET,Office,"5,087,509","1,270.15","4,005",Feb-26,Strata,118,"43,114",Freehold,01,01 to 05
PAYA LEBAR SQUARE,PAYA LEBAR ROAD,Office,"1,200,000",538.2,"2,230",Feb-26,Strata,50,"24,000",99 yrs lease commencing from 2011,14,06 to 10
HIGH STREET CENTRE,NORTH BRIDGE ROAD,Office,"950,000",548.96,"1,731",Feb-26,Strata,51,"18,627",99 yrs lease commencing from 1969,06,06 to 10
HIGH STREET PLAZA,HIGH STREET,Office,"1,049,400",495.14,"2,119",Feb-26,Strata,46,"22,813",999 yrs lease commencing from 1827,06,01 to 05
VISIONCREST,PENANG ROAD,Office,"3,389,800",850.36,"3,986",Feb-26,Strata,79,"42,909",Freehold,09,01 to 05
BEAUTY WORLD CENTRE,UPPER BUKIT TIMAH ROAD,Office,"2,480,000",473.62,"5,236",Feb-26,Strata,44,"56,364",99 yrs lease commencing from 1979,21,01 to 05
GB BUILDING,CECIL STREET,Office,"22,500,000","12,593.88","1,787",Feb-26,Strata,"1,170","19,231",99 yrs lease commencing from 1982,01,01 to 05
FOOK HAI BUILDING,SOUTH BRIDGE ROAD,Office,"916,800",764.24,"1,200",Feb-26,Strata,71,"12,913",99 yrs lease commencing from 1972,01,01 to 05
THE CITRON,MARNE ROAD,Office,"620,000",473.62,"1,309",Feb-26,Strata,44,"14,091",Freehold,08,01 to 05
FURAMA CITY CENTRE SINGAPORE,EU TONG SEN STREET,Office,"465,000",301.39,"1,543",Feb-26,Strata,28,"16,607",99 yrs lease commencing from 1979,01,01 to 05
PENINSULA PLAZA,NORTH BRIDGE ROAD,Office,"3,430,350","1,485.43","2,309",Feb-26,Strata,138,"24,858",999 yrs lease commencing from 1829,06,16 to 20
N.A.,ARMENIAN STREET,Office,"2,180,000",807.3,"2,700",Feb-26,Strata,75,"29,067",99 yrs lease commencing from 2007,06,01 to 05
SOLITAIRE ON CECIL,CECIL STREET,Office,"4,783,911","1,162.51","4,115",Feb-26,Strata,108,"44,295",Freehold,01,01 to 05
SOUTHBANK,NORTH BRIDGE ROAD,Office,"1,480,000",882.65,"1,677",Jan-26,Strata,82,"18,049",99 yrs lease commencing from 2006,07,06 to 10
111 SOMERSET,SOMERSET ROAD,Office,"1,460,000",516.67,"2,826",Jan-26,Strata,48,"30,417",99 yrs lease commencing from 1975,09,06 to 10
PARKLANE SHOPPING MALL,SELEGIE ROAD,Office,"798,000",516.67,"1,545",Jan-26,Strata,48,"16,625",99 yrs lease commencing from 1974,07,06 to 10
THE MEZZO,BALESTIER ROAD,Office,"976,888",581.26,"1,681",Jan-26,Strata,54,"18,091",Freehold,12,01 to 05
HIGH STREET PLAZA,HIGH STREET,Office,"1,190,000",592.02,"2,010",Jan-26,Strata,55,"21,636",999 yrs lease commencing from 1827,06,01 to 05
CENTRIUM SQUARE,SERANGOON ROAD,Office,"1,450,000",570.49,"2,542",Jan-26,Strata,53,"27,358",Freehold,08,11 to 15
SBF CENTER,ROBINSON ROAD,Office,"2,028,000",624.31,"3,248",Jan-26,Strata,58,"34,966",99 yrs lease commencing from 2011,01,21 to 25
INTERNATIONAL PLAZA,ANSON ROAD,Office,"900,000",462.85,"1,944",Jan-26,Strata,43,"20,930",99 yrs lease commencing from 1970,02,16 to 20
BALMORAL PLAZA,BUKIT TIMAH ROAD,Office,"1,530,000",527.44,"2,901",Jan-26,Strata,49,"31,224",Freehold,10,01 to 05
PAYA LEBAR SQUARE,PAYA LEBAR ROAD,Office,"1,200,000",538.2,"2,230",Jan-26,Strata,50,"24,000",99 yrs lease commencing from 2011,14,01 to 05
PAYA LEBAR SQUARE,PAYA LEBAR ROAD,Office,"1,200,000",538.2,"2,230",Jan-26,Strata,50,"24,000",99 yrs lease commencing from 2011,14,01 to 05
UNION BUILDING,TRAS STREET,Office,"2,100,000",925.7,"2,269",Jan-26,Strata,86,"24,419",Freehold,02,06 to 10
PEOPLE'S PARK COMPLEX,PARK ROAD,Office,"700,000",484.38,"1,445",Jan-26,Strata,45,"15,556",99 yrs lease commencing from 1968,01,01 to 05
CENTROPOD @ CHANGI,CHANGI ROAD,Office,"330,000",118.4,"2,787",Jan-26,Strata,11,"30,000",Freehold,14,01 to 05
SUNSHINE PLAZA,BENCOOLEN STREET,Office,"1,000,000",505.91,"1,977",Jan-26,Strata,47,"21,277",99 yrs lease commencing from 1997,07,06 to 10
VISION EXCHANGE,VENTURE DRIVE,Office,"1,280,000",699.66,"1,829",Jan-26,Strata,65,"19,692",99 yrs lease commencing from 2013,22,11 to 15
WOODS SQUARE,WOODLANDS SQUARE,Office,"1,435,000",656.6,"2,185",Jan-26,Strata,61,"23,525",99 yrs lease commencing from 2014,25,11 to 15
HIGH STREET CENTRE,NORTH BRIDGE ROAD,Office,"550,000",269.1,"2,044",Jan-26,Strata,25,"22,000",99 yrs lease commencing from 1969,06,01 to 05
HIGH STREET CENTRE,NORTH BRIDGE ROAD,Office,"1,040,000",548.96,"1,894",Jan-26,Strata,51,"20,392",99 yrs lease commencing from 1969,06,16 to 20
THE MEZZO,BALESTIER ROAD,Office,"1,008,888",592.02,"1,704",Jan-26,Strata,55,"18,343",Freehold,12,01 to 05
WISMA ATRIA,ORCHARD ROAD,Office,"4,925,800","2,238.91","2,200",Jan-26,Strata,208,"23,682",99 yrs lease commencing from 1962,09,06 to 10
MANHATTAN HOUSE,CHIN SWEE ROAD,Office,"517,000",462.85,"1,117",Jan-26,Strata,43,"12,023",99 yrs lease commencing from 1969,03,06 to 10
SUNTEC TOWER THREE,TEMASEK BOULEVARD,Office,"11,408,665","2,927.81","3,897",Jan-26,Strata,272,"41,944",99 yrs lease commencing from 1989,01,36 to 40
INTERNATIONAL PLAZA,ANSON ROAD,Office,"1,650,000",936.47,"1,762",Jan-26,Strata,87,"18,966",99 yrs lease commencing from 1970,02,21 to 25
GIFFARD MANSIONS,BALESTIER ROAD,Office,"858,000",505.91,"1,696",Jan-26,Strata,47,"18,255",Freehold,12,01 to 05
PEK CHUAN BUILDING,LAVENDER STREET,Office,"718,000",645.84,"1,112",Dec-25,Strata,60,"11,967",99 yrs lease commencing from 1978,12,01 to 05
KENSINGTON SQUARE,JALAN LOKAM,Office,"910,000",301.39,"3,019",Dec-25,Strata,28,"32,500",Freehold,19,01 to 05
KATONG SHOPPING CENTRE,MOUNTBATTEN ROAD,Office,"638,888",161.46,"3,957",Dec-25,Strata,15,"42,593",Freehold,15,01 to 05
GOLDEN MILE TOWER,BEACH ROAD,Office,"300,000",193.75,"1,548",Dec-25,Strata,18,"16,667",99 yrs lease commencing from 1969,07,B1 to B5
PAYA LEBAR SQUARE,PAYA LEBAR ROAD,Office,"1,410,000",635.08,"2,220",Dec-25,Strata,59,"23,898",99 yrs lease commencing from 2011,14,06 to 10
BURLINGTON SQUARE,BENCOOLEN STREET,Office,"988,000",548.96,"1,800",Dec-25,Strata,51,"19,373",99 yrs lease commencing from 1996,07,06 to 10
BURLINGTON SQUARE,BENCOOLEN STREET,Office,"1,780,000",990.29,"1,797",Dec-25,Strata,92,"19,348",99 yrs lease commencing from 1996,07,06 to 10
VISION EXCHANGE,VENTURE DRIVE,Office,"1,300,000",764.24,"1,701",Dec-25,Strata,71,"18,310",99 yrs lease commencing from 2013,22,06 to 10
THE PLAZA,BEACH ROAD,Office,"1,218,045",871.88,"1,397",Dec-25,Strata,81,"15,038",99 yrs lease commencing from 1968,07,06 to 10
THE PLAZA,BEACH ROAD,Office,"601,504",430.56,"1,397",Dec-25,Strata,40,"15,038",99 yrs lease commencing from 1968,07,06 to 10
THE PLAZA,BEACH ROAD,Office,"601,504",430.56,"1,397",Dec-25,Strata,40,"15,038",99 yrs lease commencing from 1968,07,06 to 10
THE PLAZA,BEACH ROAD,Office,"616,541",441.32,"1,397",Dec-25,Strata,41,"15,038",99 yrs lease commencing from 1968,07,06 to 10
THE PLAZA,BEACH ROAD,Office,"962,406",688.9,"1,397",Dec-25,Strata,64,"15,038",99 yrs lease commencing from 1968,07,06 to 10
HIGH STREET PLAZA,HIGH STREET,Office,"1,600,000",742.72,"2,154",Dec-25,Strata,69,"23,188",999 yrs lease commencing from 1827,06,01 to 05
HIGH STREET CENTRE,NORTH BRIDGE ROAD,Office,"975,000",548.96,"1,776",Dec-25,Strata,51,"19,118",99 yrs lease commencing from 1969,06,16 to 20
OXLEY TOWER,ROBINSON ROAD,Office,"3,300,000","1,151.75","2,865",Dec-25,Strata,107,"30,841",Freehold,01,16 to 20
111 SOMERSET,SOMERSET ROAD,Office,"3,680,000","1,259.39","2,922",Dec-25,Strata,117,"31,453",99 yrs lease commencing from 1975,09,11 to 15
SOUTHBANK,NORTH BRIDGE ROAD,Office,"1,388,888",688.9,"2,016",Dec-25,Strata,64,"21,701",99 yrs lease commencing from 2006,07,01 to 05
THE CENTRAL,EU TONG SEN STREET,Office,"7,400,000","2,368.08","3,125",Dec-25,Strata,220,"33,636",99 yrs lease commencing from 2001,01,11 to 15
WIS@CHANGI,CHANGI ROAD,Office,"1,050,000",818.06,"1,284",Dec-25,Strata,76,"13,816",Freehold,14,01 to 05
THE CENTRAL,EU TONG SEN STREET,Office,"1,630,000",602.78,"2,704",Dec-25,Strata,56,"29,107",99 yrs lease commencing from 2001,01,11 to 15
INTERNATIONAL PLAZA,ANSON ROAD,Office,"940,000",473.62,"1,985",Dec-25,Strata,44,"21,364",99 yrs lease commencing from 1970,02,06 to 10
PENINSULA PLAZA,NORTH BRIDGE ROAD,Office,"1,445,400",656.6,"2,201",Dec-25,Strata,61,"23,695",999 yrs lease commencing from 1829,06,06 to 10
ORCHARD TOWERS,ORCHARD ROAD,Office,"745,000",301.39,"2,472",Dec-25,Strata,28,"26,607",Freehold,09,06 to 10
PEOPLE'S PARK CENTRE,UPPER CROSS STREET,Office,"1,450,000","1,065.64","1,361",Dec-25,Strata,99,"14,646",99 yrs lease commencing from 1970,01,06 to 10
VISION EXCHANGE,VENTURE DRIVE,Office,"1,335,000",764.24,"1,747",Nov-25,Strata,71,"18,803",99 yrs lease commencing from 2013,22,11 to 15
HAVELOCK2,HAVELOCK ROAD,Office,"2,002,000","1,259.39","1,590",Nov-25,Strata,117,"17,111",99 yrs lease commencing from 1983,01,06 to 10
N.A.,ARMENIAN STREET,Office,"3,550,000","1,280.92","2,771",Nov-25,Strata,119,"29,832",99 yrs lease commencing from 2007,06,01 to 05
CENTROPOD @ CHANGI,CHANGI ROAD,Office,"738,000",462.85,"1,594",Nov-25,Strata,43,"17,163",Freehold,14,01 to 05
THE CENTRAL,EU TONG SEN STREET,Office,"4,893,075","1,485.43","3,294",Nov-25,Strata,138,"35,457",99 yrs lease commencing from 2001,01,16 to 20
CONCORDE SHOPPING CENTRE,OUTRAM ROAD,Office,"450,000",215.28,"2,090",Nov-25,Strata,20,"22,500",99 yrs lease commencing from 1980,03,B1 to B5
WOODS SQUARE,WOODLANDS SQUARE,Office,"1,207,752",559.73,"2,158",Nov-25,Strata,52,"23,226",99 yrs lease commencing from 2014,25,11 to 15
WOODS SQUARE,WOODLANDS SQUARE,Office,"1,207,748",559.73,"2,158",Nov-25,Strata,52,"23,226",99 yrs lease commencing from 2014,25,11 to 15
WOODS SQUARE,WOODLANDS SQUARE,Office,"1,229,519",559.73,"2,197",Nov-25,Strata,52,"23,645",99 yrs lease commencing from 2014,25,11 to 15
REHAU BUILDING,KING GEORGE'S AVENUE,Office,"40,000,000","5,612.35","7,127",Nov-25,Land,521.4,"76,717",Freehold,08,-
PAYA LEBAR SQUARE,PAYA LEBAR ROAD,Office,"2,250,000",968.76,"2,323",Nov-25,Strata,90,"25,000",99 yrs lease commencing from 2011,14,06 to 10
PEOPLE'S PARK CENTRE,UPPER CROSS STREET,Office,"1,580,000","1,011.82","1,562",Nov-25,Strata,94,"16,809",99 yrs lease commencing from 1970,01,06 to 10
PAYA LEBAR SQUARE,PAYA LEBAR ROAD,Office,"1,167,500",538.2,"2,169",Nov-25,Strata,50,"23,350",99 yrs lease commencing from 2011,14,01 to 05
PAYA LEBAR SQUARE,PAYA LEBAR ROAD,Office,"1,167,500",538.2,"2,169",Nov-25,Strata,50,"23,350",99 yrs lease commencing from 2011,14,01 to 05
SBF CENTER,ROBINSON ROAD,Office,"2,700,000",753.48,"3,583",Nov-25,Strata,70,"38,571",99 yrs lease commencing from 2011,01,21 to 25
111 SOMERSET,SOMERSET ROAD,Office,"3,332,744","1,216.33","2,740",Nov-25,Strata,113,"29,493",99 yrs lease commencing from 1975,09,06 to 10
KINDOL GARDENS,JALAN MALU-MALU,Office,"700,000","1,022.58",685,Nov-25,Strata,95,"7,368",999 yrs lease commencing from 1885,27,-
SOHO LIFE,JOO CHIAT ROAD,Office,"730,000",344.45,"2,119",Nov-25,Strata,32,"22,813",Freehold,15,01 to 05
PRUDENTIAL TOWER,CECIL STREET,Office,"16,221,000","5,952.49","2,725",Nov-25,Strata,553,"29,333",99 yrs lease commencing from 1996,01,16 to 20
THE CENTRAL,EU TONG SEN STREET,Office,"4,550,000","1,668.42","2,727",Nov-25,Strata,155,"29,355",99 yrs lease commencing from 2001,01,11 to 15
PLUS,CECIL STREET,Office,"3,330,000","1,097.93","3,033",Oct-25,Strata,102,"32,647",99 yrs lease commencing from 1989,01,06 to 10
THE PLAZA,BEACH ROAD,Office,"1,708,000","1,313.21","1,301",Oct-25,Strata,122,"14,000",99 yrs lease commencing from 1968,07,11 to 15
INTERNATIONAL PLAZA,ANSON ROAD,Office,"1,250,000",645.84,"1,935",Oct-25,Strata,60,"20,833",99 yrs lease commencing from 1970,02,31 to 35
WISMA ATRIA,ORCHARD ROAD,Office,"2,059,200",936.47,"2,199",Oct-25,Strata,87,"23,669",99 yrs lease commencing from 1962,09,16 to 20
111 SOMERSET,SOMERSET ROAD,Office,"2,499,390",925.7,"2,700",Oct-25,Strata,86,"29,063",99 yrs lease commencing from 1975,09,06 to 10
111 SOMERSET,SOMERSET ROAD,Office,"2,005,344",742.72,"2,700",Oct-25,Strata,69,"29,063",99 yrs lease commencing from 1975,09,06 to 10
111 SOMERSET,SOMERSET ROAD,Office,"2,121,579",785.77,"2,700",Oct-25,Strata,73,"29,063",99 yrs lease commencing from 1975,09,06 to 10
FORTUNE CENTRE,MIDDLE ROAD,Office,"855,000",301.39,"2,837",Oct-25,Strata,28,"30,536",99 yrs lease commencing from 1980,07,01 to 05
SOUTHBANK,NORTH BRIDGE ROAD,Office,"960,000",527.44,"1,820",Oct-25,Strata,49,"19,592",99 yrs lease commencing from 2006,07,01 to 05
WOODS SQUARE,WOODLANDS SQUARE,Office,"1,210,675",548.96,"2,205",Oct-25,Strata,51,"23,739",99 yrs lease commencing from 2014,25,11 to 15
HAVELOCK2,HAVELOCK ROAD,Office,"1,100,000",688.9,"1,597",Oct-25,Strata,64,"17,188",99 yrs lease commencing from 1983,01,06 to 10
TUNG ANN ASSOCIATION BUILDING,CECIL STREET,Office,"10,550,000","4,337.89","2,432",Oct-25,Strata,403,"26,179",Freehold,01,01 to 05
SULTAN PLAZA,JALAN SULTAN,Office,"1,220,000",807.3,"1,511",Oct-25,Strata,75,"16,267",99 yrs lease commencing from 1978,07,01 to 05
BUKIT TIMAH PLAZA,JALAN ANAK BUKIT,Office,"1,050,000",322.92,"3,252",Oct-25,Strata,30,"35,000",99 yrs lease commencing from 1976,21,01 to 05
PS100,PECK SEAH STREET,Office,"1,200,000",441.32,"2,719",Oct-25,Strata,41,"29,268",99 yrs lease commencing from 2011,02,06 to 10
CONCORDE SHOPPING CENTRE,OUTRAM ROAD,Office,"455,000",279.86,"1,626",Oct-25,Strata,26,"17,500",99 yrs lease commencing from 1980,03,B1 to B5
PAYA LEBAR SQUARE,PAYA LEBAR ROAD,Office,"2,150,000",958,"2,244",Oct-25,Strata,89,"24,157",99 yrs lease commencing from 2011,14,11 to 15
HIGH STREET CENTRE,NORTH BRIDGE ROAD,Office,"465,000",269.1,"1,728",Oct-25,Strata,25,"18,600",99 yrs lease commencing from 1969,06,01 to 05
THE CENTRAL,EU TONG SEN STREET,Office,"2,887,410",882.65,"3,271",Oct-25,Strata,82,"35,212",99 yrs lease commencing from 2001,01,16 to 20
WOODS SQUARE,WOODLANDS SQUARE,Office,"1,200,000",559.73,"2,144",Oct-25,Strata,52,"23,077",99 yrs lease commencing from 2014,25,06 to 10
WOODS SQUARE,WOODLANDS SQUARE,Office,"1,218,000",570.49,"2,135",Oct-25,Strata,53,"22,981",99 yrs lease commencing from 2014,25,06 to 10
THE CENTRAL,EU TONG SEN STREET,Office,"2,887,410",882.65,"3,271",Oct-25,Strata,82,"35,212",99 yrs lease commencing from 2001,01,16 to 20
CENTROPOD @ CHANGI,CHANGI ROAD,Office,"765,000",462.85,"1,653",Oct-25,Strata,43,"17,791",Freehold,14,01 to 05
THE CENTRAL,EU TONG SEN STREET,Office,"3,100,000",882.65,"3,512",Oct-25,Strata,82,"37,805",99 yrs lease commencing from 2001,01,16 to 20
THE PLAZA,BEACH ROAD,Office,"708,000",441.32,"1,604",Oct-25,Strata,41,"17,268",99 yrs lease commencing from 1968,07,11 to 15
WISMA ATRIA,ORCHARD ROAD,Office,"4,899,570","2,217.38","2,210",Oct-25,Strata,206,"23,784",99 yrs lease commencing from 1962,09,21 to 25
PAYA LEBAR SQUARE,PAYA LEBAR ROAD,Office,"1,190,000",538.2,"2,211",Sep-25,Strata,50,"23,800",99 yrs lease commencing from 2011,14,06 to 10
THE CENTRAL,EU TONG SEN STREET,Office,"1,930,000",645.84,"2,988",Sep-25,Strata,60,"32,167",99 yrs lease commencing from 2001,01,21 to 25
FAR EAST SHOPPING CENTRE,ORCHARD ROAD,Office,"1,280,000",333.68,"3,836",Sep-25,Strata,31,"41,290",999 yrs lease commencing from 1871,09,01 to 05
WOODS SQUARE,WOODLANDS SQUARE,Office,"1,191,000",559.73,"2,128",Sep-25,Strata,52,"22,904",99 yrs lease commencing from 2014,25,11 to 15
BUKIT TIMAH SHOPPING CENTRE,UPPER BUKIT TIMAH ROAD,Office,"3,525,000","1,926.76","1,829",Sep-25,Strata,179,"19,693",999 yrs lease commencing from 1883,21,01 to 05
GOLDHILL SHOPPING CENTRE,THOMSON ROAD,Office,"2,980,000","1,205.57","2,472",Sep-25,Strata,112,"26,607",999 yrs lease commencing from 1970,11,-
BURLINGTON SQUARE,BENCOOLEN STREET,Office,"1,020,000",570.49,"1,788",Sep-25,Strata,53,"19,245",99 yrs lease commencing from 1996,07,11 to 15
CONCORDE SHOPPING CENTRE,OUTRAM ROAD,Office,"299,000",193.75,"1,543",Sep-25,Strata,18,"16,611",99 yrs lease commencing from 1980,03,B1 to B5
111 SOMERSET,SOMERSET ROAD,Office,"10,593,541","3,638.23","2,912",Sep-25,Strata,338,"31,342",99 yrs lease commencing from 1975,09,11 to 15
WOODS SQUARE,WOODLANDS SQUARE,Office,"1,010,000",559.73,"1,804",Sep-25,Strata,52,"19,423",99 yrs lease commencing from 2014,25,01 to 05
BURLINGTON SQUARE,BENCOOLEN STREET,Office,"1,020,000",581.26,"1,755",Sep-25,Strata,54,"18,889",99 yrs lease commencing from 1996,07,11 to 15
HAVELOCK2,HAVELOCK ROAD,Office,"1,810,000","1,259.39","1,437",Sep-25,Strata,117,"15,470",99 yrs lease commencing from 1983,01,01 to 05
GOLDEN MILE TOWER,BEACH ROAD,Office,"550,000",344.45,"1,597",Sep-25,Strata,32,"17,188",99 yrs lease commencing from 1969,07,06 to 10
BUKIT PASOH BUILDING,BUKIT PASOH ROAD,Office,"5,400,000","1,722.24","3,135",Sep-25,Strata,160,"33,750",Freehold,02,01 to 05
CENTRIUM SQUARE,SERANGOON ROAD,Office,"1,570,000",613.55,"2,559",Sep-25,Strata,57,"27,544",Freehold,08,11 to 15
WISMA ATRIA,ORCHARD ROAD,Office,"2,705,100","1,270.15","2,130",Sep-25,Strata,118,"22,925",99 yrs lease commencing from 1962,09,16 to 20
PAYA LEBAR SQUARE,PAYA LEBAR ROAD,Office,"1,280,000",645.84,"1,982",Sep-25,Strata,60,"21,333",99 yrs lease commencing from 2011,14,11 to 15
FORTUNE CENTRE,MIDDLE ROAD,Office,"3,195,000","2,238.91","1,427",Sep-25,Strata,208,"15,361",99 yrs lease commencing from 1980,07,16 to 20
BYLANDS BUILDING,MIDDLE ROAD,Office,"365,000",215.28,"1,695",Sep-25,Strata,20,"18,250",99 yrs lease commencing from 1978,07,01 to 05
INTERNATIONAL PLAZA,ANSON ROAD,Office,"355,000",161.46,"2,199",Sep-25,Strata,15,"23,667",99 yrs lease commencing from 1970,02,21 to 25
FORTUNE CENTRE,MIDDLE ROAD,Office,"828,888",538.2,"1,540",Sep-25,Strata,50,"16,578",99 yrs lease commencing from 1980,07,11 to 15
KATONG SHOPPING CENTRE,MOUNTBATTEN ROAD,Office,"638,899",172.22,"3,710",Sep-25,Strata,16,"39,931",Freehold,15,B1 to B5
THE MODULES,JOO CHIAT ROAD,Office,"1,750,000",839.59,"2,084",Sep-25,Strata,78,"22,436",Freehold,15,01 to 05
PARKLANE SHOPPING MALL,SELEGIE ROAD,Office,"1,211,010","1,227.1",987,Sep-25,Strata,114,"10,623",99 yrs lease commencing from 1974,07,06 to 10
WOODS SQUARE,WOODLANDS SQUARE,Office,"1,200,000",559.73,"2,144",Sep-25,Strata,52,"23,077",99 yrs lease commencing from 2014,25,11 to 15
SOHO LIFE,JOO CHIAT ROAD,Office,"800,000",398.27,"2,009",Sep-25,Strata,37,"21,622",Freehold,15,01 to 05
ARC 380,JALAN BESAR,Office,"2,105,500",721.19,"2,919",Sep-25,Strata,67,"31,425",Freehold,08,06 to 10
PS100,PECK SEAH STREET,Office,"1,080,000",419.8,"2,573",Sep-25,Strata,39,"27,692",99 yrs lease commencing from 2011,02,11 to 15
PAYA LEBAR SQUARE,PAYA LEBAR ROAD,Office,"1,188,000",484.38,"2,453",Sep-25,Strata,45,"26,400",99 yrs lease commencing from 2011,14,11 to 15
PENINSULA PLAZA,NORTH BRIDGE ROAD,Office,"4,950,000","1,776.06","2,787",Sep-25,Strata,165,"30,000",999 yrs lease commencing from 1829,06,21 to 25
MILLAGE,CHANGI ROAD,Office,"500,000",172.22,"2,903",Sep-25,Strata,16,"31,250",Freehold,14,01 to 05
FAR EAST SHOPPING CENTRE,ORCHARD ROAD,Office,"1,680,000",355.21,"4,730",Aug-25,Strata,33,"50,909",999 yrs lease commencing from 1871,09,06 to 10
PAYA LEBAR SQUARE,PAYA LEBAR ROAD,Office,"6,000,000","2,680.24","2,239",Aug-25,Strata,249,"24,096",99 yrs lease commencing from 2011,14,11 to 15
INTERNATIONAL PLAZA,ANSON ROAD,Office,"1,700,000",936.47,"1,815",Aug-25,Strata,87,"19,540",99 yrs lease commencing from 1970,02,31 to 35
FOOK HAI BUILDING,SOUTH BRIDGE ROAD,Office,"2,168,000","1,733","1,251",Aug-25,Strata,161,"13,466",99 yrs lease commencing from 1972,01,06 to 10
PENINSULA PLAZA,NORTH BRIDGE ROAD,Office,"780,000",312.16,"2,499",Aug-25,Strata,29,"26,897",999 yrs lease commencing from 1829,06,01 to 05
VISION EXCHANGE,VENTURE DRIVE,Office,"20,500,000","10,774.76","1,903",Aug-25,Strata,"1,001","20,480",99 yrs lease commencing from 2013,22,16 to 20
WISMA ATRIA,ORCHARD ROAD,Office,"1,745,045",828.83,"2,105",Aug-25,Strata,77,"22,663",99 yrs lease commencing from 1962,09,16 to 20
THE RIVERSIDE PIAZZA,KENG CHEOW STREET,Office,"1,350,000",828.83,"1,629",Aug-25,Strata,77,"17,532",99 yrs lease commencing from 1992,01,01 to 05
PENINSULA PLAZA,NORTH BRIDGE ROAD,Office,"1,020,000",301.39,"3,384",Aug-25,Strata,28,"36,429",999 yrs lease commencing from 1829,06,01 to 05
TEXTILE CENTRE,JALAN SULTAN,Office,"1,038,888",893.41,"1,163",Aug-25,Strata,83,"12,517",99 yrs lease commencing from 1970,07,11 to 15
FAR EAST SHOPPING CENTRE,ORCHARD ROAD,Office,"1,218,000",355.21,"3,429",Aug-25,Strata,33,"36,909",999 yrs lease commencing from 1871,09,06 to 10
HIGH STREET CENTRE,NORTH BRIDGE ROAD,Office,"1,027,500",548.96,"1,872",Aug-25,Strata,51,"20,147",99 yrs lease commencing from 1969,06,11 to 15
PENINSULA PLAZA,NORTH BRIDGE ROAD,Office,"1,963,487","1,044.11","1,881",Aug-25,Strata,97,"20,242",999 yrs lease commencing from 1829,06,06 to 10
PEOPLE'S PARK COMPLEX,PARK ROAD,Office,"1,625,000",322.92,"5,032",Aug-25,Strata,30,"54,167",99 yrs lease commencing from 1968,01,01 to 05
KATONG SHOPPING CENTRE,MOUNTBATTEN ROAD,Office,"680,000",172.22,"3,948",Aug-25,Strata,16,"42,500",Freehold,15,B1 to B5
CENTRIUM SQUARE,SERANGOON ROAD,Office,"2,450,000",979.52,"2,501",Aug-25,Strata,91,"26,923",Freehold,08,11 to 15
THE PLAZA,BEACH ROAD,Office,"705,000",430.56,"1,637",Aug-25,Strata,40,"17,625",99 yrs lease commencing from 1968,07,11 to 15
SBF CENTER,ROBINSON ROAD,Office,"3,080,000",947.23,"3,252",Aug-25,Strata,88,"35,000",99 yrs lease commencing from 2011,01,21 to 25
THE CENTRAL,EU TONG SEN STREET,Office,"1,835,000",635.08,"2,889",Aug-25,Strata,59,"31,102",99 yrs lease commencing from 2001,01,11 to 15
WING FONG BUILDING,GUILLEMARD ROAD,Office,"3,100,000","3,401.42",911,Jul-25,Strata,316,"9,810",Freehold,14,-
PENINSULA PLAZA,NORTH BRIDGE ROAD,Office,"1,155,000",441.32,"2,617",Jul-25,Strata,41,"28,171",999 yrs lease commencing from 1829,06,06 to 10
THE CENTRAL,EU TONG SEN STREET,Office,"1,830,000",635.08,"2,882",Jul-25,Strata,59,"31,017",99 yrs lease commencing from 2001,01,06 to 10
WOODS SQUARE,WOODLANDS SQUARE,Office,"1,183,633",559.73,"2,115",Jul-25,Strata,52,"22,762",99 yrs lease commencing from 2014,25,06 to 10
PS100,PECK SEAH STREET,Office,"1,330,000",473.62,"2,808",Jul-25,Strata,44,"30,227",99 yrs lease commencing from 2011,02,06 to 10
WOODS SQUARE,WOODLANDS SQUARE,Office,"2,271,000","1,033.34","2,198",Jul-25,Strata,96,"23,656",99 yrs lease commencing from 2014,25,06 to 10
SOHO LIFE,JOO CHIAT ROAD,Office,"1,188,000",581.26,"2,044",Jul-25,Strata,54,"22,000",Freehold,15,01 to 05
INTERNATIONAL PLAZA,ANSON ROAD,Office,"1,660,000",936.47,"1,773",Jul-25,Strata,87,"19,080",99 yrs lease commencing from 1970,02,26 to 30
VISION EXCHANGE,VENTURE DRIVE,Office,"13,586,000","5,844.85","2,324",Jul-25,Strata,543,"25,020",99 yrs lease commencing from 2013,22,21 to 25
WOODS SQUARE,WOODLANDS SQUARE,Office,"1,060,000",559.73,"1,894",Jul-25,Strata,52,"20,385",99 yrs lease commencing from 2014,25,01 to 05
PAYA LEBAR SQUARE,PAYA LEBAR ROAD,Office,"1,770,000",839.59,"2,108",Jul-25,Strata,78,"22,692",99 yrs lease commencing from 2011,14,01 to 05
PAYA LEBAR SQUARE,PAYA LEBAR ROAD,Office,"1,490,000",635.08,"2,346",Jul-25,Strata,59,"25,254",99 yrs lease commencing from 2011,14,01 to 05
INTERNATIONAL PLAZA,ANSON ROAD,Office,"850,000",462.85,"1,836",Jul-25,Strata,43,"19,767",99 yrs lease commencing from 1970,02,31 to 35
INTERNATIONAL PLAZA,ANSON ROAD,Office,"850,000",462.85,"1,836",Jul-25,Strata,43,"19,767",99 yrs lease commencing from 1970,02,31 to 35
KATONG SHOPPING CENTRE,MOUNTBATTEN ROAD,Office,"1,040,390",688.9,"1,510",Jul-25,Strata,64,"16,256",Freehold,15,01 to 05
PENINSULA PLAZA,NORTH BRIDGE ROAD,Office,"4,900,000","1,776.06","2,759",Jul-25,Strata,165,"29,697",999 yrs lease commencing from 1829,06,21 to 25
PENINSULA PLAZA,NORTH BRIDGE ROAD,Office,"920,000",333.68,"2,757",Jul-25,Strata,31,"29,677",999 yrs lease commencing from 1829,06,01 to 05
SUNTEC TOWER ONE,TEMASEK BOULEVARD,Office,"8,100,000","2,195.86","3,689",Jul-25,Strata,204,"39,706",99 yrs lease commencing from 1989,01,36 to 40
PAYA LEBAR SQUARE,PAYA LEBAR ROAD,Office,"1,172,000",484.38,"2,420",Jul-25,Strata,45,"26,044",99 yrs lease commencing from 2011,14,06 to 10
CENTROPOD @ CHANGI,CHANGI ROAD,Office,"850,000",613.55,"1,385",Jul-25,Strata,57,"14,912",Freehold,14,01 to 05
THE ARCADE,COLLYER QUAY,Office,"3,750,000","1,603.84","2,338",Jul-25,Strata,149,"25,168",99 yrs lease commencing from 1980,01,06 to 10
PAYA LEBAR SQUARE,PAYA LEBAR ROAD,Office,"2,200,000",958,"2,296",Jul-25,Strata,89,"24,719",99 yrs lease commencing from 2011,14,06 to 10
MANHATTAN HOUSE,CHIN SWEE ROAD,Office,"405,000",516.67,784,Jul-25,Strata,48,"8,438",99 yrs lease commencing from 1969,03,01 to 05
MANHATTAN HOUSE,CHIN SWEE ROAD,Office,"405,000",516.67,784,Jul-25,Strata,48,"8,438",99 yrs lease commencing from 1969,03,01 to 05
MANHATTAN HOUSE,CHIN SWEE ROAD,Office,"413,000",527.44,783,Jul-25,Strata,49,"8,429",99 yrs lease commencing from 1969,03,01 to 05
MANHATTAN HOUSE,CHIN SWEE ROAD,Office,"472,000",602.78,783,Jul-25,Strata,56,"8,429",99 yrs lease commencing from 1969,03,01 to 05
MANHATTAN HOUSE,CHIN SWEE ROAD,Office,"455,000",581.26,783,Jul-25,Strata,54,"8,426",99 yrs lease commencing from 1969,03,01 to 05
MANHATTAN HOUSE,CHIN SWEE ROAD,Office,"505,000",645.84,782,Jul-25,Strata,60,"8,417",99 yrs lease commencing from 1969,03,01 to 05
MANHATTAN HOUSE,CHIN SWEE ROAD,Office,"413,000",527.44,783,Jul-25,Strata,49,"8,429",99 yrs lease commencing from 1969,03,01 to 05
MANHATTAN HOUSE,CHIN SWEE ROAD,Office,"421,000",538.2,782,Jul-25,Strata,50,"8,420",99 yrs lease commencing from 1969,03,01 to 05
MANHATTAN HOUSE,CHIN SWEE ROAD,Office,"547,000",699.66,782,Jul-25,Strata,65,"8,415",99 yrs lease commencing from 1969,03,01 to 05
MANHATTAN HOUSE,CHIN SWEE ROAD,Office,"270,000",344.45,784,Jul-25,Strata,32,"8,438",99 yrs lease commencing from 1969,03,01 to 05
MANHATTAN HOUSE,CHIN SWEE ROAD,Office,"539,000",688.9,782,Jul-25,Strata,64,"8,422",99 yrs lease commencing from 1969,03,01 to 05
MANHATTAN HOUSE,CHIN SWEE ROAD,Office,"480,000",613.55,782,Jul-25,Strata,57,"8,421",99 yrs lease commencing from 1969,03,01 to 05
MANHATTAN HOUSE,CHIN SWEE ROAD,Office,"505,000",645.84,782,Jul-25,Strata,60,"8,417",99 yrs lease commencing from 1969,03,01 to 05
MANHATTAN HOUSE,CHIN SWEE ROAD,Office,"497,000",635.08,783,Jul-25,Strata,59,"8,424",99 yrs lease commencing from 1969,03,01 to 05
MANHATTAN HOUSE,CHIN SWEE ROAD,Office,"413,000",527.44,783,Jul-25,Strata,49,"8,429",99 yrs lease commencing from 1969,03,01 to 05
MANHATTAN HOUSE,CHIN SWEE ROAD,Office,"522,000",667.37,782,Jul-25,Strata,62,"8,419",99 yrs lease commencing from 1969,03,01 to 05
SOHO LIFE,JOO CHIAT ROAD,Office,"768,000",344.45,"2,230",Jul-25,Strata,32,"24,000",Freehold,15,01 to 05
INTERNATIONAL PLAZA,ANSON ROAD,Office,"898,000",462.85,"1,940",Jul-25,Strata,43,"20,884",99 yrs lease commencing from 1970,02,06 to 10
THE CENTRAL,EU TONG SEN STREET,Office,"1,710,000",645.84,"2,648",Jul-25,Strata,60,"28,500",99 yrs lease commencing from 2001,01,16 to 20
THE PLAZA,BEACH ROAD,Office,"365,000",226.04,"1,615",Jul-25,Strata,21,"17,381",99 yrs lease commencing from 1968,07,01 to 05
SUNTEC TOWER ONE,TEMASEK BOULEVARD,Office,"33,966,000","10,096.63","3,364",Jul-25,Strata,938,"36,211",99 yrs lease commencing from 1989,01,31 to 35
THE PLAZA,BEACH ROAD,Office,"373,500",279.86,"1,335",Jun-25,Strata,26,"14,365",99 yrs lease commencing from 1968,07,11 to 15
MANHATTAN HOUSE,CHIN SWEE ROAD,Office,"522,000",667.37,782,Jun-25,Strata,62,"8,419",99 yrs lease commencing from 1969,03,01 to 05
MANHATTAN HOUSE,CHIN SWEE ROAD,Office,"505,000",645.84,782,Jun-25,Strata,60,"8,417",99 yrs lease commencing from 1969,03,01 to 05
MANHATTAN HOUSE,CHIN SWEE ROAD,Office,"505,000",645.84,782,Jun-25,Strata,60,"8,417",99 yrs lease commencing from 1969,03,01 to 05
MANHATTAN HOUSE,CHIN SWEE ROAD,Office,"455,000",581.26,783,Jun-25,Strata,54,"8,426",99 yrs lease commencing from 1969,03,01 to 05
MANHATTAN HOUSE,CHIN SWEE ROAD,Office,"363,000",462.85,784,Jun-25,Strata,43,"8,442",99 yrs lease commencing from 1969,03,01 to 05
MANHATTAN HOUSE,CHIN SWEE ROAD,Office,"253,000",322.92,783,Jun-25,Strata,30,"8,433",99 yrs lease commencing from 1969,03,01 to 05
MANHATTAN HOUSE,CHIN SWEE ROAD,Office,"514,000",656.6,783,Jun-25,Strata,61,"8,426",99 yrs lease commencing from 1969,03,01 to 05
MANHATTAN HOUSE,CHIN SWEE ROAD,Office,"514,000",656.6,783,Jun-25,Strata,61,"8,426",99 yrs lease commencing from 1969,03,01 to 05
MANHATTAN HOUSE,CHIN SWEE ROAD,Office,"488,000",624.31,782,Jun-25,Strata,58,"8,414",99 yrs lease commencing from 1969,03,01 to 05
MANHATTAN HOUSE,CHIN SWEE ROAD,Office,"413,000",527.44,783,Jun-25,Strata,49,"8,429",99 yrs lease commencing from 1969,03,01 to 05
MANHATTAN HOUSE,CHIN SWEE ROAD,Office,"598,000",764.24,782,Jun-25,Strata,71,"8,423",99 yrs lease commencing from 1969,03,01 to 05
MANHATTAN HOUSE,CHIN SWEE ROAD,Office,"455,000",581.26,783,Jun-25,Strata,54,"8,426",99 yrs lease commencing from 1969,03,01 to 05
MANHATTAN HOUSE,CHIN SWEE ROAD,Office,"371,000",473.62,783,Jun-25,Strata,44,"8,432",99 yrs lease commencing from 1969,03,01 to 05
MANHATTAN HOUSE,CHIN SWEE ROAD,Office,"505,000",645.84,782,Jun-25,Strata,60,"8,417",99 yrs lease commencing from 1969,03,01 to 05
MANHATTAN HOUSE,CHIN SWEE ROAD,Office,"665,000",850.36,782,Jun-25,Strata,79,"8,418",99 yrs lease commencing from 1969,03,01 to 05
MANHATTAN HOUSE,CHIN SWEE ROAD,Office,"405,000",516.67,784,Jun-25,Strata,48,"8,438",99 yrs lease commencing from 1969,03,01 to 05
ALEXANDRA CENTRAL,ALEXANDRA ROAD,Office,"960,000",581.26,"1,652",Jun-25,Strata,54,"17,778",99 yrs lease commencing from 2012,03,01 to 05
EON SHENTON,SHENTON WAY,Office,"4,250,000","1,765.3","2,408",Jun-25,Strata,164,"25,915",99 yrs lease commencing from 2011,02,06 to 10
THE CENTRAL,EU TONG SEN STREET,Office,"1,760,000",645.84,"2,725",Jun-25,Strata,60,"29,333",99 yrs lease commencing from 2001,01,16 to 20
SOHO LIFE,JOO CHIAT ROAD,Office,"760,000",398.27,"1,908",Jun-25,Strata,37,"20,541",Freehold,15,01 to 05
VISION EXCHANGE,VENTURE DRIVE,Office,"960,000",516.67,"1,858",Jun-25,Strata,48,"20,000",99 yrs lease commencing from 2013,22,11 to 15
PARKWAY CENTRE,MARINE PARADE CENTRAL,Office,"1,200,000",731.95,"1,639",Jun-25,Strata,68,"17,647",99 yrs lease commencing from 1981,15,06 to 10
MANHATTAN HOUSE,CHIN SWEE ROAD,Office,"413,000",527.44,783,Jun-25,Strata,49,"8,429",99 yrs lease commencing from 1969,03,06 to 10
MANHATTAN HOUSE,CHIN SWEE ROAD,Office,"346,000",441.32,784,Jun-25,Strata,41,"8,439",99 yrs lease commencing from 1969,03,06 to 10
MANHATTAN HOUSE,CHIN SWEE ROAD,Office,"430,000",548.96,783,Jun-25,Strata,51,"8,431",99 yrs lease commencing from 1969,03,11 to 15
MANHATTAN HOUSE,CHIN SWEE ROAD,Office,"312,000",398.27,783,Jun-25,Strata,37,"8,432",99 yrs lease commencing from 1969,03,11 to 15
MANHATTAN HOUSE,CHIN SWEE ROAD,Office,"405,000",516.67,784,Jun-25,Strata,48,"8,438",99 yrs lease commencing from 1969,03,11 to 15
MANHATTAN HOUSE,CHIN SWEE ROAD,Office,"405,000",516.67,784,Jun-25,Strata,48,"8,438",99 yrs lease commencing from 1969,03,11 to 15
MANHATTAN HOUSE,CHIN SWEE ROAD,Office,"405,000",516.67,784,Jun-25,Strata,48,"8,438",99 yrs lease commencing from 1969,03,11 to 15
MANHATTAN HOUSE,CHIN SWEE ROAD,Office,"363,000",462.85,784,Jun-25,Strata,43,"8,442",99 yrs lease commencing from 1969,03,11 to 15
MANHATTAN HOUSE,CHIN SWEE ROAD,Office,"430,000",548.96,783,Jun-25,Strata,51,"8,431",99 yrs lease commencing from 1969,03,11 to 15
MANHATTAN HOUSE,CHIN SWEE ROAD,Office,"405,000",516.67,784,Jun-25,Strata,48,"8,438",99 yrs lease commencing from 1969,03,11 to 15
PENINSULA PLAZA,NORTH BRIDGE ROAD,Office,"3,380,000","1,485.43","2,275",Jun-25,Strata,138,"24,493",999 yrs lease commencing from 1829,06,11 to 15
SUNTEC TOWER ONE,TEMASEK BOULEVARD,Office,"32,310,400","10,096.63","3,200",Jun-25,Strata,938,"34,446",99 yrs lease commencing from 1989,01,36 to 40
CENTROPOD @ CHANGI,CHANGI ROAD,Office,"744,888",473.62,"1,573",Jun-25,Strata,44,"16,929",Freehold,14,01 to 05
VISION EXCHANGE,VENTURE DRIVE,Office,"930,000",516.67,"1,800",Jun-25,Strata,48,"19,375",99 yrs lease commencing from 2013,22,06 to 10
THE CENTRAL,EU TONG SEN STREET,Office,"1,900,000",871.88,"2,179",Jun-25,Strata,81,"23,457",99 yrs lease commencing from 2001,01,16 to 20
PAYA LEBAR SQUARE,PAYA LEBAR ROAD,Office,"1,160,000",484.38,"2,395",Jun-25,Strata,45,"25,778",99 yrs lease commencing from 2011,14,01 to 05
WOODS SQUARE,WOODLANDS SQUARE,Office,"1,202,441",559.73,"2,148",Jun-25,Strata,52,"23,124",99 yrs lease commencing from 2014,25,11 to 15
PS100,PECK SEAH STREET,Office,"1,128,440",473.62,"2,383",Jun-25,Strata,44,"25,646",99 yrs lease commencing from 2011,02,06 to 10
FORTUNE CENTRE,MIDDLE ROAD,Office,"3,100,000","2,217.38","1,398",Jun-25,Strata,206,"15,049",99 yrs lease commencing from 1980,07,11 to 15
THE MODULES,JOO CHIAT ROAD,Office,"830,000",398.27,"2,084",Jun-25,Strata,37,"22,432",Freehold,15,01 to 05
MANHATTAN HOUSE,CHIN SWEE ROAD,Office,"575,000",516.67,"1,113",Jun-25,Strata,48,"11,979",99 yrs lease commencing from 1969,03,06 to 10
111 SOMERSET,SOMERSET ROAD,Office,"3,388,888","1,345.5","2,519",Jun-25,Strata,125,"27,111",99 yrs lease commencing from 1975,09,06 to 10
N.A.,ROBINSON ROAD,Office,"55,800,000","14,251.54","3,915",May-25,Strata,"1,324","42,145",Freehold,01,11 to 15
ICON@CHANGI,CHANGI ROAD,Office,"638,000",333.68,"1,912",May-25,Strata,31,"20,581",Freehold,14,01 to 05
PAYA LEBAR SQUARE,PAYA LEBAR ROAD,Office,"1,250,000",505.91,"2,471",May-25,Strata,47,"26,596",99 yrs lease commencing from 2011,14,11 to 15
THE MODULES,JOO CHIAT ROAD,Office,"1,100,000",495.14,"2,222",May-25,Strata,46,"23,913",Freehold,15,01 to 05
PARKLANE SHOPPING MALL,SELEGIE ROAD,Office,"826,800",688.9,"1,200",May-25,Strata,64,"12,919",99 yrs lease commencing from 1974,07,06 to 10
SBF CENTER,ROBINSON ROAD,Office,"8,000,000","2,238.91","3,573",May-25,Strata,208,"38,462",99 yrs lease commencing from 2011,01,11 to 15
SIM LIM TOWER,JALAN BESAR,Office,"846,944",398.27,"2,127",May-25,Strata,37,"22,890",Freehold,08,06 to 10
WOODS SQUARE,WOODLANDS SQUARE,Office,"1,190,000",559.73,"2,126",May-25,Strata,52,"22,885",99 yrs lease commencing from 2014,25,06 to 10
WOODS SQUARE,WOODLANDS SQUARE,Office,"1,155,999",548.96,"2,106",May-25,Strata,51,"22,667",99 yrs lease commencing from 2014,25,06 to 10
SIM LIM TOWER,JALAN BESAR,Office,"1,270,000",592.02,"2,145",May-25,Strata,55,"23,091",Freehold,08,11 to 15
PARKLANE SHOPPING MALL,SELEGIE ROAD,Office,"690,000",430.56,"1,603",May-25,Strata,40,"17,250",99 yrs lease commencing from 1974,07,01 to 05
SUNSHINE PLAZA,BENCOOLEN STREET,Office,"1,963,144","1,162.51","1,689",May-25,Strata,108,"18,177",99 yrs lease commencing from 1997,07,06 to 10
LUCKY PLAZA,ORCHARD ROAD,Office,"1,636,800",247.57,"6,611",May-25,Strata,23,"71,165",Freehold,09,01 to 05
SUNTEC TOWER THREE,TEMASEK BOULEVARD,Office,"8,388,888","2,335.79","3,591",May-25,Strata,217,"38,658",99 yrs lease commencing from 1989,01,36 to 40
FAR EAST SHOPPING CENTRE,ORCHARD ROAD,Office,"850,000",182.99,"4,645",May-25,Strata,17,"50,000",999 yrs lease commencing from 1871,09,01 to 05
HIGH STREET CENTRE,NORTH BRIDGE ROAD,Office,"398,000",247.57,"1,608",May-25,Strata,23,"17,304",99 yrs lease commencing from 1969,06,01 to 05
PS100,PECK SEAH STREET,Office,"1,488,000",516.67,"2,880",May-25,Strata,48,"31,000",99 yrs lease commencing from 2011,02,11 to 15
ONE SOPHIA,SOPHIA ROAD,Office,"5,117,000","1,539.25","3,324",May-25,Strata,143,"35,783",99 yrs lease commencing from 2023,09,06 to 10
HIGH STREET CENTRE,NORTH BRIDGE ROAD,Office,"335,000",172.22,"1,945",May-25,Strata,16,"20,938",99 yrs lease commencing from 1969,06,01 to 05
PAVILION SQUARE,GEYLANG ROAD,Office,"165,000",129.17,"1,277",May-25,Strata,12,"13,750",Freehold,14,01 to 05
PAVILION SQUARE,GEYLANG ROAD,Office,"165,000",129.17,"1,277",May-25,Strata,12,"13,750",Freehold,14,01 to 05
BUKIT TIMAH SHOPPING CENTRE,UPPER BUKIT TIMAH ROAD,Office,"700,000",215.28,"3,252",May-25,Strata,20,"35,000",999 yrs lease commencing from 1883,21,01 to 05
PENINSULA PLAZA,NORTH BRIDGE ROAD,Office,"1,300,000",398.27,"3,264",Apr-25,Strata,37,"35,135",999 yrs lease commencing from 1829,06,01 to 05
N.A.,ROBINSON ROAD,Office,"17,308,720","4,628.52","3,740",Apr-25,Strata,430,"40,253",Freehold,01,01 to 05
N.A.,ROBINSON ROAD,Office,"17,991,130","4,746.92","3,790",Apr-25,Strata,441,"40,796",Freehold,01,06 to 10
HAVELOCK2,HAVELOCK ROAD,Office,"590,000",333.68,"1,768",Apr-25,Strata,31,"19,032",99 yrs lease commencing from 1983,01,06 to 10
SBF CENTER,ROBINSON ROAD,Office,"4,263,280","1,323.97","3,220",Apr-25,Strata,123,"34,661",99 yrs lease commencing from 2011,01,16 to 20
JUNCTION NINE,YISHUN AVENUE 9,Office,"1,450,000",301.39,"4,811",Apr-25,Strata,28,"51,786",99 yrs lease commencing from 2013,27,01 to 05
CENTRIUM SQUARE,SERANGOON ROAD,Office,"1,560,000",613.55,"2,543",Apr-25,Strata,57,"27,368",Freehold,08,06 to 10
ONE SOPHIA,SOPHIA ROAD,Office,"4,511,000","1,442.38","3,127",Apr-25,Strata,134,"33,664",99 yrs lease commencing from 2023,09,01 to 05
KATONG SHOPPING CENTRE,MOUNTBATTEN ROAD,Office,"698,000",215.28,"3,242",Apr-25,Strata,20,"34,900",Freehold,15,01 to 05
ASCENT @ 456,BALESTIER ROAD,Office,"838,000",269.1,"3,114",Apr-25,Strata,25,"33,520",Freehold,12,01 to 05
SBF CENTER,ROBINSON ROAD,Office,"2,100,000",592.02,"3,547",Apr-25,Strata,55,"38,182",99 yrs lease commencing from 2011,01,16 to 20
HIGH STREET CENTRE,NORTH BRIDGE ROAD,Office,"2,150,000","1,097.93","1,958",Apr-25,Strata,102,"21,078",99 yrs lease commencing from 1969,06,11 to 15
WOODS SQUARE,WOODLANDS SQUARE,Office,"1,182,427",559.73,"2,113",Apr-25,Strata,52,"22,739",99 yrs lease commencing from 2014,25,06 to 10
SUNTEC TOWER ONE,TEMASEK BOULEVARD,Office,"15,495,180","4,757.69","3,257",Apr-25,Strata,442,"35,057",99 yrs lease commencing from 1989,01,31 to 35
SUNTEC TOWER ONE,TEMASEK BOULEVARD,Office,"12,164,768","3,735.11","3,257",Apr-25,Strata,347,"35,057",99 yrs lease commencing from 1989,01,31 to 35
SUNTEC TOWER ONE,TEMASEK BOULEVARD,Office,"12,340,053","3,788.93","3,257",Apr-25,Strata,352,"35,057",99 yrs lease commencing from 1989,01,31 to 35
WOODS SQUARE,WOODLANDS SQUARE,Office,"1,980,000","1,033.34","1,916",Apr-25,Strata,96,"20,625",99 yrs lease commencing from 2014,25,01 to 05
WOODS SQUARE,WOODLANDS SQUARE,Office,"917,431",548.96,"1,671",Apr-25,Strata,51,"17,989",99 yrs lease commencing from 2014,25,06 to 10
PAYA LEBAR SQUARE,PAYA LEBAR ROAD,Office,"1,200,000",548.96,"2,186",Apr-25,Strata,51,"23,529",99 yrs lease commencing from 2011,14,06 to 10
WOODS SQUARE,WOODLANDS SQUARE,Office,"1,192,802",559.73,"2,131",Apr-25,Strata,52,"22,939",99 yrs lease commencing from 2014,25,11 to 15
SOHO LIFE,JOO CHIAT ROAD,Office,"800,000",409.03,"1,956",Apr-25,Strata,38,"21,053",Freehold,15,01 to 05
THE CENTRAL,EU TONG SEN STREET,Office,"2,600,000",925.7,"2,809",Apr-25,Strata,86,"30,233",99 yrs lease commencing from 2001,01,21 to 25
ICON@CHANGI,CHANGI ROAD,Office,"644,444",365.98,"1,761",Apr-25,Strata,34,"18,954",Freehold,14,01 to 05
SGX CENTRE 2,SHENTON WAY,Office,"12,650,000","4,811.51","2,629",Apr-25,Strata,447,"28,300",99 yrs lease commencing from 1995,01,26 to 30
SGX CENTRE 2,SHENTON WAY,Office,"26,850,000","10,215.04","2,628",Apr-25,Strata,949,"28,293",99 yrs lease commencing from 1995,01,26 to 30
SAMSUNG HUB,CHURCH STREET,Office,"11,058,000","2,561.83","4,316",Apr-25,Strata,238,"46,462",999 yrs lease commencing from 1827,01,16 to 20
SAMSUNG HUB,CHURCH STREET,Office,"13,450,000","3,186.14","4,221",Apr-25,Strata,296,"45,439",999 yrs lease commencing from 1827,01,11 to 15
WOODS SQUARE,WOODLANDS SQUARE,Office,"1,238,000",559.73,"2,212",Apr-25,Strata,52,"23,808",99 yrs lease commencing from 2014,25,11 to 15
KATONG SHOPPING CENTRE,MOUNTBATTEN ROAD,Office,"820,000",322.92,"2,539",Apr-25,Strata,30,"27,333",Freehold,15,01 to 05
N.A.,ARMENIAN STREET,Office,"3,080,000","1,184.04","2,601",Apr-25,Strata,110,"28,000",99 yrs lease commencing from 2007,06,01 to 05
THE GOLDEN MILE,BEACH ROAD,Office,"4,756,858","1,291.68","3,683",Apr-25,Strata,120,"39,640",99 yrs lease commencing from 2024,07,01 to 05
HOA NAM BUILDING,FOCH ROAD,Office,"600,000",236.81,"2,534",Apr-25,Strata,22,"27,273",Freehold,08,01 to 05
THE CENTRAL,EU TONG SEN STREET,Office,"4,900,000","1,485.43","3,299",Apr-25,Strata,138,"35,507",99 yrs lease commencing from 2001,01,16 to 20
SAMSUNG HUB,CHURCH STREET,Office,"12,000,000","2,906.28","4,129",Apr-25,Strata,270,"44,444",999 yrs lease commencing from 1827,01,11 to 15
WOODS SQUARE,WOODLANDS SQUARE,Office,"1,622,807",753.48,"2,154",Apr-25,Strata,70,"23,183",99 yrs lease commencing from 2014,25,06 to 10
FAR EAST SHOPPING CENTRE,ORCHARD ROAD,Office,"900,000",215.28,"4,181",Apr-25,Strata,20,"45,000",999 yrs lease commencing from 1871,09,01 to 05
ORCHARD TOWERS,ORCHARD ROAD,Office,"1,050,000",398.27,"2,636",Apr-25,Strata,37,"28,378",Freehold,09,11 to 15
HIGH STREET PLAZA,HIGH STREET,Office,"3,500,000","1,291.68","2,710",Apr-25,Strata,120,"29,167",999 yrs lease commencing from 1827,06,01 to 05
SIM LIM TOWER,JALAN BESAR,Office,"1,260,000",592.02,"2,128",Mar-25,Strata,55,"22,909",Freehold,08,06 to 10
N.A.,JALAN SENANG,Office,"2,780,000","1,528.49","1,819",Mar-25,Strata,142,"19,577",999 yrs lease commencing from 1967,14,-
SOHO LIFE,JOO CHIAT ROAD,Office,"1,600,000","1,011.82","1,581",Mar-25,Strata,94,"17,021",Freehold,15,01 to 05
SOHO LIFE,JOO CHIAT ROAD,Office,"660,000",344.45,"1,916",Mar-25,Strata,32,"20,625",Freehold,15,01 to 05
INTERNATIONAL PLAZA,ANSON ROAD,Office,"1,685,700",936.47,"1,800",Mar-25,Strata,87,"19,376",99 yrs lease commencing from 1970,02,26 to 30
WOODS SQUARE,WOODLANDS SQUARE,Office,"950,000",548.96,"1,731",Mar-25,Strata,51,"18,627",99 yrs lease commencing from 2014,25,01 to 05
THE GOLDEN MILE,BEACH ROAD,Office,"3,149,780",904.18,"3,484",Mar-25,Strata,84,"37,497",99 yrs lease commencing from 2024,07,01 to 05
WOODS SQUARE,WOODLANDS SQUARE,Office,"1,163,000",548.96,"2,119",Mar-25,Strata,51,"22,804",99 yrs lease commencing from 2014,25,11 to 15
THE GOLDEN MILE,BEACH ROAD,Office,"3,149,780",904.18,"3,484",Mar-25,Strata,84,"37,497",99 yrs lease commencing from 2024,07,01 to 05
PEOPLE'S PARK CENTRE,UPPER CROSS STREET,Office,"720,000",430.56,"1,672",Mar-25,Strata,40,"18,000",99 yrs lease commencing from 1970,01,01 to 05
SUNTEC TOWER ONE,TEMASEK BOULEVARD,Office,"6,300,000","2,131.27","2,956",Mar-25,Strata,198,"31,818",99 yrs lease commencing from 1989,01,16 to 20
PARKWAY PARADE,MARINE PARADE ROAD,Office,"1,900,000",925.7,"2,052",Mar-25,Strata,86,"22,093",99 yrs lease commencing from 1979,15,16 to 20
VISION EXCHANGE,VENTURE DRIVE,Office,"950,000",516.67,"1,839",Mar-25,Strata,48,"19,792",99 yrs lease commencing from 2013,22,11 to 15
THE PLAZA,BEACH ROAD,Office,"1,270,000",828.83,"1,532",Mar-25,Strata,77,"16,494",99 yrs lease commencing from 1968,07,11 to 15
VISION EXCHANGE,VENTURE DRIVE,Office,"950,000",516.67,"1,839",Mar-25,Strata,48,"19,792",99 yrs lease commencing from 2013,22,06 to 10
THE CENTRAL,EU TONG SEN STREET,Office,"2,905,000",882.65,"3,291",Mar-25,Strata,82,"35,427",99 yrs lease commencing from 2001,01,16 to 20
SBF CENTER,ROBINSON ROAD,Office,"1,816,514",592.02,"3,068",Mar-25,Strata,55,"33,028",99 yrs lease commencing from 2011,01,11 to 15
TEXTILE CENTRE,JALAN SULTAN,Office,"888,000",893.41,994,Mar-25,Strata,83,"10,699",99 yrs lease commencing from 1970,07,06 to 10
SUNTEC TOWER THREE,TEMASEK BOULEVARD,Office,"15,363,200","4,800.74","3,200",Mar-25,Strata,446,"34,447",99 yrs lease commencing from 1989,01,21 to 25
ASCENT @ 456,BALESTIER ROAD,Office,"1,195,000",452.09,"2,643",Mar-25,Strata,42,"28,452",Freehold,12,01 to 05
ONE SOPHIA,SOPHIA ROAD,Office,"6,739,000","2,206.62","3,054",Mar-25,Strata,205,"32,873",99 yrs lease commencing from 2023,09,01 to 05
ONE SOPHIA,SOPHIA ROAD,Office,"8,290,000","2,669.47","3,105",Mar-25,Strata,248,"33,427",99 yrs lease commencing from 2023,09,01 to 05
ONE SOPHIA,SOPHIA ROAD,Office,"4,449,000","1,410.08","3,155",Mar-25,Strata,131,"33,962",99 yrs lease commencing from 2023,09,01 to 05
ONE SOPHIA,SOPHIA ROAD,Office,"4,287,000","1,367.03","3,136",Mar-25,Strata,127,"33,756",99 yrs lease commencing from 2023,09,01 to 05
ONE SOPHIA,SOPHIA ROAD,Office,"5,974,000","1,905.23","3,136",Mar-25,Strata,177,"33,751",99 yrs lease commencing from 2023,09,01 to 05
ONE SOPHIA,SOPHIA ROAD,Office,"10,261,000","3,379.9","3,036",Mar-25,Strata,314,"32,678",99 yrs lease commencing from 2023,09,01 to 05
HAVELOCK2,HAVELOCK ROAD,Office,"555,888",333.68,"1,666",Mar-25,Strata,31,"17,932",99 yrs lease commencing from 1983,01,06 to 10
CENTRIUM SQUARE,SERANGOON ROAD,Office,"1,570,000",613.55,"2,559",Mar-25,Strata,57,"27,544",Freehold,08,06 to 10
TEXTILE CENTRE,JALAN SULTAN,Office,"937,300",721.19,"1,300",Mar-25,Strata,67,"13,990",99 yrs lease commencing from 1970,07,01 to 05
20 COLLYER QUAY,COLLYER QUAY,Office,"91,800,000","29,159.68","3,148",Mar-25,Strata,"2,709","33,887",99 yrs lease commencing from 1985,01,21 to 25
SOUTHBANK,NORTH BRIDGE ROAD,Office,"2,238,000","1,593.07","1,405",Mar-25,Strata,148,"15,122",99 yrs lease commencing from 2006,07,06 to 10
CONNEXION,FARRER PARK STATION ROAD,Office,"4,727,700",764.24,"6,186",Mar-25,Strata,71,"66,587",99 yrs lease commencing from 2007,08,06 to 10
CONNEXION,FARRER PARK STATION ROAD,Office,"4,857,480",785.77,"6,182",Mar-25,Strata,73,"66,541",99 yrs lease commencing from 2007,08,06 to 10
FAR EAST SHOPPING CENTRE,ORCHARD ROAD,Office,"1,100,000",258.34,"4,258",Mar-25,Strata,24,"45,833",999 yrs lease commencing from 1871,09,01 to 05
VISION EXCHANGE,VENTURE DRIVE,Office,"1,130,000",516.67,"2,187",Mar-25,Strata,48,"23,542",99 yrs lease commencing from 2013,22,06 to 10
PARKWAY PARADE,MARINE PARADE ROAD,Office,"1,800,000",925.7,"1,944",Mar-25,Strata,86,"20,930",99 yrs lease commencing from 1979,15,06 to 10
PAYA LEBAR SQUARE,PAYA LEBAR ROAD,Office,"1,250,000",516.67,"2,419",Mar-25,Strata,48,"26,042",99 yrs lease commencing from 2011,14,11 to 15
VISION EXCHANGE,VENTURE DRIVE,Office,"988,000",516.67,"1,912",Mar-25,Strata,48,"20,583",99 yrs lease commencing from 2013,22,16 to 20
WOODS SQUARE,WOODLANDS SQUARE,Office,"2,000,000",936.47,"2,136",Feb-25,Strata,87,"22,989",99 yrs lease commencing from 2014,25,11 to 15
SBF CENTER,ROBINSON ROAD,Office,"2,710,800",753.48,"3,598",Feb-25,Strata,70,"38,726",99 yrs lease commencing from 2011,01,21 to 25
SULTAN PLAZA,JALAN SULTAN,Office,"346,888",236.81,"1,465",Feb-25,Strata,22,"15,768",99 yrs lease commencing from 1978,07,01 to 05
WOODS SQUARE,WOODLANDS SQUARE,Office,"1,180,000",559.73,"2,108",Feb-25,Strata,52,"22,692",99 yrs lease commencing from 2014,25,06 to 10
SUNSHINE PLAZA,BENCOOLEN STREET,Office,"1,693,000",958,"1,767",Feb-25,Strata,89,"19,022",99 yrs lease commencing from 1997,07,11 to 15
ONE CLAYMORE,CLAYMORE DRIVE,Office,"2,250,000","1,108.69","2,029",Feb-25,Strata,103,"21,845",Freehold,09,06 to 10
PLUS,CECIL STREET,Office,"1,300,000",516.67,"2,516",Feb-25,Strata,48,"27,083",99 yrs lease commencing from 1989,01,06 to 10
111 SOMERSET,SOMERSET ROAD,Office,"1,565,000",538.2,"2,908",Feb-25,Strata,50,"31,300",99 yrs lease commencing from 1975,09,06 to 10
TEXTILE CENTRE,JALAN SULTAN,Office,"1,280,000",914.94,"1,399",Feb-25,Strata,85,"15,059",99 yrs lease commencing from 1970,07,01 to 05
THE MODULES,JOO CHIAT ROAD,Office,"880,000",441.32,"1,994",Feb-25,Strata,41,"21,463",Freehold,15,01 to 05
FORTUNE CENTRE,MIDDLE ROAD,Office,"1,718,000","1,108.69","1,550",Feb-25,Strata,103,"16,680",99 yrs lease commencing from 1980,07,16 to 20
ONE SOPHIA,SOPHIA ROAD,Office,"3,807,000","1,119.46","3,401",Feb-25,Strata,104,"36,606",99 yrs lease commencing from 2023,09,06 to 10
THE CENTRAL,EU TONG SEN STREET,Office,"1,950,000",613.55,"3,178",Feb-25,Strata,57,"34,211",99 yrs lease commencing from 2001,01,11 to 15
CENTROPOD @ CHANGI,CHANGI ROAD,Office,"950,000",667.37,"1,424",Feb-25,Strata,62,"15,323",Freehold,14,01 to 05
CENTRIUM SQUARE,SERANGOON ROAD,Office,"1,917,000",710.42,"2,698",Feb-25,Strata,66,"29,045",Freehold,08,11 to 15
CENTRIUM SQUARE,SERANGOON ROAD,Office,"2,643,300",979.52,"2,699",Feb-25,Strata,91,"29,047",Freehold,08,11 to 15
SUNSHINE PLAZA,BENCOOLEN STREET,Office,"1,676,000",958,"1,749",Feb-25,Strata,89,"18,831",99 yrs lease commencing from 1997,07,11 to 15
PAYA LEBAR SQUARE,PAYA LEBAR ROAD,Office,"2,570,000","1,130.22","2,274",Feb-25,Strata,105,"24,476",99 yrs lease commencing from 2011,14,06 to 10
SOUTHBANK,NORTH BRIDGE ROAD,Office,"1,776,000","1,184.04","1,500",Feb-25,Strata,110,"16,145",99 yrs lease commencing from 2006,07,16 to 20
OXLEY TOWER,ROBINSON ROAD,Office,"3,350,000","1,259.39","2,660",Feb-25,Strata,117,"28,632",Freehold,01,06 to 10
THE CENTRAL,EU TONG SEN STREET,Office,"1,715,000",635.08,"2,700",Feb-25,Strata,59,"29,068",99 yrs lease commencing from 2001,01,06 to 10
HIGH STREET CENTRE,NORTH BRIDGE ROAD,Office,"1,210,000",548.96,"2,204",Jan-25,Strata,51,"23,725",99 yrs lease commencing from 1969,06,11 to 15
HIGH STREET CENTRE,NORTH BRIDGE ROAD,Office,"385,000",247.57,"1,555",Jan-25,Strata,23,"16,739",99 yrs lease commencing from 1969,06,01 to 05
SOHO LIFE,JOO CHIAT ROAD,Office,"960,000",441.32,"2,175",Jan-25,Strata,41,"23,415",Freehold,15,01 to 05
INTERNATIONAL PLAZA,ANSON ROAD,Office,"937,777",473.62,"1,980",Jan-25,Strata,44,"21,313",99 yrs lease commencing from 1970,02,16 to 20
THE CENTRAL,EU TONG SEN STREET,Office,"1,880,000",624.31,"3,011",Jan-25,Strata,58,"32,414",99 yrs lease commencing from 2001,01,06 to 10
TEXTILE CENTRE,JALAN SULTAN,Office,"1,250,000",990.29,"1,262",Jan-25,Strata,92,"13,587",99 yrs lease commencing from 1970,07,01 to 05
PAYA LEBAR SQUARE,PAYA LEBAR ROAD,Office,"1,163,000",538.2,"2,161",Jan-25,Strata,50,"23,260",99 yrs lease commencing from 2011,14,06 to 10
THE MODULES,JOO CHIAT ROAD,Office,"1,080,000",495.14,"2,181",Jan-25,Strata,46,"23,478",Freehold,15,01 to 05
INTERNATIONAL PLAZA,ANSON ROAD,Office,"7,785,500","4,230.25","1,840",Jan-25,Strata,393,"19,810",99 yrs lease commencing from 1970,02,31 to 35
PS100,PECK SEAH STREET,Office,"1,280,000",473.62,"2,703",Jan-25,Strata,44,"29,091",99 yrs lease commencing from 2011,02,06 to 10
JALAN BESAR PLAZA,KITCHENER ROAD,Office,"600,000",258.34,"2,323",Jan-25,Strata,24,"25,000",Freehold,08,01 to 05
OXLEY TOWER,ROBINSON ROAD,Office,"3,680,000","1,259.39","2,922",Jan-25,Strata,117,"31,453",Freehold,01,21 to 25
SUNSHINE PLAZA,BENCOOLEN STREET,Office,"1,900,000","1,151.75","1,650",Jan-25,Strata,107,"17,757",99 yrs lease commencing from 1997,07,01 to 05
TOKIO MARINE CENTRE,MCCALLUM STREET,Office,"67,530,000","19,052.28","3,544",Jan-25,Strata,"1,770","38,153",Freehold,01,-
ARC 380,JALAN BESAR,Office,"2,159,400",731.95,"2,950",Jan-25,Strata,68,"31,756",Freehold,08,11 to 15
ONE SOPHIA,SOPHIA ROAD,Office,"5,947,000","1,689.95","3,519",Jan-25,Strata,157,"37,879",99 yrs lease commencing from 2023,09,11 to 15
ONE SOPHIA,SOPHIA ROAD,Office,"4,800,000","1,356.26","3,539",Jan-25,Strata,126,"38,095",99 yrs lease commencing from 2023,09,11 to 15
INTERNATIONAL PLAZA,ANSON ROAD,Office,"4,243,000","2,357.32","1,800",Jan-25,Strata,219,"19,374",99 yrs lease commencing from 1970,02,16 to 20
WOODS SQUARE,WOODLANDS SQUARE,Office,"1,170,000",559.73,"2,090",Jan-25,Strata,52,"22,500",99 yrs lease commencing from 2014,25,06 to 10
PAYA LEBAR SQUARE,PAYA LEBAR ROAD,Office,"2,100,000",958,"2,192",Jan-25,Strata,89,"23,596",99 yrs lease commencing from 2011,14,06 to 10
FORTUNE CENTRE,MIDDLE ROAD,Office,"1,660,000","1,076.4","1,542",Jan-25,Strata,100,"16,600",99 yrs lease commencing from 1980,07,16 to 20
HIGH STREET CENTRE,NORTH BRIDGE ROAD,Office,"1,050,000",548.96,"1,913",Jan-25,Strata,51,"20,588",99 yrs lease commencing from 1969,06,11 to 15
WOODS SQUARE,WOODLANDS SQUARE,Office,"1,123,090",559.73,"2,006",Jan-25,Strata,52,"21,598",99 yrs lease commencing from 2014,25,06 to 10
WOODS SQUARE,WOODLANDS SQUARE,Office,"1,123,090",559.73,"2,006",Jan-25,Strata,52,"21,598",99 yrs lease commencing from 2014,25,06 to 10
WOODS SQUARE,WOODLANDS SQUARE,Office,"1,123,090",559.73,"2,006",Jan-25,Strata,52,"21,598",99 yrs lease commencing from 2014,25,06 to 10
WOODS SQUARE,WOODLANDS SQUARE,Office,"2,580,020","1,259.39","2,049",Jan-25,Strata,117,"22,051",99 yrs lease commencing from 2014,25,06 to 10
SBF CENTER,ROBINSON ROAD,Office,"2,688,210",753.48,"3,568",Jan-25,Strata,70,"38,403",99 yrs lease commencing from 2011,01,16 to 20
WOODS SQUARE,WOODLANDS SQUARE,Office,"960,000",516.67,"1,858",Dec-24,Strata,48,"20,000",99 yrs lease commencing from 2014,25,01 to 05
THE CENTRAL,EU TONG SEN STREET,Office,"2,108,000",871.88,"2,418",Dec-24,Strata,81,"26,025",99 yrs lease commencing from 2001,01,06 to 10
HIGH STREET CENTRE,NORTH BRIDGE ROAD,Office,"700,888",441.32,"1,588",Dec-24,Strata,41,"17,095",99 yrs lease commencing from 1969,06,01 to 05
SUNSHINE PLAZA,BENCOOLEN STREET,Office,"1,880,000","1,140.98","1,648",Dec-24,Strata,106,"17,736",99 yrs lease commencing from 1997,07,01 to 05
VISION EXCHANGE,VENTURE DRIVE,Office,"1,400,000",699.66,"2,001",Dec-24,Strata,65,"21,538",99 yrs lease commencing from 2013,22,06 to 10
ONE SOPHIA,SOPHIA ROAD,Office,"4,884,000","1,410.08","3,464",Dec-24,Strata,131,"37,282",99 yrs lease commencing from 2023,09,11 to 15
THE CENTRAL,EU TONG SEN STREET,Office,"2,080,000",731.95,"2,842",Dec-24,Strata,68,"30,588",99 yrs lease commencing from 2001,01,11 to 15
THE CENTRAL,EU TONG SEN STREET,Office,"2,829,000",882.65,"3,205",Dec-24,Strata,82,"34,500",99 yrs lease commencing from 2001,01,16 to 20
THE CENTRAL,EU TONG SEN STREET,Office,"2,829,000",882.65,"3,205",Dec-24,Strata,82,"34,500",99 yrs lease commencing from 2001,01,16 to 20
INTERNATIONAL PLAZA,ANSON ROAD,Office,"1,684,800",936.47,"1,799",Dec-24,Strata,87,"19,366",99 yrs lease commencing from 1970,02,26 to 30
FUYUEN COURT,SIMS AVENUE,Office,"605,500",409.03,"1,480",Dec-24,Strata,38,"15,934",Freehold,14,01 to 05
ONE SOPHIA,SOPHIA ROAD,Office,"3,654,000","1,151.75","3,173",Dec-24,Strata,107,"34,150",99 yrs lease commencing from 2023,09,01 to 05
THE CENTRAL,EU TONG SEN STREET,Office,"1,870,000",635.08,"2,945",Dec-24,Strata,59,"31,695",99 yrs lease commencing from 2001,01,11 to 15
ONE SOPHIA,SOPHIA ROAD,Office,"6,004,000","1,743.77","3,443",Dec-24,Strata,162,"37,062",99 yrs lease commencing from 2023,09,11 to 15
SBF CENTER,ROBINSON ROAD,Office,"4,500,000","1,323.97","3,399",Dec-24,Strata,123,"36,585",99 yrs lease commencing from 2011,01,21 to 25
ONE SOPHIA,SOPHIA ROAD,Office,"3,087,000",958,"3,222",Dec-24,Strata,89,"34,685",99 yrs lease commencing from 2023,09,01 to 05
CONCORDE SHOPPING CENTRE,OUTRAM ROAD,Office,"688,000",376.74,"1,826",Dec-24,Strata,35,"19,657",99 yrs lease commencing from 1980,03,01 to 05
SUNTEC TOWER ONE,TEMASEK BOULEVARD,Office,"10,319,100","3,498.3","2,950",Dec-24,Strata,325,"31,751",99 yrs lease commencing from 1989,01,11 to 15
SUNTEC TOWER ONE,TEMASEK BOULEVARD,Office,"35,888,888","11,786.58","3,045",Dec-24,Strata,"1,095","32,775",99 yrs lease commencing from 1989,01,21 to 25
ONE SOPHIA,SOPHIA ROAD,Office,"5,000,000","1,410.08","3,546",Dec-24,Strata,131,"38,168",99 yrs lease commencing from 2023,09,11 to 15
ONE SOPHIA,SOPHIA ROAD,Office,"3,381,000",947.23,"3,569",Dec-24,Strata,88,"38,420",99 yrs lease commencing from 2023,09,11 to 15
KATONG SHOPPING CENTRE,MOUNTBATTEN ROAD,Office,"933,000",742.72,"1,256",Dec-24,Strata,69,"13,522",Freehold,15,06 to 10
TONG ENG BUILDING,CECIL STREET,Office,"1,550,000",462.85,"3,349",Dec-24,Strata,43,"36,047",999 yrs lease commencing from 1885,01,16 to 20
FORTUNE CENTRE,MIDDLE ROAD,Office,"1,758,000","1,140.98","1,541",Dec-24,Strata,106,"16,585",99 yrs lease commencing from 1980,07,16 to 20
SUNSHINE PLAZA,BENCOOLEN STREET,Office,"1,695,000","1,001.05","1,693",Dec-24,Strata,93,"18,226",99 yrs lease commencing from 1997,07,06 to 10
ONE SOPHIA,SOPHIA ROAD,Office,"3,309,000",947.23,"3,493",Dec-24,Strata,88,"37,602",99 yrs lease commencing from 2023,09,11 to 15
ONE SOPHIA,SOPHIA ROAD,Office,"3,661,000","1,140.98","3,209",Dec-24,Strata,106,"34,538",99 yrs lease commencing from 2023,09,06 to 10
HAVELOCK2,HAVELOCK ROAD,Office,"1,530,000",861.12,"1,777",Dec-24,Strata,80,"19,125",99 yrs lease commencing from 1983,01,01 to 05
WOODS SQUARE,WOODLANDS SQUARE,Office,"1,629,155",753.48,"2,162",Dec-24,Strata,70,"23,274",99 yrs lease commencing from 2014,25,11 to 15
PENINSULA PLAZA,NORTH BRIDGE ROAD,Office,"1,138,500",495.14,"2,299",Dec-24,Strata,46,"24,750",999 yrs lease commencing from 1829,06,01 to 05
ONE SOPHIA,SOPHIA ROAD,Office,"4,055,000","1,270.15","3,193",Nov-24,Land,118,"34,364",99 yrs lease commencing from 2023,09,01 to 05
N.A.,ROBINSON ROAD,Office,"18,438,800","4,736.16","3,893",Nov-24,Strata,440,"41,906",Freehold,01,06 to 10
SUNSHINE PLAZA,BENCOOLEN STREET,Office,"1,480,000",850.36,"1,740",Nov-24,Strata,79,"18,734",99 yrs lease commencing from 1997,07,06 to 10
SLF BUILDING,THOMSON ROAD,Office,"8,800,000","9,450.79",931,Nov-24,Strata,878,"10,023",99 yrs lease commencing from 1979,11,01 to 05
PENINSULA PLAZA,NORTH BRIDGE ROAD,Office,"1,775,000",559.73,"3,171",Nov-24,Strata,52,"34,135",999 yrs lease commencing from 1829,06,01 to 05
PENINSULA PLAZA,NORTH BRIDGE ROAD,Office,"900,000",344.45,"2,613",Nov-24,Strata,32,"28,125",999 yrs lease commencing from 1829,06,06 to 10
SUNSHINE PLAZA,BENCOOLEN STREET,Office,"1,738,800","1,237.86","1,405",Nov-24,Strata,115,"15,120",99 yrs lease commencing from 1997,07,06 to 10
ONE SOPHIA,SOPHIA ROAD,Office,"8,487,000","2,486.48","3,413",Nov-24,Strata,231,"36,740",99 yrs lease commencing from 2023,09,11 to 15
ONE SOPHIA,SOPHIA ROAD,Office,"3,505,000","1,097.93","3,192",Nov-24,Strata,102,"34,363",99 yrs lease commencing from 2023,09,01 to 05
ONE SOPHIA,SOPHIA ROAD,Office,"3,755,000","1,097.93","3,420",Nov-24,Strata,102,"36,814",99 yrs lease commencing from 2023,09,06 to 10
ONE SOPHIA,SOPHIA ROAD,Office,"6,001,000","1,786.82","3,358",Nov-24,Strata,166,"36,151",99 yrs lease commencing from 2023,09,06 to 10
PAYA LEBAR SQUARE,PAYA LEBAR ROAD,Office,"1,165,000",484.38,"2,405",Nov-24,Strata,45,"25,889",99 yrs lease commencing from 2011,14,06 to 10
ONE SOPHIA,SOPHIA ROAD,Office,"2,890,000",925.7,"3,122",Nov-24,Strata,86,"33,605",99 yrs lease commencing from 2023,09,01 to 05
FORTUNE CENTRE,MIDDLE ROAD,Office,"800,000",269.1,"2,973",Nov-24,Strata,25,"32,000",99 yrs lease commencing from 1980,07,01 to 05
ONE SOPHIA,SOPHIA ROAD,Office,"4,388,000","1,356.26","3,235",Nov-24,Strata,126,"34,825",99 yrs lease commencing from 2023,09,06 to 10
ONE SOPHIA,SOPHIA ROAD,Office,"4,562,000","1,410.08","3,235",Nov-24,Strata,131,"34,824",99 yrs lease commencing from 2023,09,06 to 10
ONE SOPHIA,SOPHIA ROAD,Office,"4,823,000","1,410.08","3,420",Nov-24,Strata,131,"36,817",99 yrs lease commencing from 2023,09,06 to 10
ONE SOPHIA,SOPHIA ROAD,Office,"2,882,000",882.65,"3,265",Nov-24,Strata,82,"35,146",99 yrs lease commencing from 2023,09,06 to 10
ONE SOPHIA,SOPHIA ROAD,Office,"6,109,000","1,808.35","3,378",Nov-24,Strata,168,"36,363",99 yrs lease commencing from 2023,09,06 to 10
WOODS SQUARE,WOODLANDS SQUARE,Office,"860,000",559.73,"1,536",Nov-24,Strata,52,"16,538",99 yrs lease commencing from 2014,25,01 to 05
ONE SOPHIA,SOPHIA ROAD,Office,"3,594,000","1,097.93","3,273",Nov-24,Strata,102,"35,235",99 yrs lease commencing from 2023,09,06 to 10
PAYA LEBAR SQUARE,PAYA LEBAR ROAD,Office,"1,658,300",721.19,"2,299",Nov-24,Strata,67,"24,751",99 yrs lease commencing from 2011,14,06 to 10
INTERNATIONAL PLAZA,ANSON ROAD,Office,"1,685,555",936.47,"1,800",Nov-24,Strata,87,"19,374",99 yrs lease commencing from 1970,02,26 to 30
PAYA LEBAR SQUARE,PAYA LEBAR ROAD,Office,"1,108,000",548.96,"2,018",Nov-24,Strata,51,"21,725",99 yrs lease commencing from 2011,14,01 to 05
HIGH STREET PLAZA,HIGH STREET,Office,"1,688,500",613.55,"2,752",Nov-24,Strata,57,"29,623",999 yrs lease commencing from 1827,06,06 to 10
PEOPLE'S PARK COMPLEX,PARK ROAD,Office,"768,000",581.26,"1,321",Nov-24,Strata,54,"14,222",99 yrs lease commencing from 1968,01,01 to 05
SUNSHINE PLAZA,BENCOOLEN STREET,Office,"1,280,000",731.95,"1,749",Nov-24,Strata,68,"18,824",99 yrs lease commencing from 1997,07,06 to 10
THE CENTRAL,EU TONG SEN STREET,Office,"5,651,200","1,765.3","3,201",Nov-24,Strata,164,"34,459",99 yrs lease commencing from 2001,01,16 to 20
INTERNATIONAL PLAZA,ANSON ROAD,Office,"750,000",462.85,"1,620",Nov-24,Strata,43,"17,442",99 yrs lease commencing from 1970,02,06 to 10
PLUS,CECIL STREET,Office,"3,500,000","1,259.39","2,779",Nov-24,Strata,117,"29,915",99 yrs lease commencing from 1989,01,01 to 05
REGENCY SUITES,KIM TIAN ROAD,Office,"2,120,000","1,033.34","2,052",Nov-24,Strata,96,"22,083",Freehold,03,06 to 10
SOHO LIFE,JOO CHIAT ROAD,Office,"695,000",312.16,"2,226",Nov-24,Strata,29,"23,966",Freehold,15,01 to 05
FORTUNE CENTRE,MIDDLE ROAD,Office,"1,590,000","1,076.4","1,477",Nov-24,Strata,100,"15,900",99 yrs lease commencing from 1980,07,16 to 20
SBF CENTER,ROBINSON ROAD,Office,"4,300,000","1,323.97","3,248",Nov-24,Strata,123,"34,959",99 yrs lease commencing from 2011,01,16 to 20
ONE SOPHIA,SOPHIA ROAD,Office,"3,738,000","1,162.51","3,215",Nov-24,Strata,108,"34,611",99 yrs lease commencing from 2023,09,06 to 10
BURLINGTON SQUARE,BENCOOLEN STREET,Office,"1,045,800",581.26,"1,799",Nov-24,Strata,54,"19,367",99 yrs lease commencing from 1996,07,11 to 15
BURLINGTON SQUARE,BENCOOLEN STREET,Office,"1,026,000",570.49,"1,798",Nov-24,Strata,53,"19,358",99 yrs lease commencing from 1996,07,11 to 15
SULTAN PLAZA,JALAN SULTAN,Office,"310,000",247.57,"1,252",Nov-24,Strata,23,"13,478",99 yrs lease commencing from 1978,07,01 to 05
ASCENT @ 456,BALESTIER ROAD,Office,"988,000",376.74,"2,622",Nov-24,Strata,35,"28,229",Freehold,12,01 to 05
FUYUEN COURT,SIMS AVENUE,Office,"1,450,000","1,550.02",935,Oct-24,Strata,144,"10,069",Freehold,14,01 to 05
SUNTEC TOWER THREE,TEMASEK BOULEVARD,Office,"16,432,200","4,833.04","3,400",Oct-24,Strata,449,"36,597",99 yrs lease commencing from 1989,01,36 to 40
SUNSHINE PLAZA,BENCOOLEN STREET,Office,"1,200,000",678.13,"1,770",Oct-24,Strata,63,"19,048",99 yrs lease commencing from 1997,07,06 to 10
TEXTILE CENTRE,JALAN SULTAN,Office,"605,888",473.62,"1,279",Oct-24,Strata,44,"13,770",99 yrs lease commencing from 1970,07,01 to 05
MANHATTAN HOUSE,CHIN SWEE ROAD,Office,"6,600,000","5,963.26","1,107",Oct-24,Strata,554,"11,913",99 yrs lease commencing from 1969,03,01 to 05
SOHO LIFE,JOO CHIAT ROAD,Office,"710,000",387.5,"1,832",Oct-24,Strata,36,"19,722",Freehold,15,01 to 05
PAYA LEBAR SQUARE,PAYA LEBAR ROAD,Office,"1,240,000",548.96,"2,259",Oct-24,Strata,51,"24,314",99 yrs lease commencing from 2011,14,01 to 05
HIGH STREET PLAZA,HIGH STREET,Office,"1,227,000",409.03,"3,000",Oct-24,Strata,38,"32,289",999 yrs lease commencing from 1827,06,06 to 10
HIGH STREET PLAZA,HIGH STREET,Office,"936,000",312.16,"2,999",Oct-24,Strata,29,"32,276",999 yrs lease commencing from 1827,06,06 to 10
KATONG SHOPPING CENTRE,MOUNTBATTEN ROAD,Office,"838,000",355.21,"2,359",Oct-24,Strata,33,"25,394",Freehold,15,01 to 05
ICON@CHANGI,CHANGI ROAD,Office,"600,000",150.7,"3,982",Oct-24,Strata,14,"42,857",Freehold,14,01 to 05
CENTROPOD @ CHANGI,CHANGI ROAD,Office,"640,000",484.38,"1,321",Oct-24,Strata,45,"14,222",Freehold,14,01 to 05
ORCHARD TOWERS,ORCHARD ROAD,Office,"2,150,000",958,"2,244",Oct-24,Strata,89,"24,157",Freehold,09,11 to 15
GB BUILDING,CECIL STREET,Office,"10,880,000","5,500.4","1,978",Oct-24,Strata,511,"21,292",99 yrs lease commencing from 1982,01,26 to 30
GOLDEN MILE TOWER,BEACH ROAD,Office,"986,888",699.66,"1,411",Oct-24,Strata,65,"15,183",99 yrs lease commencing from 1969,07,16 to 20
SOHO LIFE,JOO CHIAT ROAD,Office,"760,000",398.27,"1,908",Oct-24,Strata,37,"20,541",Freehold,15,01 to 05
ORCHARD PLAZA,ORCHARD ROAD,Office,"740,000",452.09,"1,637",Oct-24,Strata,42,"17,619",99 yrs lease commencing from 1977,09,06 to 10
TONG ENG BUILDING,CECIL STREET,Office,"3,862,596","1,227.1","3,148",Oct-24,Strata,114,"33,882",999 yrs lease commencing from 1885,01,21 to 25
SUNSHINE PLAZA,BENCOOLEN STREET,Office,"850,000",484.38,"1,755",Oct-24,Strata,45,"18,889",99 yrs lease commencing from 1997,07,01 to 05
PAYA LEBAR SQUARE,PAYA LEBAR ROAD,Office,"2,318,000","1,065.64","2,175",Oct-24,Strata,99,"23,414",99 yrs lease commencing from 2011,14,01 to 05
WOODS SQUARE,WOODLANDS SQUARE,Office,"1,230,000",559.73,"2,197",Oct-24,Strata,52,"23,654",99 yrs lease commencing from 2014,25,06 to 10
CONCORDE SHOPPING CENTRE,OUTRAM ROAD,Office,"400,000",226.04,"1,770",Oct-24,Strata,21,"19,048",99 yrs lease commencing from 1980,03,01 to 05
SUNSHINE PLAZA,BENCOOLEN STREET,Office,"1,120,000",635.08,"1,764",Oct-24,Strata,59,"18,983",99 yrs lease commencing from 1997,07,06 to 10
INTERNATIONAL PLAZA,ANSON ROAD,Office,"1,763,580",968.76,"1,820",Oct-24,Strata,90,"19,595",99 yrs lease commencing from 1970,02,16 to 20
SUNSHINE PLAZA,BENCOOLEN STREET,Office,"1,150,000",667.37,"1,723",Oct-24,Strata,62,"18,548",99 yrs lease commencing from 1997,07,01 to 05
111 SOMERSET,SOMERSET ROAD,Office,"2,200,000",785.77,"2,800",Oct-24,Strata,73,"30,137",99 yrs lease commencing from 1975,09,11 to 15
SOUTHBANK,NORTH BRIDGE ROAD,Office,"1,688,888","1,011.82","1,669",Oct-24,Strata,94,"17,967",99 yrs lease commencing from 2006,07,16 to 20
INTERNATIONAL PLAZA,ANSON ROAD,Office,"3,500,000","2,357.32","1,485",Oct-24,Strata,219,"15,982",99 yrs lease commencing from 1970,02,11 to 15
SUNSHINE PLAZA,BENCOOLEN STREET,Office,"1,280,000",731.95,"1,749",Oct-24,Strata,68,"18,824",99 yrs lease commencing from 1997,07,01 to 05
INTERNATIONAL PLAZA,ANSON ROAD,Office,"920,000",462.85,"1,988",Oct-24,Strata,43,"21,395",99 yrs lease commencing from 1970,02,21 to 25
SOUTHBANK,NORTH BRIDGE ROAD,Office,"950,000",602.78,"1,576",Oct-24,Strata,56,"16,964",99 yrs lease commencing from 2006,07,01 to 05
THE CENTRAL,EU TONG SEN STREET,Office,"2,010,000",624.31,"3,220",Sep-24,Strata,58,"34,655",99 yrs lease commencing from 2001,01,11 to 15
ICON@CHANGI,CHANGI ROAD,Office,"762,000",430.56,"1,770",Sep-24,Strata,40,"19,050",Freehold,14,01 to 05
TONG BUILDING,ORCHARD ROAD,Office,"33,500,000","6,867.43","4,878",Sep-24,Strata,638,"52,508",Freehold,09,06 to 10
TONG BUILDING,ORCHARD ROAD,Office,"35,000,000","6,867.43","5,097",Sep-24,Strata,638,"54,859",Freehold,09,06 to 10
INTERNATIONAL PLAZA,ANSON ROAD,Office,"1,620,000",936.47,"1,730",Sep-24,Strata,87,"18,621",99 yrs lease commencing from 1970,02,16 to 20
INTERNATIONAL PLAZA,ANSON ROAD,Office,"900,000",473.62,"1,900",Sep-24,Strata,44,"20,455",99 yrs lease commencing from 1970,02,16 to 20
SAMSUNG HUB,CHURCH STREET,Office,"14,800,000","3,595.18","4,117",Sep-24,Strata,334,"44,311",999 yrs lease commencing from 1827,01,16 to 20
WOODS SQUARE,WOODLANDS SQUARE,Office,"1,250,000",559.73,"2,233",Sep-24,Strata,52,"24,038",99 yrs lease commencing from 2014,25,11 to 15
N.A.,ROBINSON ROAD,Office,"17,919,925","4,746.92","3,775",Sep-24,Strata,441,"40,635",Freehold,01,01 to 05
WOODS SQUARE,WOODLANDS SQUARE,Office,"1,178,845",559.73,"2,106",Sep-24,Strata,52,"22,670",99 yrs lease commencing from 2014,25,11 to 15
HIGH STREET PLAZA,HIGH STREET,Office,"1,750,000",785.77,"2,227",Sep-24,Strata,73,"23,973",999 yrs lease commencing from 1827,06,01 to 05
TEXTILE CENTRE,JALAN SULTAN,Office,"1,000,000",785.77,"1,273",Sep-24,Strata,73,"13,699",99 yrs lease commencing from 1970,07,01 to 05
PAYA LEBAR SQUARE,PAYA LEBAR ROAD,Office,"2,550,000","1,130.22","2,256",Sep-24,Strata,105,"24,286",99 yrs lease commencing from 2011,14,06 to 10
THE PLAZA,BEACH ROAD,Office,"655,000",430.56,"1,521",Sep-24,Strata,40,"16,375",99 yrs lease commencing from 1968,07,16 to 20
N.A.,ROBINSON ROAD,Office,"18,556,200","4,757.69","3,900",Sep-24,Strata,442,"41,982",Freehold,01,06 to 10
HOA NAM BUILDING,FOCH ROAD,Office,"381,000",172.22,"2,212",Sep-24,Strata,16,"23,813",Freehold,08,01 to 05
VIVA VISTA,SOUTH BUONA VISTA ROAD,Office,"288,800",161.46,"1,789",Sep-24,Strata,15,"19,253",Freehold,05,01 to 05
TONG BUILDING,ORCHARD ROAD,Office,"31,330,000","6,867.43","4,562",Sep-24,Strata,638,"49,107",Freehold,09,06 to 10
HIGH STREET PLAZA,HIGH STREET,Office,"1,550,000",613.55,"2,526",Aug-24,Strata,57,"27,193",999 yrs lease commencing from 1827,06,01 to 05
ORIENTAL VENTURE BUILDING,GEYLANG ROAD,Office,"1,480,000","1,097.93","1,348",Aug-24,Strata,102,"14,510",Freehold,14,01 to 05
WOODS SQUARE,WOODLANDS SQUARE,Office,"1,975,490",947.23,"2,086",Aug-24,Strata,88,"22,449",99 yrs lease commencing from 2014,25,06 to 10
WOODS SQUARE,WOODLANDS SQUARE,Office,"1,163,581",559.73,"2,079",Aug-24,Strata,52,"22,377",99 yrs lease commencing from 2014,25,06 to 10
HAVELOCK2,HAVELOCK ROAD,Office,"1,500,000",721.19,"2,080",Aug-24,Strata,67,"22,388",99 yrs lease commencing from 1983,01,01 to 05
EON SHENTON,SHENTON WAY,Office,"1,200,000",505.91,"2,372",Aug-24,Strata,47,"25,532",99 yrs lease commencing from 2011,02,16 to 20
FORTUNE CENTRE,MIDDLE ROAD,Office,"2,580,000","1,679.18","1,536",Aug-24,Strata,156,"16,538",99 yrs lease commencing from 1980,07,16 to 20
PENINSULA PLAZA,NORTH BRIDGE ROAD,Office,"4,395,600","1,776.06","2,475",Aug-24,Strata,165,"26,640",999 yrs lease commencing from 1829,06,21 to 25
WOODS SQUARE,WOODLANDS SQUARE,Office,"1,243,076",559.73,"2,221",Aug-24,Strata,52,"23,905",99 yrs lease commencing from 2014,25,11 to 15
VISION EXCHANGE,VENTURE DRIVE,Office,"3,051,000","1,442.38","2,115",Aug-24,Strata,134,"22,769",99 yrs lease commencing from 2013,22,11 to 15
THE PLAZA,BEACH ROAD,Office,"490,000",301.39,"1,626",Aug-24,Strata,28,"17,500",99 yrs lease commencing from 1968,07,01 to 05
THE CENTRAL,EU TONG SEN STREET,Office,"1,700,000",635.08,"2,677",Aug-24,Strata,59,"28,814",99 yrs lease commencing from 2001,01,06 to 10
THE MODULES,JOO CHIAT ROAD,Office,"788,888",365.98,"2,156",Aug-24,Strata,34,"23,203",Freehold,15,01 to 05
PEOPLE'S PARK CENTRE,UPPER CROSS STREET,Office,"1,050,000",753.48,"1,394",Aug-24,Strata,70,"15,000",99 yrs lease commencing from 1970,01,06 to 10
VISION EXCHANGE,VENTURE DRIVE,Office,"2,700,000","1,388.56","1,944",Aug-24,Strata,129,"20,930",99 yrs lease commencing from 2013,22,16 to 20
PRUDENTIAL TOWER,CECIL STREET,Office,"26,500,000","5,715.68","4,636",Aug-24,Strata,531,"49,906",99 yrs lease commencing from 1996,01,01 to 05
TEXTILE CENTRE,JALAN SULTAN,Office,"900,000",882.65,"1,020",Aug-24,Strata,82,"10,976",99 yrs lease commencing from 1970,07,06 to 10
SIM LIM TOWER,JALAN BESAR,Office,"924,000",419.8,"2,201",Aug-24,Strata,39,"23,692",Freehold,08,11 to 15
PLUS,CECIL STREET,Office,"3,150,000","1,001.05","3,147",Aug-24,Strata,93,"33,871",99 yrs lease commencing from 1989,01,21 to 25
PENINSULA EXCELSIOR HOTEL,COLEMAN STREET,Office,"600,000",376.74,"1,593",Aug-24,Strata,35,"17,143",99 yrs lease commencing from 1979,06,01 to 05
INTERNATIONAL PLAZA,ANSON ROAD,Office,"1,861,000",979.52,"1,900",Aug-24,Strata,91,"20,451",99 yrs lease commencing from 1970,02,16 to 20
WOODS SQUARE,WOODLANDS SQUARE,Office,"3,050,000","1,560.78","1,954",Aug-24,Strata,145,"21,034",99 yrs lease commencing from 2014,25,01 to 05
CHINATOWN POINT,NEW BRIDGE ROAD,Office,"4,470,000","2,486.48","1,798",Aug-24,Strata,231,"19,351",99 yrs lease commencing from 1980,01,21 to 25
FORTUNE CENTRE,MIDDLE ROAD,Office,"2,380,000","1,550.02","1,535",Aug-24,Strata,144,"16,528",99 yrs lease commencing from 1980,07,16 to 20
ROBINSON SQUARE,ROBINSON ROAD,Office,"3,552,000","1,184.04","3,000",Aug-24,Strata,110,"32,291",Freehold,01,11 to 15
SOHO LIFE,JOO CHIAT ROAD,Office,"750,000",398.27,"1,883",Aug-24,Strata,37,"20,270",Freehold,15,01 to 05
TONG ENG BUILDING,CECIL STREET,Office,"1,350,000",462.85,"2,917",Aug-24,Strata,43,"31,395",999 yrs lease commencing from 1885,01,06 to 10
THE MODULES,JOO CHIAT ROAD,Office,"931,000",452.09,"2,059",Aug-24,Strata,42,"22,167",Freehold,15,01 to 05
THE MODULES,JOO CHIAT ROAD,Office,"1,120,000",538.2,"2,081",Aug-24,Strata,50,"22,400",Freehold,15,01 to 05
BALMORAL PLAZA,BUKIT TIMAH ROAD,Office,"2,060,000",764.24,"2,695",Aug-24,Strata,71,"29,014",Freehold,10,01 to 05
SUNSHINE PLAZA,BENCOOLEN STREET,Office,"1,888,000","1,119.46","1,687",Jul-24,Strata,104,"18,154",99 yrs lease commencing from 1997,07,06 to 10
TRIO,SAM LEONG ROAD,Office,"758,000",226.04,"3,353",Jul-24,Strata,21,"36,095",Freehold,08,01 to 05
HAVELOCK2,HAVELOCK ROAD,Office,"525,000",333.68,"1,573",Jul-24,Strata,31,"16,935",99 yrs lease commencing from 1983,01,01 to 05
FORTUNE CENTRE,MIDDLE ROAD,Office,"2,628,000","1,711.48","1,536",Jul-24,Strata,159,"16,528",99 yrs lease commencing from 1980,07,16 to 20
BUKIT TIMAH SHOPPING CENTRE,UPPER BUKIT TIMAH ROAD,Office,"455,000",150.7,"3,019",Jul-24,Strata,14,"32,500",999 yrs lease commencing from 1883,21,01 to 05
PARKLANE SHOPPING MALL,SELEGIE ROAD,Office,"550,000",452.09,"1,217",Jul-24,Strata,42,"13,095",99 yrs lease commencing from 1974,07,06 to 10
VISION EXCHANGE,VENTURE DRIVE,Office,"1,320,000",764.24,"1,727",Jul-24,Strata,71,"18,592",99 yrs lease commencing from 2013,22,06 to 10
PAYA LEBAR SQUARE,PAYA LEBAR ROAD,Office,"1,174,000",538.2,"2,181",Jul-24,Strata,50,"23,480",99 yrs lease commencing from 2011,14,06 to 10
HAVELOCK2,HAVELOCK ROAD,Office,"560,000",344.45,"1,626",Jul-24,Strata,32,"17,500",99 yrs lease commencing from 1983,01,06 to 10
PLUS,CECIL STREET,Office,"4,152,900","1,270.15","3,270",Jul-24,Strata,118,"35,194",99 yrs lease commencing from 1989,01,16 to 20
PAYA LEBAR SQUARE,PAYA LEBAR ROAD,Office,"1,068,000",484.38,"2,205",Jul-24,Strata,45,"23,733",99 yrs lease commencing from 2011,14,06 to 10
EON SHENTON,SHENTON WAY,Office,"4,070,000","1,700.71","2,393",Jul-24,Strata,158,"25,759",99 yrs lease commencing from 2011,02,06 to 10
PENINSULA PLAZA,NORTH BRIDGE ROAD,Office,"2,350,000","1,001.05","2,348",Jul-24,Strata,93,"25,269",999 yrs lease commencing from 1829,06,21 to 25
THE CENTRAL,EU TONG SEN STREET,Office,"2,200,000",871.88,"2,523",Jul-24,Strata,81,"27,160",99 yrs lease commencing from 2001,01,16 to 20
SBF CENTER,ROBINSON ROAD,Office,"5,825,000","1,969.81","2,957",Jul-24,Strata,183,"31,831",99 yrs lease commencing from 2011,01,11 to 15
THE MEZZO,BALESTIER ROAD,Office,"1,300,000",753.48,"1,725",Jul-24,Strata,70,"18,571",Freehold,12,01 to 05
SOLITAIRE ON CECIL,CECIL STREET,Office,"55,150,000","13,132.08","4,200",Jul-24,Strata,"1,220","45,205",Freehold,01,11 to 15
SUNTEC TOWER THREE,TEMASEK BOULEVARD,Office,"16,249,199","4,779.22","3,400",Jul-24,Strata,444,"36,597",99 yrs lease commencing from 1989,01,21 to 25
CENTROPOD @ CHANGI,CHANGI ROAD,Office,"760,000",473.62,"1,605",Jul-24,Strata,44,"17,273",Freehold,14,01 to 05
KATONG SHOPPING CENTRE,MOUNTBATTEN ROAD,Office,"900,000",441.32,"2,039",Jul-24,Strata,41,"21,951",Freehold,15,01 to 05
THE PLAZA,BEACH ROAD,Office,"1,180,000",871.88,"1,353",Jul-24,Strata,81,"14,568",99 yrs lease commencing from 1968,07,11 to 15
N.A.,RAFFLES QUAY,Office,"36,000,000","10,128.92","3,554",Jul-24,Strata,941,"38,257",Freehold,01,16 to 20
SBF CENTER,ROBINSON ROAD,Office,"2,640,000",753.48,"3,504",Jul-24,Strata,70,"37,714",99 yrs lease commencing from 2011,01,21 to 25
CONCORDE SHOPPING CENTRE,OUTRAM ROAD,Office,"688,000",452.09,"1,522",Jun-24,Strata,42,"16,381",99 yrs lease commencing from 1980,03,01 to 05
THE BENCOOLEN,BENCOOLEN STREET,Office,"1,080,000",753.48,"1,433",Jun-24,Strata,70,"15,429",99 yrs lease commencing from 1995,07,01 to 05
INTERNATIONAL PLAZA,ANSON ROAD,Office,"1,613,999",936.47,"1,723",Jun-24,Strata,87,"18,552",99 yrs lease commencing from 1970,02,11 to 15
THE ARIZON,GEYLANG ROAD,Office,"1,100,917","1,151.75",956,Jun-24,Strata,107,"10,289",Freehold,14,01 to 05
PARKLANE SHOPPING MALL,SELEGIE ROAD,Office,"990,000",699.66,"1,415",Jun-24,Strata,65,"15,231",99 yrs lease commencing from 1974,07,06 to 10
GIFFARD MANSIONS,BALESTIER ROAD,Office,"635,000",355.21,"1,788",Jun-24,Strata,33,"19,242",Freehold,12,01 to 05
OXLEY TOWER,ROBINSON ROAD,Office,"3,700,000","1,205.57","3,069",Jun-24,Strata,112,"33,036",Freehold,01,21 to 25
N.A.,HARBOUR DRIVE,Office,"160,000,000","138,836.22","1,152",Jun-24,Land,"12,898.2","12,405",95 yrs lease commencing from 2000,05,-
EAST VILLAGE,UPPER CHANGI ROAD,Office,"530,000",150.7,"3,517",Jun-24,Strata,14,"37,857",Freehold,16,01 to 05
INTERNATIONAL PLAZA,ANSON ROAD,Office,"1,000,000",473.62,"2,111",Jun-24,Strata,44,"22,727",99 yrs lease commencing from 1970,02,21 to 25
SUNTEC TOWER ONE,TEMASEK BOULEVARD,Office,"11,500,000","3,078.5","3,736",Jun-24,Strata,286,"40,210",99 yrs lease commencing from 1989,01,36 to 40
TONG ENG BUILDING,CECIL STREET,Office,"1,250,000",462.85,"2,701",Jun-24,Strata,43,"29,070",999 yrs lease commencing from 1885,01,11 to 15
PAYA LEBAR SQUARE,PAYA LEBAR ROAD,Office,"1,950,000",871.88,"2,237",Jun-24,Strata,81,"24,074",99 yrs lease commencing from 2011,14,11 to 15
PS100,PECK SEAH STREET,Office,"1,290,000",473.62,"2,724",Jun-24,Strata,44,"29,318",99 yrs lease commencing from 2011,02,06 to 10
CONCORDE SHOPPING CENTRE,OUTRAM ROAD,Office,"340,000",226.04,"1,504",Jun-24,Strata,21,"16,190",99 yrs lease commencing from 1980,03,B1 to B5
INTERNATIONAL PLAZA,ANSON ROAD,Office,"4,361,000","2,357.32","1,850",Jun-24,Strata,219,"19,913",99 yrs lease commencing from 1970,02,31 to 35
FORTUNE CENTRE,MIDDLE ROAD,Office,"1,752,000","1,140.98","1,536",Jun-24,Strata,106,"16,528",99 yrs lease commencing from 1980,07,16 to 20
SUNTEC TOWER THREE,TEMASEK BOULEVARD,Office,"16,000,000","4,833.04","3,311",Jun-24,Strata,449,"35,635",99 yrs lease commencing from 1989,01,36 to 40
PARKLANE SHOPPING MALL,SELEGIE ROAD,Office,"920,460",667.37,"1,379",Jun-24,Strata,62,"14,846",99 yrs lease commencing from 1974,07,06 to 10
SOUTHBANK,NORTH BRIDGE ROAD,Office,"868,000",462.85,"1,875",Jun-24,Strata,43,"20,186",99 yrs lease commencing from 2006,07,01 to 05
EON SHENTON,SHENTON WAY,Office,"4,090,000","1,700.71","2,405",Jun-24,Strata,158,"25,886",99 yrs lease commencing from 2011,02,11 to 15
CENTRIUM SQUARE,SERANGOON ROAD,Office,"3,280,000","1,011.82","3,242",Jun-24,Strata,94,"34,894",Freehold,08,11 to 15
WOODS SQUARE,WOODLANDS SQUARE,Office,"1,180,191",548.96,"2,150",Jun-24,Strata,51,"23,141",99 yrs lease commencing from 2014,25,06 to 10
SUNTEC TOWER THREE,TEMASEK BOULEVARD,Office,"15,292,800","4,779.22","3,200",Jun-24,Strata,444,"34,443",99 yrs lease commencing from 1989,01,21 to 25
SUNSHINE PLAZA,BENCOOLEN STREET,Office,"980,000",538.2,"1,821",Jun-24,Strata,50,"19,600",99 yrs lease commencing from 1997,07,06 to 10
INTERNATIONAL PLAZA,ANSON ROAD,Office,"3,825,000","2,217.38","1,725",Jun-24,Strata,206,"18,568",99 yrs lease commencing from 1970,02,31 to 35
PLUS,CECIL STREET,Office,"4,152,900","1,270.15","3,270",Jun-24,Strata,118,"35,194",99 yrs lease commencing from 1989,01,16 to 20
PLUS,CECIL STREET,Office,"4,434,120","1,356.26","3,269",Jun-24,Strata,126,"35,191",99 yrs lease commencing from 1989,01,16 to 20
PAYA LEBAR SQUARE,PAYA LEBAR ROAD,Office,"2,155,500",958,"2,250",May-24,Strata,89,"24,219",99 yrs lease commencing from 2011,14,11 to 15
MAPLETREE ANSON,ANSON ROAD,Office,"775,000,000","39,733.15","19,505",May-24,Land,"3,691.3","209,953",99 yrs lease commencing from 2007,02,-
TELOK BLANGAH HOUSE,TELOK BLANGAH ROAD,Office,"750,000",365.98,"2,049",May-24,Strata,34,"22,059",Freehold,04,01 to 05
111 SOMERSET,SOMERSET ROAD,Office,"2,200,000",796.54,"2,762",May-24,Strata,74,"29,730",99 yrs lease commencing from 1975,09,06 to 10
111 SOMERSET,SOMERSET ROAD,Office,"3,300,000","1,130.22","2,920",May-24,Strata,105,"31,429",99 yrs lease commencing from 1975,09,06 to 10
WOODS SQUARE,WOODLANDS SQUARE,Office,"2,700,000",979.52,"2,756",May-24,Strata,91,"29,670",99 yrs lease commencing from 2014,25,01 to 05
LE SHANTIER,BALESTIER ROAD,Office,"1,350,000","1,011.82","1,334",May-24,Strata,94,"14,362",Freehold,12,01 to 05
WOODS SQUARE,WOODLANDS SQUARE,Office,"1,190,000",559.73,"2,126",May-24,Strata,52,"22,885",99 yrs lease commencing from 2014,25,06 to 10
THE CENTRAL,EU TONG SEN STREET,Office,"4,918,014","1,453.14","3,384",May-24,Strata,135,"36,430",99 yrs lease commencing from 2001,01,16 to 20
THE CENTRAL,EU TONG SEN STREET,Office,"4,081,985","1,205.57","3,386",May-24,Strata,112,"36,446",99 yrs lease commencing from 2001,01,16 to 20
SUNTEC TOWER TWO,TEMASEK BOULEVARD,Office,"5,300,000","1,388.56","3,817",May-24,Strata,129,"41,085",99 yrs lease commencing from 1989,01,36 to 40
PARKLANE SHOPPING MALL,SELEGIE ROAD,Office,"900,000",764.24,"1,178",May-24,Strata,71,"12,676",99 yrs lease commencing from 1974,07,06 to 10
PAYA LEBAR SQUARE,PAYA LEBAR ROAD,Office,"1,695,000",721.19,"2,350",May-24,Strata,67,"25,299",99 yrs lease commencing from 2011,14,11 to 15
CONNEXION,FARRER PARK STATION ROAD,Office,"11,625,000","2,325.02","5,000",May-24,Strata,216,"53,819",99 yrs lease commencing from 2007,08,06 to 10
PAYA LEBAR SQUARE,PAYA LEBAR ROAD,Office,"1,215,000",538.2,"2,258",May-24,Strata,50,"24,300",99 yrs lease commencing from 2011,14,01 to 05
TEAMBUILD CENTRE,GEYLANG ROAD,Office,"700,000","1,033.34",677,May-24,Strata,96,"7,292",99 yrs lease commencing from 2001,14,01 to 05
ICON@CHANGI,CHANGI ROAD,Office,"740,000",430.56,"1,719",May-24,Strata,40,"18,500",Freehold,14,01 to 05
UPPER SERANGOON SHOPPING CENTRE,UPPER SERANGOON ROAD,Office,"550,000",204.52,"2,689",May-24,Strata,19,"28,947",Freehold,19,01 to 05
WILMER PLACE,ARMENIAN STREET,Office,"26,500,000","7,649.97","3,464",May-24,Land,710.7,"37,287",99 yrs lease commencing from 1947,06,-
PAYA LEBAR SQUARE,PAYA LEBAR ROAD,Office,"2,797,706","1,356.26","2,063",May-24,Strata,126,"22,204",99 yrs lease commencing from 2011,14,06 to 10
PAYA LEBAR SQUARE,PAYA LEBAR ROAD,Office,"2,731,093","1,323.97","2,063",May-24,Strata,123,"22,204",99 yrs lease commencing from 2011,14,06 to 10
NEW WORLD CENTRE,JALAN BERSEH,Office,"11,587,935","9,235.51","1,255",May-24,Strata,858,"13,506",99 yrs lease commencing from 1994,08,01 to 05
NEW WORLD CENTRE,JALAN BERSEH,Office,"1,515,864","1,334.74","1,136",May-24,Strata,124,"12,225",99 yrs lease commencing from 1994,08,01 to 05
NEW WORLD CENTRE,JALAN BERSEH,Office,"7,205,642","5,737.21","1,256",May-24,Strata,533,"13,519",99 yrs lease commencing from 1994,08,01 to 05
INTERNATIONAL PLAZA,ANSON ROAD,Office,"890,000",462.85,"1,923",May-24,Strata,43,"20,698",99 yrs lease commencing from 1970,02,16 to 20
PENINSULA PLAZA,NORTH BRIDGE ROAD,Office,"3,390,000","1,485.43","2,282",May-24,Strata,138,"24,565",999 yrs lease commencing from 1829,06,16 to 20
NEW WORLD CENTRE,JALAN BERSEH,Office,"4,210,732","4,434.77",949,May-24,Strata,412,"10,220",99 yrs lease commencing from 1994,08,01 to 05
HAVELOCK2,HAVELOCK ROAD,Office,"698,000",430.56,"1,621",Apr-24,Strata,40,"17,450",99 yrs lease commencing from 1983,01,06 to 10
THE ADELPHI,COLEMAN STREET,Office,"1,520,000",505.91,"3,004",Apr-24,Strata,47,"32,340",999 yrs lease commencing from 1828,06,06 to 10
FORTUNE CENTRE,MIDDLE ROAD,Office,"2,440,000","1,668.42","1,462",Apr-24,Strata,155,"15,742",99 yrs lease commencing from 1980,07,06 to 10
CONCORDE SHOPPING CENTRE,OUTRAM ROAD,Office,"600,000",333.68,"1,798",Apr-24,Strata,31,"19,355",99 yrs lease commencing from 1980,03,01 to 05
HIGH STREET PLAZA,HIGH STREET,Office,"825,000",322.92,"2,555",Apr-24,Strata,30,"27,500",999 yrs lease commencing from 1827,06,01 to 05
INTERNATIONAL PLAZA,ANSON ROAD,Office,"380,000",161.46,"2,354",Apr-24,Strata,15,"25,333",99 yrs lease commencing from 1970,02,31 to 35
FORTUNE CENTRE,MIDDLE ROAD,Office,"2,003,000","1,313.21","1,525",Apr-24,Strata,122,"16,418",99 yrs lease commencing from 1980,07,16 to 20
THE CENTRAL,EU TONG SEN STREET,Office,"1,760,000",645.84,"2,725",Apr-24,Strata,60,"29,333",99 yrs lease commencing from 2001,01,11 to 15
PS100,PECK SEAH STREET,Office,"1,268,000",441.32,"2,873",Apr-24,Strata,41,"30,927",99 yrs lease commencing from 2011,02,06 to 10
WOODS SQUARE,WOODLANDS SQUARE,Office,"1,564,212",753.48,"2,076",Apr-24,Strata,70,"22,346",99 yrs lease commencing from 2014,25,01 to 05
JALAN BESAR PLAZA,KITCHENER ROAD,Office,"690,000",301.39,"2,289",Apr-24,Strata,28,"24,643",Freehold,08,01 to 05
HEXACUBE,CHANGI ROAD,Office,"800,000",452.09,"1,770",Apr-24,Strata,42,"19,048",Freehold,14,01 to 05
WIS@CHANGI,CHANGI ROAD,Office,"620,000",484.38,"1,280",Apr-24,Strata,45,"13,778",Freehold,14,01 to 05
THE PLAZA,BEACH ROAD,Office,"800,000",333.68,"2,397",Apr-24,Strata,31,"25,806",99 yrs lease commencing from 1968,07,B1 to B5
WOODS SQUARE,WOODLANDS SQUARE,Office,"1,000,000",570.49,"1,753",Apr-24,Strata,53,"18,868",99 yrs lease commencing from 2014,25,01 to 05
THE CENTRAL,EU TONG SEN STREET,Office,"1,390,000",635.08,"2,189",Apr-24,Strata,59,"23,559",99 yrs lease commencing from 2001,01,01 to 05
VISION EXCHANGE,VENTURE DRIVE,Office,"880,000",441.32,"1,994",Apr-24,Strata,41,"21,463",99 yrs lease commencing from 2013,22,06 to 10
N.A.,ARMENIAN STREET,Office,"2,770,000","1,151.75","2,405",Apr-24,Strata,107,"25,888",99 yrs lease commencing from 2007,06,01 to 05
PAYA LEBAR SQUARE,PAYA LEBAR ROAD,Office,"1,250,000",538.2,"2,323",Apr-24,Strata,50,"25,000",99 yrs lease commencing from 2011,14,06 to 10
TAHIR BUILDING,ROBINSON ROAD,Office,"4,523,500","1,140.98","3,965",Apr-24,Strata,106,"42,675",Freehold,01,06 to 10
THE OCTAGON,CECIL STREET,Office,"3,950,000","1,302.44","3,033",Apr-24,Strata,121,"32,645",Freehold,01,01 to 05
SOLITAIRE ON CECIL,CECIL STREET,Office,"5,369,700","1,280.92","4,192",Apr-24,Strata,119,"45,124",Freehold,01,06 to 10
SOLITAIRE ON CECIL,CECIL STREET,Office,"5,780,800","1,377.79","4,196",Apr-24,Strata,128,"45,163",Freehold,01,06 to 10
SOLITAIRE ON CECIL,CECIL STREET,Office,"7,396,100","1,754.53","4,215",Apr-24,Strata,163,"45,375",Freehold,01,06 to 10
PAYA LEBAR SQUARE,PAYA LEBAR ROAD,Office,"1,268,000",548.96,"2,310",Apr-24,Strata,51,"24,863",99 yrs lease commencing from 2011,14,06 to 10
SOLITAIRE ON CECIL,CECIL STREET,Office,"10,281,750","2,529.54","4,065",Apr-24,Strata,235,"43,752",Freehold,01,06 to 10
SOLITAIRE ON CECIL,CECIL STREET,Office,"8,066,800","1,980.58","4,073",Apr-24,Strata,184,"43,841",Freehold,01,06 to 10
SOLITAIRE ON CECIL,CECIL STREET,Office,"4,519,100","1,108.69","4,076",Apr-24,Strata,103,"43,875",Freehold,01,06 to 10
SOLITAIRE ON CECIL,CECIL STREET,Office,"5,187,900","1,270.15","4,084",Apr-24,Strata,118,"43,965",Freehold,01,06 to 10
SOLITAIRE ON CECIL,CECIL STREET,Office,"4,878,300","1,162.51","4,196",Apr-24,Strata,108,"45,169",Freehold,01,06 to 10
WOODS SQUARE,WOODLANDS SQUARE,Office,"1,211,000",559.73,"2,164",Apr-24,Strata,52,"23,288",99 yrs lease commencing from 2014,25,06 to 10
EVERSHINE AND CENTURY COMPLEX,BEACH ROAD,Office,"4,900,000","2,529.54","1,937",Apr-24,Strata,235,"20,851",999 yrs lease commencing from 1827,07,-
CHINATOWN POINT,NEW BRIDGE ROAD,Office,"1,468,800",721.19,"2,037",Apr-24,Strata,67,"21,922",99 yrs lease commencing from 1980,01,11 to 15
SBF CENTER,ROBINSON ROAD,Office,"2,338,000",667.37,"3,503",Mar-24,Strata,62,"37,710",99 yrs lease commencing from 2011,01,26 to 30
THE CENTRAL,EU TONG SEN STREET,Office,"2,800,000",925.7,"3,025",Mar-24,Strata,86,"32,558",99 yrs lease commencing from 2001,01,16 to 20
SOHO LIFE,JOO CHIAT ROAD,Office,"768,158",409.03,"1,878",Mar-24,Strata,38,"20,215",Freehold,15,01 to 05
THE CENTRAL,EU TONG SEN STREET,Office,"1,600,000",602.78,"2,654",Mar-24,Strata,56,"28,571",99 yrs lease commencing from 2001,01,06 to 10
CHINATOWN POINT,NEW BRIDGE ROAD,Office,"4,200,000","2,400.37","1,750",Mar-24,Strata,223,"18,834",99 yrs lease commencing from 1980,01,21 to 25
PAYA LEBAR SQUARE,PAYA LEBAR ROAD,Office,"1,080,000",484.38,"2,230",Mar-24,Strata,45,"24,000",99 yrs lease commencing from 2011,14,06 to 10
THE CENTRAL,EU TONG SEN STREET,Office,"2,750,000",925.7,"2,971",Mar-24,Strata,86,"31,977",99 yrs lease commencing from 2001,01,16 to 20
CHINATOWN POINT,NEW BRIDGE ROAD,Office,"1,888,000","1,054.87","1,790",Mar-24,Strata,98,"19,265",99 yrs lease commencing from 1980,01,11 to 15
THE CENTRAL,EU TONG SEN STREET,Office,"1,460,000",635.08,"2,299",Mar-24,Strata,59,"24,746",99 yrs lease commencing from 2001,01,06 to 10
THE CENTRAL,EU TONG SEN STREET,Office,"1,680,000",635.08,"2,645",Mar-24,Strata,59,"28,475",99 yrs lease commencing from 2001,01,06 to 10
INTERNATIONAL PLAZA,ANSON ROAD,Office,"1,770,000",936.47,"1,890",Mar-24,Strata,87,"20,345",99 yrs lease commencing from 1970,02,21 to 25
THE CENTRAL,EU TONG SEN STREET,Office,"2,748,368",925.7,"2,969",Mar-24,Strata,86,"31,958",99 yrs lease commencing from 2001,01,11 to 15
SUNTEC TOWER ONE,TEMASEK BOULEVARD,Office,"8,088,888","2,195.86","3,684",Mar-24,Strata,204,"39,651",99 yrs lease commencing from 1989,01,36 to 40
WOODS SQUARE,WOODLANDS SQUARE,Office,"1,325,497",559.73,"2,368",Mar-24,Strata,52,"25,490",99 yrs lease commencing from 2014,25,11 to 15
BUKIT TIMAH SHOPPING CENTRE,UPPER BUKIT TIMAH ROAD,Office,"828,000",182.99,"4,525",Mar-24,Strata,17,"48,706",999 yrs lease commencing from 1883,21,01 to 05
PENINSULA PLAZA,NORTH BRIDGE ROAD,Office,"1,257,777",613.55,"2,050",Mar-24,Strata,57,"22,066",999 yrs lease commencing from 1829,06,06 to 10
STUDIO8,JALAN AYER,Office,"1,000,000",430.56,"2,323",Mar-24,Strata,40,"25,000",Freehold,14,01 to 05
THE CENTRAL,EU TONG SEN STREET,Office,"1,649,000",635.08,"2,597",Mar-24,Strata,59,"27,949",99 yrs lease commencing from 2001,01,06 to 10
WOODS SQUARE,WOODLANDS SQUARE,Office,"1,441,111",645.84,"2,231",Mar-24,Strata,60,"24,019",99 yrs lease commencing from 2014,25,06 to 10
KATONG SHOPPING CENTRE,MOUNTBATTEN ROAD,Office,"750,000",516.67,"1,452",Mar-24,Strata,48,"15,625",Freehold,15,01 to 05
THE MODULES,JOO CHIAT ROAD,Office,"1,538,888",839.59,"1,833",Mar-24,Strata,78,"19,729",Freehold,15,01 to 05
HIGH STREET CENTRE,NORTH BRIDGE ROAD,Office,"699,700",699.66,"1,000",Mar-24,Strata,65,"10,765",99 yrs lease commencing from 1969,06,01 to 05
INTERNATIONAL PLAZA,ANSON ROAD,Office,"3,899,880","1,883.7","2,070",Feb-24,Strata,175,"22,285",99 yrs lease commencing from 1970,02,26 to 30
WOODS SQUARE,WOODLANDS SQUARE,Office,"1,560,490",753.48,"2,071",Feb-24,Strata,70,"22,293",99 yrs lease commencing from 2014,25,06 to 10
WOODS SQUARE,WOODLANDS SQUARE,Office,"1,485,418",656.6,"2,262",Feb-24,Strata,61,"24,351",99 yrs lease commencing from 2014,25,06 to 10
PAYA LEBAR SQUARE,PAYA LEBAR ROAD,Office,"1,040,600",484.38,"2,148",Feb-24,Strata,45,"23,124",99 yrs lease commencing from 2011,14,06 to 10
CENTROPOD @ CHANGI,CHANGI ROAD,Office,"775,000",473.62,"1,636",Feb-24,Strata,44,"17,614",Freehold,14,01 to 05
PENINSULA PLAZA,NORTH BRIDGE ROAD,Office,"1,314,000",656.6,"2,001",Feb-24,Strata,61,"21,541",999 yrs lease commencing from 1829,06,06 to 10
SUNSHINE PLAZA,BENCOOLEN STREET,Office,"950,000",495.14,"1,919",Feb-24,Strata,46,"20,652",99 yrs lease commencing from 1997,07,01 to 05
PEOPLE'S PARK CENTRE,UPPER CROSS STREET,Office,"695,000",290.63,"2,391",Feb-24,Strata,27,"25,741",99 yrs lease commencing from 1970,01,B1 to B5
VISION EXCHANGE,VENTURE DRIVE,Office,"25,656,000","10,774.76","2,381",Feb-24,Strata,"1,001","25,630",99 yrs lease commencing from 2013,22,21 to 25
VISION EXCHANGE,VENTURE DRIVE,Office,"33,322,000","14,014.73","2,378",Feb-24,Strata,"1,302","25,593",99 yrs lease commencing from 2013,22,21 to 25
HIGHLAND CENTRE,YIO CHU KANG ROAD,Office,"820,000",613.55,"1,336",Feb-24,Strata,57,"14,386",Freehold,19,01 to 05
KATONG SHOPPING CENTRE,MOUNTBATTEN ROAD,Office,"600,000",441.32,"1,360",Feb-24,Strata,41,"14,634",Freehold,15,01 to 05
HIGH STREET PLAZA,HIGH STREET,Office,"290,000",86.11,"3,368",Feb-24,Strata,8,"36,250",999 yrs lease commencing from 1827,06,01 to 05
ORCHARD PLAZA,ORCHARD ROAD,Office,"740,000",452.09,"1,637",Feb-24,Strata,42,"17,619",99 yrs lease commencing from 1977,09,06 to 10
OXLEY TOWER,ROBINSON ROAD,Office,"3,300,000",979.52,"3,369",Feb-24,Strata,91,"36,264",Freehold,01,11 to 15
111 SOMERSET,SOMERSET ROAD,Office,"2,300,000",775.01,"2,968",Feb-24,Strata,72,"31,944",99 yrs lease commencing from 1975,09,11 to 15
PARKLANE SHOPPING MALL,SELEGIE ROAD,Office,"372,800",279.86,"1,332",Feb-24,Strata,26,"14,338",99 yrs lease commencing from 1974,07,06 to 10
MANHATTAN HOUSE,CHIN SWEE ROAD,Office,"3,372,075","6,296.94",536,Feb-24,Strata,585,"5,764",99 yrs lease commencing from 1969,03,01 to 05
MANHATTAN HOUSE,CHIN SWEE ROAD,Office,"3,680,967","6,684.44",551,Feb-24,Strata,621,"5,927",99 yrs lease commencing from 1969,03,01 to 05
MANHATTAN HOUSE,CHIN SWEE ROAD,Office,"3,946,958","7,018.13",562,Feb-24,Strata,652,"6,054",99 yrs lease commencing from 1969,03,01 to 05
15 SCOTTS,SCOTTS ROAD,Office,"3,118,800",678.13,"4,599",Feb-24,Strata,63,"49,505",Freehold,09,06 to 10
THE CENTRAL,EU TONG SEN STREET,Office,"1,499,000",645.84,"2,321",Feb-24,Strata,60,"24,983",99 yrs lease commencing from 2001,01,11 to 15
KATONG SHOPPING CENTRE,MOUNTBATTEN ROAD,Office,"1,500,000",322.92,"4,645",Feb-24,Strata,30,"50,000",Freehold,15,01 to 05
INTERNATIONAL PLAZA,ANSON ROAD,Office,"1,818,188",979.52,"1,856",Feb-24,Strata,91,"19,980",99 yrs lease commencing from 1970,02,26 to 30
WOODS SQUARE,WOODLANDS SQUARE,Office,"1,188,000",559.73,"2,122",Feb-24,Strata,52,"22,846",99 yrs lease commencing from 2014,25,06 to 10
PEOPLE'S PARK CENTRE,UPPER CROSS STREET,Office,"1,425,000",452.09,"3,152",Jan-24,Strata,42,"33,929",99 yrs lease commencing from 1970,01,B1 to B5
BURLINGTON SQUARE,BENCOOLEN STREET,Office,"968,000",581.26,"1,665",Jan-24,Strata,54,"17,926",99 yrs lease commencing from 1996,07,06 to 10
PENINSULA PLAZA,NORTH BRIDGE ROAD,Office,"880,000",333.68,"2,637",Jan-24,Strata,31,"28,387",999 yrs lease commencing from 1829,06,01 to 05
SBF CENTER,ROBINSON ROAD,Office,"2,080,000",667.37,"3,117",Jan-24,Strata,62,"33,548",99 yrs lease commencing from 2011,01,21 to 25
MANHATTAN HOUSE,CHIN SWEE ROAD,Office,"650,000",527.44,"1,232",Jan-24,Strata,49,"13,265",99 yrs lease commencing from 1969,03,11 to 15
PENINSULA PLAZA,NORTH BRIDGE ROAD,Office,"1,700,400",871.88,"1,950",Jan-24,Strata,81,"20,993",999 yrs lease commencing from 1829,06,06 to 10
SBF CENTER,ROBINSON ROAD,Office,"2,339,100",678.13,"3,449",Jan-24,Strata,63,"37,129",99 yrs lease commencing from 2011,01,21 to 25
SOHO LIFE,JOO CHIAT ROAD,Office,"660,000",355.21,"1,858",Jan-24,Strata,33,"20,000",Freehold,15,01 to 05
INTERNATIONAL PLAZA,ANSON ROAD,Office,"2,500,000","1,367.03","1,829",Jan-24,Strata,127,"19,685",99 yrs lease commencing from 1970,02,16 to 20
PAYA LEBAR SQUARE,PAYA LEBAR ROAD,Office,"1,200,000",505.91,"2,372",Jan-24,Strata,47,"25,532",99 yrs lease commencing from 2011,14,11 to 15
THE CENTRAL,EU TONG SEN STREET,Office,"2,500,000",882.65,"2,832",Jan-24,Strata,82,"30,488",99 yrs lease commencing from 2001,01,11 to 15
THE PLAZA,BEACH ROAD,Office,"494,318",312.16,"1,584",Jan-24,Strata,29,"17,045",99 yrs lease commencing from 1968,07,01 to 05
GB BUILDING,CECIL STREET,Office,"10,741,500","5,425.06","1,980",Jan-24,Strata,504,"21,313",99 yrs lease commencing from 1982,01,06 to 10
REGENCY SUITES,KIM TIAN ROAD,Office,"1,280,000",592.02,"2,162",Jan-24,Strata,55,"23,273",Freehold,03,01 to 05
FORTUNE CENTRE,MIDDLE ROAD,Office,"2,070,000","1,356.26","1,526",Jan-24,Strata,126,"16,429",99 yrs lease commencing from 1980,07,06 to 10
INTERNATIONAL PLAZA,ANSON ROAD,Office,"890,000",462.85,"1,923",Jan-24,Strata,43,"20,698",99 yrs lease commencing from 1970,02,16 to 20
HEXACUBE,CHANGI ROAD,Office,"750,000",484.38,"1,548",Jan-24,Strata,45,"16,667",Freehold,14,01 to 05
BALMORAL PLAZA,BUKIT TIMAH ROAD,Office,"2,070,000",775.01,"2,671",Jan-24,Strata,72,"28,750",Freehold,10,01 to 05
N.A.,ARMENIAN STREET,Office,"4,480,000","1,808.35","2,477",Jan-24,Strata,168,"26,667",99 yrs lease commencing from 2007,06,06 to 10
SOUTHBANK,NORTH BRIDGE ROAD,Office,"625,000",193.75,"3,226",Jan-24,Strata,18,"34,722",99 yrs lease commencing from 2006,07,01 to 05
THE CENTRAL,EU TONG SEN STREET,Office,"1,700,000",645.84,"2,632",Jan-24,Strata,60,"28,333",99 yrs lease commencing from 2001,01,11 to 15
LUCKY PLAZA,ORCHARD ROAD,Office,"3,000,000",430.56,"6,968",Jan-24,Strata,40,"75,000",Freehold,09,01 to 05
EON SHENTON,SHENTON WAY,Office,"2,400,000","1,033.34","2,323",Jan-24,Strata,96,"25,000",99 yrs lease commencing from 2011,02,11 to 15
THE PLAZA,BEACH ROAD,Office,"678,888",473.62,"1,433",Jan-24,Strata,44,"15,429",99 yrs lease commencing from 1968,07,06 to 10
N.A.,LORONG L TELOK KURAU,Office,"2,730,000","2,626.42","1,039",Jan-24,Strata,244,"11,189",Freehold,15,01 to 05
BYLANDS BUILDING,MIDDLE ROAD,Office,"465,000",247.57,"1,878",Jan-24,Strata,23,"20,217",99 yrs lease commencing from 1978,07,01 to 05
MANHATTAN HOUSE,CHIN SWEE ROAD,Office,"479,000",344.45,"1,391",Jan-24,Strata,32,"14,969",99 yrs lease commencing from 1969,03,11 to 15
GUTHRIE BUILDING,CHANGI ROAD,Office,"1,568,000","1,302.44","1,204",Jan-24,Strata,121,"12,959",Freehold,14,01 to 05
INTERNATIONAL PLAZA,ANSON ROAD,Office,"798,000",409.03,"1,951",Dec-23,Strata,38,"21,000",99 yrs lease commencing from 1970,02,21 to 25
SINGAPORE SHOPPING CENTRE,CLEMENCEAU AVENUE,Office,"769,296",516.67,"1,489",Dec-23,Strata,48,"16,027",99 yrs lease commencing from 1948,09,01 to 05
SUNTEC TOWER THREE,TEMASEK BOULEVARD,Office,"36,226,000","10,311.91","3,513",Dec-23,Strata,958,"37,814",99 yrs lease commencing from 1989,01,41 to 45
MANHATTAN HOUSE,CHIN SWEE ROAD,Office,"790,000",613.55,"1,288",Dec-23,Strata,57,"13,860",99 yrs lease commencing from 1969,03,01 to 05
ORCHARD TOWERS,ORCHARD ROAD,Office,"7,836,400","3,562.88","2,199",Dec-23,Strata,331,"23,675",Freehold,09,16 to 20
PEOPLE'S PARK COMPLEX,PARK ROAD,Office,"400,000",290.63,"1,376",Dec-23,Strata,27,"14,815",99 yrs lease commencing from 1968,01,01 to 05
GRAND BUILDING,PHILLIP STREET,Office,"7,000,000","2,098.98","3,335",Dec-23,Strata,195,"35,897",999 yrs lease commencing from 1827,01,06 to 10
PEOPLE'S PARK COMPLEX,PARK ROAD,Office,"688,000",484.38,"1,420",Dec-23,Strata,45,"15,289",99 yrs lease commencing from 1968,01,01 to 05
SUNTEC TOWER TWO,TEMASEK BOULEVARD,Office,"7,300,000","2,195.86","3,324",Dec-23,Strata,204,"35,784",99 yrs lease commencing from 1989,01,36 to 40
SUNSHINE PLAZA,BENCOOLEN STREET,Office,"2,305,800","1,280.92","1,800",Dec-23,Strata,119,"19,376",99 yrs lease commencing from 1997,07,01 to 05
PARKWAY PARADE,MARINE PARADE ROAD,Office,"3,000,000","1,765.3","1,699",Dec-23,Strata,164,"18,293",99 yrs lease commencing from 1979,15,16 to 20
PLUS,CECIL STREET,Office,"7,200,000","2,303.5","3,126",Dec-23,Strata,214,"33,645",99 yrs lease commencing from 1989,01,06 to 10
PARKWAY PARADE,MARINE PARADE ROAD,Office,"1,938,888",925.7,"2,095",Dec-23,Strata,86,"22,545",99 yrs lease commencing from 1979,15,11 to 15
PAYA LEBAR SQUARE,PAYA LEBAR ROAD,Office,"1,019,444",538.2,"1,894",Dec-23,Strata,50,"20,389",99 yrs lease commencing from 2011,14,01 to 05
SUNSHINE PLAZA,BENCOOLEN STREET,Office,"1,658,000",958,"1,731",Dec-23,Strata,89,"18,629",99 yrs lease commencing from 1997,07,11 to 15
FORTUNE CENTRE,MIDDLE ROAD,Office,"1,268,888",850.36,"1,492",Dec-23,Strata,79,"16,062",99 yrs lease commencing from 1980,07,11 to 15
THE PLAZA,BEACH ROAD,Office,"380,000",215.28,"1,765",Dec-23,Strata,20,"19,000",99 yrs lease commencing from 1968,07,01 to 05
HIGH STREET PLAZA,HIGH STREET,Office,"1,386,900",602.78,"2,301",Dec-23,Strata,56,"24,766",999 yrs lease commencing from 1827,06,01 to 05
THE CENTRAL,EU TONG SEN STREET,Office,"3,800,000","1,216.33","3,124",Dec-23,Strata,113,"33,628",99 yrs lease commencing from 2001,01,16 to 20
SUNTEC TOWER THREE,TEMASEK BOULEVARD,Office,"14,575,950","4,779.22","3,050",Dec-23,Strata,444,"32,829",99 yrs lease commencing from 1989,01,16 to 20
PLUS,CECIL STREET,Office,"7,392,000","2,174.33","3,400",Dec-23,Strata,202,"36,594",99 yrs lease commencing from 1989,01,26 to 30
PAYA LEBAR SQUARE,PAYA LEBAR ROAD,Office,"1,110,000",484.38,"2,292",Dec-23,Strata,45,"24,667",99 yrs lease commencing from 2011,14,11 to 15
SOHO LIFE,JOO CHIAT ROAD,Office,"735,000",409.03,"1,797",Dec-23,Strata,38,"19,342",Freehold,15,01 to 05
VISION EXCHANGE,VENTURE DRIVE,Office,"980,000",516.67,"1,897",Nov-23,Strata,48,"20,417",99 yrs lease commencing from 2013,22,11 to 15
THE CENTRAL,EU TONG SEN STREET,Office,"2,350,000",925.7,"2,539",Nov-23,Strata,86,"27,326",99 yrs lease commencing from 2001,01,11 to 15
WOODS SQUARE,WOODLANDS SQUARE,Office,"2,012,876",936.47,"2,149",Nov-23,Strata,87,"23,137",99 yrs lease commencing from 2014,25,06 to 10
SBF CENTER,ROBINSON ROAD,Office,"2,598,600",731.95,"3,550",Nov-23,Strata,68,"38,215",99 yrs lease commencing from 2011,01,11 to 15
SBF CENTER,ROBINSON ROAD,Office,"2,673,150",753.48,"3,548",Nov-23,Strata,70,"38,188",99 yrs lease commencing from 2011,01,11 to 15
SBF CENTER,ROBINSON ROAD,Office,"2,673,150",753.48,"3,548",Nov-23,Strata,70,"38,188",99 yrs lease commencing from 2011,01,11 to 15
HAVELOCK2,HAVELOCK ROAD,Office,"580,000",355.21,"1,633",Nov-23,Strata,33,"17,576",99 yrs lease commencing from 1983,01,01 to 05
FORTUNE CENTRE,MIDDLE ROAD,Office,"780,000",322.92,"2,415",Nov-23,Strata,30,"26,000",99 yrs lease commencing from 1980,07,01 to 05
PS100,PECK SEAH STREET,Office,"1,200,000",473.62,"2,534",Nov-23,Strata,44,"27,273",99 yrs lease commencing from 2011,02,06 to 10
THE GOLDEN LANDMARK,VICTORIA STREET,Office,"588,000",279.86,"2,101",Nov-23,Strata,26,"22,615",99 yrs lease commencing from 1981,07,01 to 05
TONG ENG BUILDING,CECIL STREET,Office,"3,503,100","1,227.1","2,855",Nov-23,Strata,114,"30,729",999 yrs lease commencing from 1885,01,06 to 10
SAMSUNG HUB,CHURCH STREET,Office,"11,395,455","2,906.28","3,921",Nov-23,Strata,270,"42,205",999 yrs lease commencing from 1827,01,06 to 10
SAMSUNG HUB,CHURCH STREET,Office,"12,493,433","3,186.14","3,921",Nov-23,Strata,296,"42,208",999 yrs lease commencing from 1827,01,06 to 10
SUNTEC TOWER TWO,TEMASEK BOULEVARD,Office,"8,200,000","2,335.79","3,511",Nov-23,Strata,217,"37,788",99 yrs lease commencing from 1989,01,36 to 40
THE CENTRAL,EU TONG SEN STREET,Office,"1,500,000",635.08,"2,362",Nov-23,Strata,59,"25,424",99 yrs lease commencing from 2001,01,01 to 05
VISIONCREST,PENANG ROAD,Office,"41,285,107","14,477.58","2,852",Nov-23,Strata,"1,345","30,695",Freehold,09,01 to 05
VISIONCREST,PENANG ROAD,Office,"41,097,447","14,359.18","2,862",Nov-23,Strata,"1,334","30,808",Freehold,09,01 to 05
VISIONCREST,PENANG ROAD,Office,"41,378,937","14,359.18","2,882",Nov-23,Strata,"1,334","31,019",Freehold,09,01 to 05
VISIONCREST,PENANG ROAD,Office,"42,598,724","14,725.15","2,893",Nov-23,Strata,"1,368","31,139",Freehold,09,01 to 05
VISIONCREST,PENANG ROAD,Office,"42,786,382","14,725.15","2,906",Nov-23,Strata,"1,368","31,277",Freehold,09,06 to 10
VISIONCREST,PENANG ROAD,Office,"42,974,042","14,725.15","2,918",Nov-23,Strata,"1,368","31,414",Freehold,09,06 to 10
VISIONCREST,PENANG ROAD,Office,"43,255,531","14,725.15","2,938",Nov-23,Strata,"1,368","31,620",Freehold,09,06 to 10
VISIONCREST,PENANG ROAD,Office,"43,818,510","14,843.56","2,952",Nov-23,Strata,"1,379","31,776",Freehold,09,06 to 10
VISIONCREST,PENANG ROAD,Office,"44,006,170","14,843.56","2,965",Nov-23,Strata,"1,379","31,912",Freehold,09,06 to 10
VISIONCREST,PENANG ROAD,Office,"43,724,680","17,868.24","2,447",Nov-23,Strata,"1,660","26,340",Freehold,09,11 to 15
SOUTHBANK,NORTH BRIDGE ROAD,Office,"1,380,000",688.9,"2,003",Nov-23,Strata,64,"21,563",99 yrs lease commencing from 2006,07,06 to 10
111 SOMERSET,SOMERSET ROAD,Office,"1,188,888",516.67,"2,301",Nov-23,Strata,48,"24,769",99 yrs lease commencing from 1975,09,06 to 10
THE CENTRAL,EU TONG SEN STREET,Office,"2,600,000",882.65,"2,946",Nov-23,Strata,82,"31,707",99 yrs lease commencing from 2001,01,11 to 15
SOHO LIFE,JOO CHIAT ROAD,Office,"725,000",398.27,"1,820",Nov-23,Strata,37,"19,595",Freehold,15,01 to 05
PENINSULA PLAZA,NORTH BRIDGE ROAD,Office,"1,116,637",452.09,"2,470",Nov-23,Strata,42,"26,587",999 yrs lease commencing from 1829,06,06 to 10
WOODS SQUARE,WOODLANDS SQUARE,Office,"1,166,076",559.73,"2,083",Nov-23,Strata,52,"22,425",99 yrs lease commencing from 2014,25,06 to 10
FUYUEN COURT,SIMS AVENUE,Office,"1,958,000","1,894.46","1,034",Nov-23,Strata,176,"11,125",Freehold,14,01 to 05
PAYA LEBAR SQUARE,PAYA LEBAR ROAD,Office,"1,135,000",538.2,"2,109",Nov-23,Strata,50,"22,700",99 yrs lease commencing from 2011,14,01 to 05
HAVELOCK2,HAVELOCK ROAD,Office,"1,150,000",516.67,"2,226",Nov-23,Strata,48,"23,958",99 yrs lease commencing from 1983,01,01 to 05
CT HUB 2,LAVENDER STREET,Office,"1,939,700","1,140.98","1,700",Nov-23,Strata,106,"18,299",63 yrs lease commencing from 2012,12,11 to 15
PAYA LEBAR SQUARE,PAYA LEBAR ROAD,Office,"1,259,000",645.84,"1,949",Nov-23,Strata,60,"20,983",99 yrs lease commencing from 2011,14,01 to 05
CHINATOWN POINT,NEW BRIDGE ROAD,Office,"1,880,000","1,054.87","1,782",Nov-23,Strata,98,"19,184",99 yrs lease commencing from 1980,01,11 to 15
SIM LIM TOWER,JALAN BESAR,Office,"1,300,000",592.02,"2,196",Nov-23,Strata,55,"23,636",Freehold,08,11 to 15
WOODS SQUARE,WOODLANDS SQUARE,Office,"1,186,330",559.73,"2,119",Nov-23,Strata,52,"22,814",99 yrs lease commencing from 2014,25,06 to 10
OXLEY TOWER,ROBINSON ROAD,Office,"3,500,000","1,001.05","3,496",Nov-23,Strata,93,"37,634",Freehold,01,16 to 20
OXLEY TOWER,ROBINSON ROAD,Office,"3,700,000","1,162.51","3,183",Nov-23,Strata,108,"34,259",Freehold,01,16 to 20
TEXTILE CENTRE,JALAN SULTAN,Office,"910,000",882.65,"1,031",Nov-23,Strata,82,"11,098",99 yrs lease commencing from 1970,07,11 to 15
SHENTON HOUSE,SHENTON WAY,Office,"538,000,000","4,746.92","113,337",Nov-23,Strata,441,"1,219,955",99 yrs lease commencing from 1969,01,21 to 25
UNITED HOUSE,KRAMAT LANE,Office,"983,888",570.49,"1,725",Oct-23,Strata,53,"18,564",Freehold,09,01 to 05
PLUS,CECIL STREET,Office,"2,440,051",495.14,"4,928",Oct-23,Strata,46,"53,045",99 yrs lease commencing from 1989,01,01 to 05
PLUS,CECIL STREET,Office,"2,548,498",516.67,"4,933",Oct-23,Strata,48,"53,094",99 yrs lease commencing from 1989,01,01 to 05
PLUS,CECIL STREET,Office,"2,440,051",495.14,"4,928",Oct-23,Strata,46,"53,045",99 yrs lease commencing from 1989,01,01 to 05
PLUS,CECIL STREET,Office,"2,809,756",570.49,"4,925",Oct-23,Strata,53,"53,014",99 yrs lease commencing from 1989,01,01 to 05
PS100,PECK SEAH STREET,Office,"1,150,000",441.32,"2,606",Oct-23,Strata,41,"28,049",99 yrs lease commencing from 2011,02,11 to 15
THE PLAZA,BEACH ROAD,Office,"973,800",688.9,"1,414",Oct-23,Strata,64,"15,216",99 yrs lease commencing from 1968,07,06 to 10
PAYA LEBAR SQUARE,PAYA LEBAR ROAD,Office,"2,090,000",947.23,"2,206",Oct-23,Strata,88,"23,750",99 yrs lease commencing from 2011,14,06 to 10
WOODS SQUARE,WOODLANDS SQUARE,Office,"1,198,645",559.73,"2,141",Oct-23,Strata,52,"23,051",99 yrs lease commencing from 2014,25,06 to 10
INTERNATIONAL PLAZA,ANSON ROAD,Office,"815,000",462.85,"1,761",Oct-23,Strata,43,"18,953",99 yrs lease commencing from 1970,02,16 to 20
INTERNATIONAL PLAZA,ANSON ROAD,Office,"371,000",161.46,"2,298",Oct-23,Strata,15,"24,733",99 yrs lease commencing from 1970,02,26 to 30
PAYA LEBAR SQUARE,PAYA LEBAR ROAD,Office,"1,180,000",505.91,"2,332",Oct-23,Strata,47,"25,106",99 yrs lease commencing from 2011,14,11 to 15
N.A.,UPPER SERANGOON ROAD,Office,"1,680,000","1,851.41",907,Oct-23,Strata,172,"9,767",999 yrs lease commencing from 1878,19,01 to 05
THE CENTRAL,EU TONG SEN STREET,Office,"2,200,000",871.88,"2,523",Oct-23,Strata,81,"27,160",99 yrs lease commencing from 2001,01,16 to 20
SBF CENTER,ROBINSON ROAD,Office,"2,550,000",753.48,"3,384",Oct-23,Strata,70,"36,429",99 yrs lease commencing from 2011,01,11 to 15
VISION EXCHANGE,VENTURE DRIVE,Office,"3,009,000","1,442.38","2,086",Oct-23,Strata,134,"22,455",99 yrs lease commencing from 2013,22,06 to 10
FUYUEN COURT,SIMS AVENUE,Office,"1,280,000","1,291.68",991,Oct-23,Strata,120,"10,667",Freehold,14,01 to 05
PARKWAY PARADE,MARINE PARADE ROAD,Office,"1,800,000",925.7,"1,944",Oct-23,Strata,86,"20,930",99 yrs lease commencing from 1979,15,06 to 10
WOODS SQUARE,WOODLANDS SQUARE,Office,"1,174,213",559.73,"2,098",Oct-23,Strata,52,"22,581",99 yrs lease commencing from 2014,25,06 to 10
PARKWAY CENTRE,MARINE PARADE CENTRAL,Office,"1,488,000",828.83,"1,795",Oct-23,Strata,77,"19,325",99 yrs lease commencing from 1981,15,06 to 10
SLF BUILDING,THOMSON ROAD,Office,"10,000,000","9,450.79","1,058",Oct-23,Strata,878,"11,390",99 yrs lease commencing from 1979,11,06 to 10
PENINSULA PLAZA,NORTH BRIDGE ROAD,Office,"4,300,000","1,776.06","2,421",Oct-23,Strata,165,"26,061",999 yrs lease commencing from 1829,06,11 to 15
GIFFARD MANSIONS,BALESTIER ROAD,Office,"590,000",290.63,"2,030",Oct-23,Strata,27,"21,852",Freehold,12,01 to 05
HAVELOCK2,HAVELOCK ROAD,Office,"618,591",376.74,"1,642",Oct-23,Strata,35,"17,674",99 yrs lease commencing from 1983,01,06 to 10
HAVELOCK2,HAVELOCK ROAD,Office,"581,409",355.21,"1,637",Oct-23,Strata,33,"17,618",99 yrs lease commencing from 1983,01,06 to 10
WOODS SQUARE,WOODLANDS SQUARE,Office,"950,000",559.73,"1,697",Oct-23,Strata,52,"18,269",99 yrs lease commencing from 2014,25,01 to 05
PENINSULA PLAZA,NORTH BRIDGE ROAD,Office,"4,262,400","1,776.06","2,400",Oct-23,Strata,165,"25,833",999 yrs lease commencing from 1829,06,11 to 15
WOODS SQUARE,WOODLANDS SQUARE,Office,"1,142,033",559.73,"2,040",Sep-23,Strata,52,"21,962",99 yrs lease commencing from 2014,25,06 to 10
INTERNATIONAL PLAZA,ANSON ROAD,Office,"2,760,700","1,453.14","1,900",Sep-23,Strata,135,"20,450",99 yrs lease commencing from 1970,02,26 to 30
CT HUB 2,LAVENDER STREET,Office,"1,352,550",635.08,"2,130",Sep-23,Strata,59,"22,925",63 yrs lease commencing from 2012,12,11 to 15
PLUS,CECIL STREET,Office,"2,533,000",785.77,"3,224",Sep-23,Strata,73,"34,699",99 yrs lease commencing from 1989,01,21 to 25
PAYA LEBAR SQUARE,PAYA LEBAR ROAD,Office,"1,288,000",505.91,"2,546",Sep-23,Strata,47,"27,404",99 yrs lease commencing from 2011,14,11 to 15
THE ARCADE,COLLYER QUAY,Office,"8,800,000","2,195.86","4,008",Sep-23,Strata,204,"43,137",99 yrs lease commencing from 1980,01,01 to 05
THE PLAZA,BEACH ROAD,Office,"740,000",505.91,"1,463",Sep-23,Strata,47,"15,745",99 yrs lease commencing from 1968,07,06 to 10
INTERNATIONAL PLAZA,ANSON ROAD,Office,"950,000",462.85,"2,052",Sep-23,Strata,43,"22,093",99 yrs lease commencing from 1970,02,11 to 15
SOHO LIFE,JOO CHIAT ROAD,Office,"710,000",387.5,"1,832",Sep-23,Strata,36,"19,722",Freehold,15,01 to 05
CHINATOWN POINT,NEW BRIDGE ROAD,Office,"1,470,000",742.72,"1,979",Sep-23,Strata,69,"21,304",99 yrs lease commencing from 1980,01,06 to 10
CHINATOWN POINT,NEW BRIDGE ROAD,Office,"1,430,000",721.19,"1,983",Sep-23,Strata,67,"21,343",99 yrs lease commencing from 1980,01,06 to 10
PENINSULA PLAZA,NORTH BRIDGE ROAD,Office,"6,000,000","2,174.33","2,759",Sep-23,Strata,202,"29,703",999 yrs lease commencing from 1829,06,26 to 30
CONCORDE SHOPPING CENTRE,OUTRAM ROAD,Office,"360,000",161.46,"2,230",Sep-23,Strata,15,"24,000",99 yrs lease commencing from 1980,03,B1 to B5
VISION EXCHANGE,VENTURE DRIVE,Office,"1,128,000",516.67,"2,183",Sep-23,Strata,48,"23,500",99 yrs lease commencing from 2013,22,11 to 15
EON SHENTON,SHENTON WAY,Office,"1,050,000",505.91,"2,075",Sep-23,Strata,47,"22,340",99 yrs lease commencing from 2011,02,16 to 20
SOHO LIFE,JOO CHIAT ROAD,Office,"678,000",344.45,"1,968",Sep-23,Strata,32,"21,188",Freehold,15,01 to 05
CITY PLAZA,GEYLANG ROAD,Office,"5,800,000","1,130.22","5,132",Sep-23,Strata,105,"55,238",Freehold,14,01 to 05
HOUGANG GREEN SHOPPING MALL,HOUGANG STREET 51,Office,"1,150,000",269.1,"4,274",Sep-23,Strata,25,"46,000",99 yrs lease commencing from 1994,19,01 to 05
ONE CLAYMORE,CLAYMORE DRIVE,Office,"2,850,000","1,227.1","2,323",Aug-23,Strata,114,"25,000",Freehold,09,06 to 10
STUDIO8,JALAN AYER,Office,"760,000",409.03,"1,858",Aug-23,Strata,38,"20,000",Freehold,14,01 to 05
INTERNATIONAL PLAZA,ANSON ROAD,Office,"890,000",462.85,"1,923",Aug-23,Strata,43,"20,698",99 yrs lease commencing from 1970,02,31 to 35
INTERNATIONAL PLAZA,ANSON ROAD,Office,"890,000",462.85,"1,923",Aug-23,Strata,43,"20,698",99 yrs lease commencing from 1970,02,31 to 35
EMERALD GARDEN,CLUB STREET,Office,"3,050,000",828.83,"3,680",Aug-23,Strata,77,"39,610",999 yrs lease commencing from 1827,01,01 to 05
111 SOMERSET,SOMERSET ROAD,Office,"3,690,000","1,367.03","2,699",Aug-23,Strata,127,"29,055",99 yrs lease commencing from 1975,09,06 to 10
PAYA LEBAR SQUARE,PAYA LEBAR ROAD,Office,"2,380,000","1,011.82","2,352",Aug-23,Strata,94,"25,319",99 yrs lease commencing from 2011,14,01 to 05
UPPER SERANGOON SHOPPING CENTRE,UPPER SERANGOON ROAD,Office,"428,000",204.52,"2,093",Aug-23,Strata,19,"22,526",Freehold,19,01 to 05
INTERNATIONAL PLAZA,ANSON ROAD,Office,"787,100",462.85,"1,701",Aug-23,Strata,43,"18,305",99 yrs lease commencing from 1970,02,06 to 10
SOHO LIFE,JOO CHIAT ROAD,Office,"680,000",344.45,"1,974",Aug-23,Strata,32,"21,250",Freehold,15,01 to 05
PAYA LEBAR SQUARE,PAYA LEBAR ROAD,Office,"1,118,000",538.2,"2,077",Aug-23,Strata,50,"22,360",99 yrs lease commencing from 2011,14,01 to 05
WOODS SQUARE,WOODLANDS SQUARE,Office,"970,000",656.6,"1,477",Aug-23,Strata,61,"15,902",99 yrs lease commencing from 2014,25,01 to 05
PS100,PECK SEAH STREET,Office,"1,300,000",473.62,"2,745",Aug-23,Strata,44,"29,545",99 yrs lease commencing from 2011,02,06 to 10
BYLANDS BUILDING,MIDDLE ROAD,Office,"308,000",139.93,"2,201",Aug-23,Strata,13,"23,692",99 yrs lease commencing from 1978,07,01 to 05
THE MODULES,JOO CHIAT ROAD,Office,"911,888",473.62,"1,925",Aug-23,Strata,44,"20,725",Freehold,15,01 to 05
VIVA VISTA,SOUTH BUONA VISTA ROAD,Office,"550,000",409.03,"1,345",Aug-23,Strata,38,"14,474",Freehold,05,B1 to B5
THE CENTRAL,EU TONG SEN STREET,Office,"1,833,000",645.84,"2,838",Aug-23,Strata,60,"30,550",99 yrs lease commencing from 2001,01,06 to 10
PARKLANE SHOPPING MALL,SELEGIE ROAD,Office,"1,028,000",861.12,"1,194",Aug-23,Strata,80,"12,850",99 yrs lease commencing from 1974,07,06 to 10
SOHO LIFE,JOO CHIAT ROAD,Office,"725,000",419.8,"1,727",Aug-23,Strata,39,"18,590",Freehold,15,01 to 05
CONCORDE SHOPPING CENTRE,OUTRAM ROAD,Office,"436,000",290.63,"1,500",Aug-23,Strata,27,"16,148",99 yrs lease commencing from 1980,03,B1 to B5
THE CENTRAL,EU TONG SEN STREET,Office,"1,800,000",645.84,"2,787",Aug-23,Strata,60,"30,000",99 yrs lease commencing from 2001,01,21 to 25
SOHO LIFE,JOO CHIAT ROAD,Office,"725,800",398.27,"1,822",Aug-23,Strata,37,"19,616",Freehold,15,01 to 05
CT HUB 2,LAVENDER STREET,Office,"1,250,000",624.31,"2,002",Aug-23,Strata,58,"21,552",63 yrs lease commencing from 2012,12,06 to 10
NOMU,HANDY ROAD,Office,"23,988,888","6,329.23","3,790",Aug-23,Strata,588,"40,797",Freehold,09,01 to 05
INTERNATIONAL PLAZA,ANSON ROAD,Office,"1,050,000",462.85,"2,269",Aug-23,Strata,43,"24,419",99 yrs lease commencing from 1970,02,16 to 20
VISION EXCHANGE,VENTURE DRIVE,Office,"1,806,000",764.24,"2,363",Jul-23,Strata,71,"25,437",99 yrs lease commencing from 2013,22,11 to 15
WOODS SQUARE,WOODLANDS SQUARE,Office,"2,700,000","1,259.39","2,144",Jul-23,Strata,117,"23,077",99 yrs lease commencing from 2014,25,11 to 15
HOA NAM BUILDING,FOCH ROAD,Office,"760,000",344.45,"2,206",Jul-23,Strata,32,"23,750",Freehold,08,01 to 05
ICON@CHANGI,CHANGI ROAD,Office,"638,000",365.98,"1,743",Jul-23,Strata,34,"18,765",Freehold,14,01 to 05
HOA NAM BUILDING,FOCH ROAD,Office,"720,000",344.45,"2,090",Jul-23,Strata,32,"22,500",Freehold,08,01 to 05
CENTROPOD @ CHANGI,CHANGI ROAD,Office,"1,038,000",688.9,"1,507",Jul-23,Strata,64,"16,219",Freehold,14,01 to 05
WOODS SQUARE,WOODLANDS SQUARE,Office,"1,404,888",645.84,"2,175",Jul-23,Strata,60,"23,415",99 yrs lease commencing from 2014,25,11 to 15
CHINATOWN POINT,NEW BRIDGE ROAD,Office,"1,830,000","1,054.87","1,735",Jul-23,Strata,98,"18,673",99 yrs lease commencing from 1980,01,06 to 10
TEXTILE CENTRE,JALAN SULTAN,Office,"938,000",882.65,"1,063",Jul-23,Strata,82,"11,439",99 yrs lease commencing from 1970,07,06 to 10
ICON@CHANGI,CHANGI ROAD,Office,"700,000",365.98,"1,913",Jul-23,Strata,34,"20,588",Freehold,14,01 to 05
PAYA LEBAR SQUARE,PAYA LEBAR ROAD,Office,"1,268,000",538.2,"2,356",Jul-23,Strata,50,"25,360",99 yrs lease commencing from 2011,14,11 to 15
111 SOMERSET,SOMERSET ROAD,Office,"1,912,086",721.19,"2,651",Jul-23,Strata,67,"28,539",99 yrs lease commencing from 1975,09,06 to 10
111 SOMERSET,SOMERSET ROAD,Office,"2,544,500",893.41,"2,848",Jul-23,Strata,83,"30,657",99 yrs lease commencing from 1975,09,06 to 10
PAYA LEBAR SQUARE,PAYA LEBAR ROAD,Office,"1,246,230",548.96,"2,270",Jul-23,Strata,51,"24,436",99 yrs lease commencing from 2011,14,06 to 10
PAYA LEBAR SQUARE,PAYA LEBAR ROAD,Office,"1,246,230",548.96,"2,270",Jul-23,Strata,51,"24,436",99 yrs lease commencing from 2011,14,06 to 10
CT HUB 2,LAVENDER STREET,Office,"1,467,570",688.9,"2,130",Jul-23,Strata,64,"22,931",63 yrs lease commencing from 2012,12,11 to 15
WOODS SQUARE,WOODLANDS SQUARE,Office,"1,184,593",559.73,"2,116",Jul-23,Strata,52,"22,781",99 yrs lease commencing from 2014,25,06 to 10
WOODS SQUARE,WOODLANDS SQUARE,Office,"1,392,861",656.6,"2,121",Jul-23,Strata,61,"22,834",99 yrs lease commencing from 2014,25,11 to 15
WOODS SQUARE,WOODLANDS SQUARE,Office,"1,169,231",559.73,"2,089",Jul-23,Strata,52,"22,485",99 yrs lease commencing from 2014,25,11 to 15
WOODS SQUARE,WOODLANDS SQUARE,Office,"1,340,265",645.84,"2,075",Jul-23,Strata,60,"22,338",99 yrs lease commencing from 2014,25,06 to 10
SUNSHINE PLAZA,BENCOOLEN STREET,Office,"1,040,000",516.67,"2,013",Jul-23,Strata,48,"21,667",99 yrs lease commencing from 1997,07,06 to 10
VISION EXCHANGE,VENTURE DRIVE,Office,"1,671,499",839.59,"1,991",Jul-23,Strata,78,"21,429",99 yrs lease commencing from 2013,22,06 to 10
SUNTEC TOWER TWO,TEMASEK BOULEVARD,Office,"16,518,150","7,028.89","2,350",Jul-23,Strata,653,"25,296",99 yrs lease commencing from 1989,01,06 to 10
INTERNATIONAL PLAZA,ANSON ROAD,Office,"1,731,600",936.47,"1,849",Jul-23,Strata,87,"19,903",99 yrs lease commencing from 1970,02,21 to 25
WOODS SQUARE,WOODLANDS SQUARE,Office,"1,379,000",656.6,"2,100",Jul-23,Strata,61,"22,607",99 yrs lease commencing from 2014,25,06 to 10
SUNTEC TOWER TWO,TEMASEK BOULEVARD,Office,"11,612,600","3,745.87","3,100",Jul-23,Strata,348,"33,370",99 yrs lease commencing from 1989,01,16 to 20
SOLITAIRE ON CECIL,CECIL STREET,Office,"51,184,000","12,464.71","4,106",Jul-23,Strata,"1,158","44,200",Freehold,01,06 to 10
SOLITAIRE ON CECIL,CECIL STREET,Office,"52,054,000","12,464.71","4,176",Jul-23,Strata,"1,158","44,952",Freehold,01,11 to 15
SUNTEC TOWER ONE,TEMASEK BOULEVARD,Office,"11,502,600","4,036.5","2,850",Jul-23,Strata,375,"30,674",99 yrs lease commencing from 1989,01,06 to 10
SOHO LIFE,JOO CHIAT ROAD,Office,"695,000",387.5,"1,794",Jul-23,Strata,36,"19,306",Freehold,15,01 to 05
ORCHARD TOWERS,ORCHARD ROAD,Office,"927,340",398.27,"2,328",Jul-23,Strata,37,"25,063",Freehold,09,11 to 15
SOHO LIFE,JOO CHIAT ROAD,Office,"665,000",344.45,"1,931",Jun-23,Strata,32,"20,781",Freehold,15,01 to 05
MANHATTAN HOUSE,CHIN SWEE ROAD,Office,"550,000",441.32,"1,246",Jun-23,Strata,41,"13,415",99 yrs lease commencing from 1969,03,06 to 10
WOODS SQUARE,WOODLANDS SQUARE,Office,"1,189,440",559.73,"2,125",Jun-23,Strata,52,"22,874",99 yrs lease commencing from 2014,25,11 to 15
THE PLAZA,BEACH ROAD,Office,"310,000",150.7,"2,057",Jun-23,Strata,14,"22,143",99 yrs lease commencing from 1968,07,01 to 05
SOLITAIRE ON CECIL,CECIL STREET,Office,"10,081,929","2,529.54","3,986",Jun-23,Strata,235,"42,902",Freehold,01,06 to 10
SOLITAIRE ON CECIL,CECIL STREET,Office,"7,910,261","1,980.58","3,994",Jun-23,Strata,184,"42,991",Freehold,01,06 to 10
SOLITAIRE ON CECIL,CECIL STREET,Office,"4,431,423","1,108.69","3,997",Jun-23,Strata,103,"43,024",Freehold,01,06 to 10
SOLITAIRE ON CECIL,CECIL STREET,Office,"5,087,504","1,270.15","4,005",Jun-23,Strata,118,"43,114",Freehold,01,06 to 10
SOLITAIRE ON CECIL,CECIL STREET,Office,"4,783,907","1,162.51","4,115",Jun-23,Strata,108,"44,295",Freehold,01,06 to 10
SOLITAIRE ON CECIL,CECIL STREET,Office,"5,265,647","1,280.92","4,111",Jun-23,Strata,119,"44,249",Freehold,01,06 to 10
SOLITAIRE ON CECIL,CECIL STREET,Office,"5,668,890","1,377.79","4,114",Jun-23,Strata,128,"44,288",Freehold,01,06 to 10
SOLITAIRE ON CECIL,CECIL STREET,Office,"7,253,689","1,754.53","4,134",Jun-23,Strata,163,"44,501",Freehold,01,06 to 10
ORCHARD TOWERS,ORCHARD ROAD,Office,"728,000",301.39,"2,415",Jun-23,Strata,28,"26,000",Freehold,09,01 to 05
INTERNATIONAL PLAZA,ANSON ROAD,Office,"3,050,000","1,453.14","2,099",Jun-23,Strata,135,"22,593",99 yrs lease commencing from 1970,02,11 to 15
SOHO LIFE,JOO CHIAT ROAD,Office,"640,000",344.45,"1,858",Jun-23,Strata,32,"20,000",Freehold,15,01 to 05
SUNTEC TOWER THREE,TEMASEK BOULEVARD,Office,"13,797,200","4,058.03","3,400",Jun-23,Strata,377,"36,597",99 yrs lease commencing from 1989,01,31 to 35
INTERNATIONAL PLAZA,ANSON ROAD,Office,"1,650,000",936.47,"1,762",Jun-23,Strata,87,"18,966",99 yrs lease commencing from 1970,02,06 to 10
OXLEY TOWER,ROBINSON ROAD,Office,"880,000",236.81,"3,716",Jun-23,Strata,22,"40,000",Freehold,01,01 to 05
PAYA LEBAR SQUARE,PAYA LEBAR ROAD,Office,"1,190,000",516.67,"2,303",Jun-23,Strata,48,"24,792",99 yrs lease commencing from 2011,14,06 to 10
PAYA LEBAR SQUARE,PAYA LEBAR ROAD,Office,"1,190,000",505.91,"2,352",Jun-23,Strata,47,"25,319",99 yrs lease commencing from 2011,14,06 to 10
PLUS,CECIL STREET,Office,"7,017,300","2,034.4","3,449",Jun-23,Strata,189,"37,129",99 yrs lease commencing from 1989,01,26 to 30
SHENTON HOUSE,SHENTON WAY,Office,"838,508",441.32,"1,900",Jun-23,Strata,41,"20,451",99 yrs lease commencing from 1969,01,06 to 10
HAVELOCK2,HAVELOCK ROAD,Office,"650,000",409.03,"1,589",Jun-23,Strata,38,"17,105",99 yrs lease commencing from 1983,01,01 to 05
PLUS,CECIL STREET,Office,"3,974,400","1,151.75","3,451",Jun-23,Strata,107,"37,144",99 yrs lease commencing from 1989,01,26 to 30
THE PLAZA,BEACH ROAD,Office,"610,000",333.68,"1,828",Jun-23,Strata,31,"19,677",99 yrs lease commencing from 1968,07,11 to 15
VISION EXCHANGE,VENTURE DRIVE,Office,"1,080,000",516.67,"2,090",Jun-23,Strata,48,"22,500",99 yrs lease commencing from 2013,22,06 to 10
OKIO,BALESTIER ROAD,Office,"1,600,000",753.48,"2,123",Jun-23,Strata,70,"22,857",Freehold,12,01 to 05
TAHIR BUILDING,ROBINSON ROAD,Office,"3,550,000",925.7,"3,835",Jun-23,Strata,86,"41,279",Freehold,01,06 to 10
PLUS,CECIL STREET,Office,"8,355,900","2,421.9","3,450",Jun-23,Strata,225,"37,137",99 yrs lease commencing from 1989,01,26 to 30
THE MEZZO,BALESTIER ROAD,Office,"1,380,000",818.06,"1,687",Jun-23,Strata,76,"18,158",Freehold,12,01 to 05
PAYA LEBAR SQUARE,PAYA LEBAR ROAD,Office,"1,075,000",484.38,"2,219",Jun-23,Strata,45,"23,889",99 yrs lease commencing from 2011,14,01 to 05
PAYA LEBAR SQUARE,PAYA LEBAR ROAD,Office,"1,075,000",484.38,"2,219",Jun-23,Strata,45,"23,889",99 yrs lease commencing from 2011,14,01 to 05
MANHATTAN HOUSE,CHIN SWEE ROAD,Office,"680,000",527.44,"1,289",Jun-23,Strata,49,"13,878",99 yrs lease commencing from 1969,03,11 to 15
PS100,PECK SEAH STREET,Office,"1,315,000",473.62,"2,777",Jun-23,Strata,44,"29,886",99 yrs lease commencing from 2011,02,06 to 10
THE CENTRAL,EU TONG SEN STREET,Office,"1,480,000",635.08,"2,330",Jun-23,Strata,59,"25,085",99 yrs lease commencing from 2001,01,06 to 10
BUKIT TIMAH SHOPPING CENTRE,UPPER BUKIT TIMAH ROAD,Office,"450,000",139.93,"3,216",Jun-23,Strata,13,"34,615",999 yrs lease commencing from 1883,21,01 to 05
ROBINSON SQUARE,ROBINSON ROAD,Office,"3,350,000","1,184.04","2,829",Jun-23,Strata,110,"30,455",Freehold,01,06 to 10
THE CENTRAL,EU TONG SEN STREET,Office,"1,690,000",602.78,"2,804",Jun-23,Strata,56,"30,179",99 yrs lease commencing from 2001,01,06 to 10
111 SOMERSET,SOMERSET ROAD,Office,"2,192,300",764.24,"2,869",Jun-23,Strata,71,"30,877",99 yrs lease commencing from 1975,09,06 to 10
111 SOMERSET,SOMERSET ROAD,Office,"3,564,300","1,227.1","2,905",Jun-23,Strata,114,"31,266",99 yrs lease commencing from 1975,09,06 to 10
PLUS,CECIL STREET,Office,"3,275,000","1,097.93","2,983",May-23,Strata,102,"32,108",99 yrs lease commencing from 1989,01,06 to 10
SOUTHBANK,NORTH BRIDGE ROAD,Office,"950,000",462.85,"2,052",May-23,Strata,43,"22,093",99 yrs lease commencing from 2006,07,01 to 05
BUKIT TIMAH SHOPPING CENTRE,UPPER BUKIT TIMAH ROAD,Office,"580,000",226.04,"2,566",May-23,Strata,21,"27,619",999 yrs lease commencing from 1883,21,06 to 10
CHINATOWN POINT,NEW BRIDGE ROAD,Office,"4,950,000","2,486.48","1,991",May-23,Strata,231,"21,429",99 yrs lease commencing from 1980,01,21 to 25
VISION EXCHANGE,VENTURE DRIVE,Office,"1,000,000",441.32,"2,266",May-23,Strata,41,"24,390",99 yrs lease commencing from 2013,22,11 to 15
SUNTEC TOWER TWO,TEMASEK BOULEVARD,Office,"12,568,610","4,348.66","2,890",May-23,Strata,404,"31,110",99 yrs lease commencing from 1989,01,06 to 10
THE SUNFLOWER,GEYLANG ROAD,Office,"1,480,000","1,399.32","1,058",May-23,Strata,130,"11,385",Freehold,14,01 to 05
ORCHARD TOWERS,ORCHARD ROAD,Office,"1,890,000",796.54,"2,373",May-23,Strata,74,"25,541",Freehold,09,06 to 10
SOLITAIRE ON CECIL,CECIL STREET,Office,"56,205,000","13,132.08","4,280",May-23,Strata,"1,220","46,070",Freehold,01,16 to 20
GOLDHILL PLAZA,GOLDHILL PLAZA,Office,"2,350,000","1,184.04","1,985",May-23,Strata,110,"21,364",999 yrs lease commencing from 1972,11,01 to 05
SUNTEC TOWER THREE,TEMASEK BOULEVARD,Office,"9,955,200","2,927.81","3,400",May-23,Strata,272,"36,600",99 yrs lease commencing from 1989,01,31 to 35
CT HUB 2,LAVENDER STREET,Office,"1,279,080",645.84,"1,980",May-23,Strata,60,"21,318",63 yrs lease commencing from 2012,12,11 to 15
CT HUB 2,LAVENDER STREET,Office,"1,342,440",678.13,"1,980",May-23,Strata,63,"21,309",63 yrs lease commencing from 2012,12,11 to 15
ICON@CHANGI,CHANGI ROAD,Office,"800,000",430.56,"1,858",May-23,Strata,40,"20,000",Freehold,14,01 to 05
LUCKY PLAZA,ORCHARD ROAD,Office,"3,300,000",419.8,"7,861",May-23,Strata,39,"84,615",Freehold,09,01 to 05
CONCORDE SHOPPING CENTRE,OUTRAM ROAD,Office,"583,000",301.39,"1,934",May-23,Strata,28,"20,821",99 yrs lease commencing from 1980,03,01 to 05
THE ODEON KATONG,EAST COAST ROAD,Office,"1,200,000",344.45,"3,484",May-23,Strata,32,"37,500",Freehold,15,01 to 05
SUNTEC TOWER THREE,TEMASEK BOULEVARD,Office,"12,592,800","3,498.3","3,600",May-23,Strata,325,"38,747",99 yrs lease commencing from 1989,01,21 to 25
PAYA LEBAR SQUARE,PAYA LEBAR ROAD,Office,"2,050,000",958,"2,140",May-23,Strata,89,"23,034",99 yrs lease commencing from 2011,14,01 to 05
SUNTEC TOWER THREE,TEMASEK BOULEVARD,Office,"12,943,599","3,498.3","3,700",May-23,Strata,325,"39,826",99 yrs lease commencing from 1989,01,21 to 25
WOODS SQUARE,WOODLANDS SQUARE,Office,"1,165,800",559.73,"2,083",May-23,Strata,52,"22,419",99 yrs lease commencing from 2014,25,06 to 10
CONCORDE SHOPPING CENTRE,OUTRAM ROAD,Office,"470,000",322.92,"1,455",May-23,Strata,30,"15,667",99 yrs lease commencing from 1980,03,01 to 05
CONCORDE SHOPPING CENTRE,OUTRAM ROAD,Office,"490,600",301.39,"1,628",May-23,Strata,28,"17,521",99 yrs lease commencing from 1980,03,01 to 05
WOODS SQUARE,WOODLANDS SQUARE,Office,"1,010,000",559.73,"1,804",May-23,Strata,52,"19,423",99 yrs lease commencing from 2014,25,01 to 05
WOODS SQUARE,WOODLANDS SQUARE,Office,"1,105,970",559.73,"1,976",May-23,Strata,52,"21,269",99 yrs lease commencing from 2014,25,06 to 10
CT HUB 2,LAVENDER STREET,Office,"6,252,880","3,326.08","1,880",May-23,Strata,309,"20,236",63 yrs lease commencing from 2012,12,11 to 15
CT HUB 2,LAVENDER STREET,Office,"2,630,120","1,399.32","1,880",May-23,Strata,130,"20,232",63 yrs lease commencing from 2012,12,11 to 15
BUKIT TIMAH SHOPPING CENTRE,UPPER BUKIT TIMAH ROAD,Office,"820,000",182.99,"4,481",May-23,Strata,17,"48,235",999 yrs lease commencing from 1883,21,01 to 05
SUNTEC TOWER ONE,TEMASEK BOULEVARD,Office,"13,551,550","3,638.23","3,725",Apr-23,Strata,338,"40,093",99 yrs lease commencing from 1989,01,26 to 30
THE PLAZA,BEACH ROAD,Office,"688,000",430.56,"1,598",Apr-23,Strata,40,"17,200",99 yrs lease commencing from 1968,07,06 to 10
THE CENTRAL,EU TONG SEN STREET,Office,"1,900,000",635.08,"2,992",Apr-23,Strata,59,"32,203",99 yrs lease commencing from 2001,01,06 to 10
CT HUB 2,LAVENDER STREET,Office,"1,207,440",624.31,"1,934",Apr-23,Strata,58,"20,818",63 yrs lease commencing from 2012,12,11 to 15
PAYA LEBAR SQUARE,PAYA LEBAR ROAD,Office,"1,183,600",538.2,"2,199",Apr-23,Strata,50,"23,672",99 yrs lease commencing from 2011,14,01 to 05
INTERNATIONAL PLAZA,ANSON ROAD,Office,"1,710,000",936.47,"1,826",Apr-23,Strata,87,"19,655",99 yrs lease commencing from 1970,02,26 to 30
PAYA LEBAR SQUARE,PAYA LEBAR ROAD,Office,"1,160,000",538.2,"2,155",Apr-23,Strata,50,"23,200",99 yrs lease commencing from 2011,14,06 to 10
JALAN BESAR PLAZA,KITCHENER ROAD,Office,"1,800,000",936.47,"1,922",Apr-23,Strata,87,"20,690",Freehold,08,01 to 05
VISION EXCHANGE,VENTURE DRIVE,Office,"1,050,000",516.67,"2,032",Apr-23,Strata,48,"21,875",99 yrs lease commencing from 2013,22,11 to 15
SOLITAIRE ON CECIL,CECIL STREET,Office,"56,270,600","13,132.08","4,285",Apr-23,Strata,"1,220","46,123",Freehold,01,16 to 20
SOLITAIRE ON CECIL,CECIL STREET,Office,"57,925,000","13,487.29","4,295",Apr-23,Strata,"1,253","46,229",Freehold,01,16 to 20
SOLITAIRE ON CECIL,CECIL STREET,Office,"48,604,400","11,237.62","4,325",Apr-23,Strata,"1,044","46,556",Freehold,01,16 to 20
BYLANDS BUILDING,MIDDLE ROAD,Office,"450,000",204.52,"2,200",Apr-23,Strata,19,"23,684",99 yrs lease commencing from 1978,07,01 to 05
UPPER SERANGOON SHOPPING CENTRE,UPPER SERANGOON ROAD,Office,"370,000",182.99,"2,022",Apr-23,Strata,17,"21,765",Freehold,19,01 to 05
SUNHAVEN,UPPER CHANGI ROAD EAST,Office,"855,000",559.73,"1,528",Apr-23,Strata,52,"16,442",Freehold,16,01 to 05
BURLINGTON SQUARE,BENCOOLEN STREET,Office,"950,000",570.49,"1,665",Apr-23,Strata,53,"17,925",99 yrs lease commencing from 1996,07,06 to 10
LIBERTY HOUSE,CLUB STREET,Office,"92,200,000","7,179.59","12,842",Apr-23,Land,667,"138,231",999 yrs lease commencing from 1827,01,-
N.A.,JALAN BESAR,Office,"1,450,000","1,237.86","1,171",Apr-23,Strata,115,"12,609",Freehold,08,-
PLUS,CECIL STREET,Office,"3,324,272","1,151.75","2,886",Apr-23,Strata,107,"31,068",99 yrs lease commencing from 1989,01,01 to 05
PLUS,CECIL STREET,Office,"3,075,728","1,065.64","2,886",Apr-23,Strata,99,"31,068",99 yrs lease commencing from 1989,01,01 to 05
PLUS,CECIL STREET,Office,"7,200,000","2,378.84","3,027",Apr-23,Strata,221,"32,579",99 yrs lease commencing from 1989,01,06 to 10
111 SOMERSET,SOMERSET ROAD,Office,"2,433,740",914.94,"2,660",Apr-23,Strata,85,"28,632",99 yrs lease commencing from 1975,09,06 to 10
THE CENTRAL,EU TONG SEN STREET,Office,"2,410,000",925.7,"2,603",Apr-23,Strata,86,"28,023",99 yrs lease commencing from 2001,01,21 to 25
SOHO LIFE,JOO CHIAT ROAD,Office,"810,000",462.85,"1,750",Mar-23,Strata,43,"18,837",Freehold,15,01 to 05
PAYA LEBAR SQUARE,PAYA LEBAR ROAD,Office,"1,120,000",505.91,"2,214",Mar-23,Strata,47,"23,830",99 yrs lease commencing from 2011,14,06 to 10
OXLEY TOWER,ROBINSON ROAD,Office,"3,663,450","1,162.51","3,151",Mar-23,Strata,108,"33,921",Freehold,01,21 to 25
THE ADELPHI,COLEMAN STREET,Office,"6,512,000","2,368.08","2,750",Mar-23,Strata,220,"29,600",999 yrs lease commencing from 1828,06,06 to 10
ICON@CHANGI,CHANGI ROAD,Office,"625,000",333.68,"1,873",Mar-23,Strata,31,"20,161",Freehold,14,01 to 05
PLUS,CECIL STREET,Office,"3,871,200","1,237.86","3,127",Mar-23,Strata,115,"33,663",99 yrs lease commencing from 1989,01,06 to 10
INTERNATIONAL PLAZA,ANSON ROAD,Office,"1,008,000",462.85,"2,178",Mar-23,Strata,43,"23,442",99 yrs lease commencing from 1970,02,16 to 20
PAYA LEBAR SQUARE,PAYA LEBAR ROAD,Office,"2,200,000","1,087.16","2,024",Mar-23,Strata,101,"21,782",99 yrs lease commencing from 2011,14,06 to 10
PAYA LEBAR SQUARE,PAYA LEBAR ROAD,Office,"1,123,333",538.2,"2,087",Mar-23,Strata,50,"22,467",99 yrs lease commencing from 2011,14,06 to 10
PLUS,CECIL STREET,Office,"14,950,000","5,059.08","2,955",Mar-23,Strata,470,"31,809",99 yrs lease commencing from 1989,01,06 to 10
THE CENTRAL,EU TONG SEN STREET,Office,"1,850,000",635.08,"2,913",Mar-23,Strata,59,"31,356",99 yrs lease commencing from 2001,01,06 to 10
INTERNATIONAL PLAZA,ANSON ROAD,Office,"1,150,000",473.62,"2,428",Mar-23,Strata,44,"26,136",99 yrs lease commencing from 1970,02,26 to 30
THE PLAZA,BEACH ROAD,Office,"698,000",430.56,"1,621",Mar-23,Strata,40,"17,450",99 yrs lease commencing from 1968,07,06 to 10
REGENCY SUITES,KIM TIAN ROAD,Office,"1,800,000",990.29,"1,818",Mar-23,Strata,92,"19,565",Freehold,03,06 to 10
PAYA LEBAR SQUARE,PAYA LEBAR ROAD,Office,"2,820,000","1,259.39","2,239",Mar-23,Strata,117,"24,103",99 yrs lease commencing from 2011,14,06 to 10
ORCHARD TOWERS,ORCHARD ROAD,Office,"2,300,000","1,033.34","2,226",Mar-23,Strata,96,"23,958",Freehold,09,01 to 05
ORCHARD TOWERS,ORCHARD ROAD,Office,"1,313,000",570.49,"2,302",Mar-23,Strata,53,"24,774",Freehold,09,11 to 15
PAYA LEBAR SQUARE,PAYA LEBAR ROAD,Office,"1,188,800",538.2,"2,209",Mar-23,Strata,50,"23,776",99 yrs lease commencing from 2011,14,11 to 15
MANHATTAN HOUSE,CHIN SWEE ROAD,Office,"830,000",645.84,"1,285",Mar-23,Strata,60,"13,833",99 yrs lease commencing from 1969,03,06 to 10
PENINSULA PLAZA,NORTH BRIDGE ROAD,Office,"920,000",333.68,"2,757",Mar-23,Strata,31,"29,677",999 yrs lease commencing from 1829,06,01 to 05
SULTAN PLAZA,JALAN SULTAN,Office,"360,000",236.81,"1,520",Mar-23,Strata,22,"16,364",99 yrs lease commencing from 1978,07,01 to 05
SUNTEC TOWER TWO,TEMASEK BOULEVARD,Office,"8,600,000","3,003.16","2,864",Mar-23,Strata,279,"30,824",99 yrs lease commencing from 1989,01,06 to 10
EON SHENTON,SHENTON WAY,Office,"4,300,000","1,765.3","2,436",Mar-23,Strata,164,"26,220",99 yrs lease commencing from 2011,02,16 to 20
PAYA LEBAR SQUARE,PAYA LEBAR ROAD,Office,"2,284,272","1,044.11","2,188",Mar-23,Strata,97,"23,549",99 yrs lease commencing from 2011,14,11 to 15
OXLEY TOWER,ROBINSON ROAD,Office,"3,500,000","1,205.57","2,903",Mar-23,Strata,112,"31,250",Freehold,01,11 to 15
SOLITAIRE ON CECIL,CECIL STREET,Office,"10,446,493","2,529.54","4,130",Mar-23,Strata,235,"44,453",Freehold,01,11 to 15
SOLITAIRE ON CECIL,CECIL STREET,Office,"8,195,703","1,980.58","4,138",Mar-23,Strata,184,"44,542",Freehold,01,11 to 15
SOLITAIRE ON CECIL,CECIL STREET,Office,"4,591,210","1,108.69","4,141",Mar-23,Strata,103,"44,575",Freehold,01,11 to 15
SOLITAIRE ON CECIL,CECIL STREET,Office,"5,270,558","1,270.15","4,150",Mar-23,Strata,118,"44,666",Freehold,01,11 to 15
SOLITAIRE ON CECIL,CECIL STREET,Office,"4,956,029","1,162.51","4,263",Mar-23,Strata,108,"45,889",Freehold,01,11 to 15
SOLITAIRE ON CECIL,CECIL STREET,Office,"5,455,300","1,280.92","4,259",Mar-23,Strata,119,"45,843",Freehold,01,11 to 15
SOLITAIRE ON CECIL,CECIL STREET,Office,"5,872,885","1,377.79","4,263",Mar-23,Strata,128,"45,882",Freehold,01,11 to 15
SOLITAIRE ON CECIL,CECIL STREET,Office,"7,513,320","1,754.53","4,282",Mar-23,Strata,163,"46,094",Freehold,01,11 to 15
EASTGATE,EAST COAST ROAD,Office,"2,000,000","1,130.22","1,770",Mar-23,Strata,105,"19,048",Freehold,15,06 to 10
PARKLANE SHOPPING MALL,SELEGIE ROAD,Office,"780,000",570.49,"1,367",Mar-23,Strata,53,"14,717",99 yrs lease commencing from 1974,07,06 to 10
PARKLANE SHOPPING MALL,SELEGIE ROAD,Office,"750,000",548.96,"1,366",Mar-23,Strata,51,"14,706",99 yrs lease commencing from 1974,07,06 to 10
HOA NAM BUILDING,FOCH ROAD,Office,"600,000",290.63,"2,064",Feb-23,Strata,27,"22,222",Freehold,08,06 to 10
WOODS SQUARE,WOODLANDS SQUARE,Office,"2,412,764","1,130.22","2,135",Feb-23,Strata,105,"22,979",99 yrs lease commencing from 2014,25,06 to 10
WOODS SQUARE,WOODLANDS SQUARE,Office,"1,117,990",559.73,"1,997",Feb-23,Strata,52,"21,500",99 yrs lease commencing from 2014,25,06 to 10
TEXTILE CENTRE,JALAN SULTAN,Office,"361,672",344.45,"1,050",Feb-23,Strata,32,"11,302",99 yrs lease commencing from 1970,07,01 to 05
CT HUB 2,LAVENDER STREET,Office,"1,240,200",688.9,"1,800",Feb-23,Strata,64,"19,378",63 yrs lease commencing from 2012,12,06 to 10
SUNTEC TOWER ONE,TEMASEK BOULEVARD,Office,"11,707,300","4,036.5","2,900",Feb-23,Strata,375,"31,219",99 yrs lease commencing from 1989,01,06 to 10
THE PLAZA,BEACH ROAD,Office,"650,000",398.27,"1,632",Feb-23,Strata,37,"17,568",99 yrs lease commencing from 1968,07,11 to 15
PENINSULA PLAZA,NORTH BRIDGE ROAD,Office,"890,000",333.68,"2,667",Feb-23,Strata,31,"28,710",999 yrs lease commencing from 1829,06,01 to 05
WOODS SQUARE,WOODLANDS SQUARE,Office,"1,105,969",559.73,"1,976",Feb-23,Strata,52,"21,269",99 yrs lease commencing from 2014,25,06 to 10
PAYA LEBAR SQUARE,PAYA LEBAR ROAD,Office,"2,007,640",947.23,"2,119",Feb-23,Strata,88,"22,814",99 yrs lease commencing from 2011,14,11 to 15
GOLDHILL PLAZA,GOLDHILL PLAZA,Office,"2,350,000","1,216.33","1,932",Feb-23,Strata,113,"20,796",999 yrs lease commencing from 1972,11,01 to 05
PARKLANE SHOPPING MALL,SELEGIE ROAD,Office,"400,000",226.04,"1,770",Feb-23,Strata,21,"19,048",99 yrs lease commencing from 1974,07,01 to 05
ORCHARD PLAZA,ORCHARD ROAD,Office,"588,000",215.28,"2,731",Feb-23,Strata,20,"29,400",99 yrs lease commencing from 1977,09,01 to 05
PS100,PECK SEAH STREET,Office,"1,100,000",473.62,"2,323",Jan-23,Strata,44,"25,000",99 yrs lease commencing from 2011,02,06 to 10
INTERNATIONAL PLAZA,ANSON ROAD,Office,"1,700,000",936.47,"1,815",Jan-23,Strata,87,"19,540",99 yrs lease commencing from 1970,02,26 to 30
111 SOMERSET,SOMERSET ROAD,Office,"2,530,262",871.88,"2,902",Jan-23,Strata,81,"31,238",99 yrs lease commencing from 1975,09,06 to 10
HERITAGE PLACE,TAN QUEE LAN STREET,Office,"2,050,000",871.88,"2,351",Jan-23,Strata,81,"25,309",999 yrs lease commencing from 1827,07,01 to 05
SLF BUILDING,THOMSON ROAD,Office,"9,000,000","9,450.79",952,Jan-23,Strata,878,"10,251",99 yrs lease commencing from 1979,11,06 to 10
THE PLAZA,BEACH ROAD,Office,"850,000",344.45,"2,468",Jan-23,Strata,32,"26,563",99 yrs lease commencing from 1968,07,B1 to B5
PAYA LEBAR SQUARE,PAYA LEBAR ROAD,Office,"1,220,000",505.91,"2,412",Jan-23,Strata,47,"25,957",99 yrs lease commencing from 2011,14,06 to 10
GIFFARD MANSIONS,BALESTIER ROAD,Office,"718,000",505.91,"1,419",Jan-23,Strata,47,"15,277",Freehold,12,01 to 05
BYLANDS BUILDING,MIDDLE ROAD,Office,"540,000",269.1,"2,007",Jan-23,Strata,25,"21,600",99 yrs lease commencing from 1978,07,01 to 05
ICON@CHANGI,CHANGI ROAD,Office,"616,888",333.68,"1,849",Jan-23,Strata,31,"19,900",Freehold,14,01 to 05
THE CENTRAL,EU TONG SEN STREET,Office,"1,880,000",635.08,"2,960",Jan-23,Strata,59,"31,864",99 yrs lease commencing from 2001,01,11 to 15
INTERNATIONAL PLAZA,ANSON ROAD,Office,"1,730,000",936.47,"1,847",Jan-23,Strata,87,"19,885",99 yrs lease commencing from 1970,02,31 to 35
WOODS SQUARE,WOODLANDS SQUARE,Office,"1,133,888",559.73,"2,026",Jan-23,Strata,52,"21,806",99 yrs lease commencing from 2014,25,06 to 10
OXLEY TOWER,ROBINSON ROAD,Office,"3,288,000","1,173.28","2,802",Jan-23,Strata,109,"30,165",Freehold,01,16 to 20
SOUTHPOINT,CANTONMENT ROAD,Office,"43,000,000","16,038.36","2,681",Dec-22,Strata,"1,490","28,859",Freehold,02,11 to 15
SUNSHINE PLAZA,BENCOOLEN STREET,Office,"2,000,000","1,119.46","1,787",Dec-22,Strata,104,"19,231",99 yrs lease commencing from 1997,07,06 to 10
SBF CENTER,ROBINSON ROAD,Office,"5,300,000","1,474.67","3,594",Dec-22,Strata,137,"38,686",99 yrs lease commencing from 2011,01,11 to 15
BALMORAL PLAZA,BUKIT TIMAH ROAD,Office,"11,300,000","4,101.08","2,755",Dec-22,Strata,381,"29,659",Freehold,10,01 to 05
TELOK AYER CONSERVATION AREA,SOUTH BRIDGE ROAD,Office,"8,550,000","1,515.57","5,641",Dec-22,Land,140.8,"60,724",99 yrs lease commencing from 1951,01,-
SUNTEC TOWER TWO,TEMASEK BOULEVARD,Office,"17,121,060","5,188.25","3,300",Dec-22,Strata,482,"35,521",99 yrs lease commencing from 1989,01,16 to 20
SOLITAIRE ON CECIL,CECIL STREET,Office,"48,177,225","12,464.71","3,865",Dec-22,Strata,"1,158","41,604",Freehold,01,06 to 10
CENTRIUM SQUARE,SERANGOON ROAD,Office,"1,900,000",710.42,"2,674",Dec-22,Strata,66,"28,788",Freehold,08,11 to 15
CENTRIUM SQUARE,SERANGOON ROAD,Office,"2,550,000",979.52,"2,603",Dec-22,Strata,91,"28,022",Freehold,08,11 to 15
FORTUNE CENTRE,MIDDLE ROAD,Office,"3,600,000","2,238.91","1,608",Dec-22,Strata,208,"17,308",99 yrs lease commencing from 1980,07,06 to 10
PEOPLE'S PARK CENTRE,UPPER CROSS STREET,Office,"750,000",559.73,"1,340",Dec-22,Strata,52,"14,423",99 yrs lease commencing from 1970,01,01 to 05
THE CENTRAL,EU TONG SEN STREET,Office,"2,781,450",882.65,"3,151",Dec-22,Strata,82,"33,920",99 yrs lease commencing from 2001,01,11 to 15
SBF CENTER,ROBINSON ROAD,Office,"2,380,000",753.48,"3,159",Dec-22,Strata,70,"34,000",99 yrs lease commencing from 2011,01,11 to 15
15 SCOTTS,SCOTTS ROAD,Office,"23,000,000","5,769.5","3,986",Dec-22,Strata,536,"42,910",Freehold,09,01 to 05
VISION EXCHANGE,VENTURE DRIVE,Office,"1,284,000",516.67,"2,485",Dec-22,Strata,48,"26,750",99 yrs lease commencing from 2013,22,11 to 15
SOHO 188,RACE COURSE ROAD,Office,"1,300,000",441.32,"2,946",Dec-22,Strata,41,"31,707",Freehold,08,01 to 05
N.A.,GEYLANG ROAD,Office,"1,580,000","1,420.85","1,112",Dec-22,Strata,132,"11,970",Freehold,14,-
MALACCA CENTRE,MALACCA STREET,Office,"5,680,000","1,829.88","3,104",Dec-22,Strata,170,"33,412",999 yrs lease commencing from 1826,01,11 to 15
TONG ENG BUILDING,CECIL STREET,Office,"1,389,000",462.85,"3,001",Dec-22,Strata,43,"32,302",999 yrs lease commencing from 1885,01,21 to 25
INTERNATIONAL PLAZA,ANSON ROAD,Office,"4,125,300","2,357.32","1,750",Nov-22,Strata,219,"18,837",99 yrs lease commencing from 1970,02,16 to 20
PARKLANE SHOPPING MALL,SELEGIE ROAD,Office,"350,000",204.52,"1,711",Nov-22,Strata,19,"18,421",99 yrs lease commencing from 1974,07,01 to 05
SPRINGLEAF TOWER,ANSON ROAD,Office,"27,392,100","10,742.47","2,550",Nov-22,Strata,998,"27,447",99 yrs lease commencing from 1996,02,31 to 35
THE CENTRAL,EU TONG SEN STREET,Office,"1,820,000",635.08,"2,866",Nov-22,Strata,59,"30,847",99 yrs lease commencing from 2001,01,06 to 10
MIDLAND HOUSE,MIDDLE ROAD,Office,"4,900,000","4,531.64","1,081",Nov-22,Strata,421,"11,639",99 yrs lease commencing from 1974,07,06 to 10
TONG ENG BUILDING,CECIL STREET,Office,"1,206,000",602.78,"2,001",Nov-22,Strata,56,"21,536",999 yrs lease commencing from 1885,01,16 to 20
ORCHARD SHOPPING CENTRE,ORCHARD ROAD,Office,"3,500,000",753.48,"4,645",Nov-22,Strata,70,"50,000",Freehold,09,06 to 10
PS100,PECK SEAH STREET,Office,"1,238,000",473.62,"2,614",Nov-22,Strata,44,"28,136",99 yrs lease commencing from 2011,02,06 to 10
VISION EXCHANGE,VENTURE DRIVE,Office,"1,038,000",516.67,"2,009",Nov-22,Strata,48,"21,625",99 yrs lease commencing from 2013,22,16 to 20
SHENTON HOUSE,SHENTON WAY,Office,"3,180,000","1,754.53","1,812",Nov-22,Strata,163,"19,509",99 yrs lease commencing from 1969,01,11 to 15
SOUTHBANK,NORTH BRIDGE ROAD,Office,"1,230,000",688.9,"1,785",Nov-22,Strata,64,"19,219",99 yrs lease commencing from 2006,07,01 to 05
TONG ENG BUILDING,CECIL STREET,Office,"2,100,000",602.78,"3,484",Nov-22,Strata,56,"37,500",999 yrs lease commencing from 1885,01,16 to 20
PENINSULA PLAZA,NORTH BRIDGE ROAD,Office,"2,588,000",376.74,"6,869",Nov-22,Strata,35,"73,943",999 yrs lease commencing from 1829,06,01 to 05
INTERNATIONAL PLAZA,ANSON ROAD,Office,"4,478,908","2,357.32","1,900",Nov-22,Strata,219,"20,452",99 yrs lease commencing from 1970,02,31 to 35
PS100,PECK SEAH STREET,Office,"1,310,000",516.67,"2,535",Nov-22,Strata,48,"27,292",99 yrs lease commencing from 2011,02,06 to 10
PS100,PECK SEAH STREET,Office,"1,200,000",473.62,"2,534",Nov-22,Strata,44,"27,273",99 yrs lease commencing from 2011,02,06 to 10
PAYA LEBAR SQUARE,PAYA LEBAR ROAD,Office,"2,950,000","1,442.38","2,045",Nov-22,Strata,134,"22,015",99 yrs lease commencing from 2011,14,06 to 10
CHINATOWN POINT,NEW BRIDGE ROAD,Office,"17,380,000","9,719.89","1,788",Nov-22,Strata,903,"19,247",99 yrs lease commencing from 1980,01,21 to 25
SPRINGLEAF TOWER,ANSON ROAD,Office,"53,924,840","21,484.94","2,510",Nov-22,Strata,"1,996","27,016",99 yrs lease commencing from 1996,02,26 to 30
VISION EXCHANGE,VENTURE DRIVE,Office,"1,284,120",516.67,"2,485",Nov-22,Strata,48,"26,753",99 yrs lease commencing from 2013,22,11 to 15
THE MODULES,JOO CHIAT ROAD,Office,"835,000",409.03,"2,041",Oct-22,Strata,38,"21,974",Freehold,15,01 to 05
SOUTHBANK,NORTH BRIDGE ROAD,Office,"1,070,000",602.78,"1,775",Oct-22,Strata,56,"19,107",99 yrs lease commencing from 2006,07,01 to 05
VISION EXCHANGE,VENTURE DRIVE,Office,"11,930,000","4,929.91","2,420",Oct-22,Strata,458,"26,048",99 yrs lease commencing from 2013,22,16 to 20
WOODS SQUARE,WOODLANDS SQUARE,Office,"1,330,136",645.84,"2,060",Oct-22,Strata,60,"22,169",99 yrs lease commencing from 2014,25,06 to 10
MANHATTAN HOUSE,CHIN SWEE ROAD,Office,"650,000",441.32,"1,473",Oct-22,Strata,41,"15,854",99 yrs lease commencing from 1969,03,01 to 05
WOODS SQUARE,WOODLANDS SQUARE,Office,"1,110,000",559.73,"1,983",Oct-22,Strata,52,"21,346",99 yrs lease commencing from 2014,25,06 to 10
PENINSULA PLAZA,NORTH BRIDGE ROAD,Office,"950,000",355.21,"2,674",Oct-22,Strata,33,"28,788",999 yrs lease commencing from 1829,06,01 to 05
INTERNATIONAL PLAZA,ANSON ROAD,Office,"1,036,000",473.62,"2,187",Oct-22,Strata,44,"23,545",99 yrs lease commencing from 1970,02,16 to 20
SUNSHINE PLAZA,BENCOOLEN STREET,Office,"888,000",516.67,"1,719",Oct-22,Strata,48,"18,500",99 yrs lease commencing from 1997,07,01 to 05
ICON@CHANGI,CHANGI ROAD,Office,"660,000",365.98,"1,803",Oct-22,Strata,34,"19,412",Freehold,14,01 to 05
PLUS,CECIL STREET,Office,"7,300,000","2,335.79","3,125",Oct-22,Strata,217,"33,641",99 yrs lease commencing from 1989,01,06 to 10
THE CENTRAL,EU TONG SEN STREET,Office,"2,389,080",925.7,"2,581",Oct-22,Strata,86,"27,780",99 yrs lease commencing from 2001,01,16 to 20
TEXTILE CENTRE,JALAN SULTAN,Office,"1,020,000",871.88,"1,170",Oct-22,Strata,81,"12,593",99 yrs lease commencing from 1970,07,01 to 05
WOODS SQUARE,WOODLANDS SQUARE,Office,"2,097,816","1,033.34","2,030",Oct-22,Strata,96,"21,852",99 yrs lease commencing from 2014,25,06 to 10
PENINSULA PLAZA,NORTH BRIDGE ROAD,Office,"1,080,000",441.32,"2,447",Oct-22,Strata,41,"26,341",999 yrs lease commencing from 1829,06,06 to 10
PARKLANE SHOPPING MALL,SELEGIE ROAD,Office,"760,000",441.32,"1,722",Oct-22,Strata,41,"18,537",99 yrs lease commencing from 1974,07,01 to 05
WOODS SQUARE,WOODLANDS SQUARE,Office,"2,250,888","1,130.22","1,992",Oct-22,Strata,105,"21,437",99 yrs lease commencing from 2014,25,06 to 10
PAYA LEBAR SQUARE,PAYA LEBAR ROAD,Office,"1,139,800",538.2,"2,118",Oct-22,Strata,50,"22,796",99 yrs lease commencing from 2011,14,06 to 10
WOODS SQUARE,WOODLANDS SQUARE,Office,"12,888,976","6,458.4","1,996",Oct-22,Strata,600,"21,482",99 yrs lease commencing from 2014,25,01 to 05
SOUTHPOINT,CANTONMENT ROAD,Office,"15,517,742","5,145.19","3,016",Oct-22,Strata,478,"32,464",Freehold,02,11 to 15
WOODS SQUARE,WOODLANDS SQUARE,Office,"3,112,888","1,603.84","1,941",Oct-22,Strata,149,"20,892",99 yrs lease commencing from 2014,25,06 to 10
WOODS SQUARE,WOODLANDS SQUARE,Office,"1,111,820",559.73,"1,986",Oct-22,Strata,52,"21,381",99 yrs lease commencing from 2014,25,06 to 10
PAYA LEBAR SQUARE,PAYA LEBAR ROAD,Office,"1,008,000",484.38,"2,081",Oct-22,Strata,45,"22,400",99 yrs lease commencing from 2011,14,06 to 10
15 SCOTTS,SCOTTS ROAD,Office,"49,000,000","13,734.86","3,568",Oct-22,Strata,"1,276","38,401",Freehold,09,01 to 05
PAYA LEBAR SQUARE,PAYA LEBAR ROAD,Office,"1,328,000",635.08,"2,091",Oct-22,Strata,59,"22,508",99 yrs lease commencing from 2011,14,01 to 05
KATONG PLAZA,BROOKE ROAD,Office,"980,000",344.45,"2,845",Oct-22,Strata,32,"30,625",9999 yrs lease commencing from 1980,15,01 to 05
SIMS AVENUE CENTRE,SIMS AVENUE,Office,"900,000",818.06,"1,100",Oct-22,Strata,76,"11,842",Freehold,14,01 to 05
CHINATOWN POINT,NEW BRIDGE ROAD,Office,"1,780,000","1,054.87","1,687",Oct-22,Strata,98,"18,163",99 yrs lease commencing from 1980,01,06 to 10
CENTROPOD @ CHANGI,CHANGI ROAD,Office,"788,000",484.38,"1,627",Oct-22,Strata,45,"17,511",Freehold,14,01 to 05
ORCHARD TOWERS,ORCHARD ROAD,Office,"2,050,000",958,"2,140",Oct-22,Strata,89,"23,034",Freehold,09,06 to 10
HIGH STREET PLAZA,HIGH STREET,Office,"910,000",376.74,"2,415",Oct-22,Strata,35,"26,000",999 yrs lease commencing from 1827,06,01 to 05
CITY PLAZA,GEYLANG ROAD,Office,"950,000",215.28,"4,413",Oct-22,Strata,20,"47,500",Freehold,14,01 to 05
PAYA LEBAR SQUARE,PAYA LEBAR ROAD,Office,"1,080,000",505.91,"2,135",Oct-22,Strata,47,"22,979",99 yrs lease commencing from 2011,14,01 to 05
INTERNATIONAL PLAZA,ANSON ROAD,Office,"2,550,000","1,313.21","1,942",Oct-22,Strata,122,"20,902",99 yrs lease commencing from 1970,02,21 to 25
PLUS,CECIL STREET,Office,"3,623,400","1,097.93","3,300",Oct-22,Strata,102,"35,524",99 yrs lease commencing from 1989,01,21 to 25
HAVELOCK2,HAVELOCK ROAD,Office,"1,157,700",516.67,"2,241",Oct-22,Strata,48,"24,119",99 yrs lease commencing from 1983,01,01 to 05
THE CENTRAL,EU TONG SEN STREET,Office,"1,400,000",635.08,"2,204",Oct-22,Strata,59,"23,729",99 yrs lease commencing from 2001,01,01 to 05
THE PLAZA,BEACH ROAD,Office,"535,000",387.5,"1,381",Oct-22,Strata,36,"14,861",99 yrs lease commencing from 1968,07,01 to 05
ALEXANDRA CENTRAL,ALEXANDRA ROAD,Office,"650,000",161.46,"4,026",Sep-22,Strata,15,"43,333",99 yrs lease commencing from 2012,03,01 to 05
CHINATOWN POINT,NEW BRIDGE ROAD,Office,"4,474,800","2,486.48","1,800",Sep-22,Strata,231,"19,371",99 yrs lease commencing from 1980,01,21 to 25
CHINATOWN POINT,NEW BRIDGE ROAD,Office,"4,320,000","2,400.37","1,800",Sep-22,Strata,223,"19,372",99 yrs lease commencing from 1980,01,21 to 25
ROCCA BALESTIER,BALESTIER ROAD,Office,"650,000",409.03,"1,589",Sep-22,Strata,38,"17,105",Freehold,12,01 to 05
SUNTEC TOWER ONE,TEMASEK BOULEVARD,Office,"39,700,000","10,311.91","3,850",Sep-22,Strata,958,"41,441",99 yrs lease commencing from 1989,01,41 to 45
PAYA LEBAR SQUARE,PAYA LEBAR ROAD,Office,"1,115,000",538.2,"2,072",Sep-22,Strata,50,"22,300",99 yrs lease commencing from 2011,14,11 to 15
GEYLANG CONSERVATION AREA,GEYLANG ROAD,Office,"2,050,000","1,915.99","1,070",Sep-22,Strata,178,"11,517",Freehold,14,-
GEYLANG CONSERVATION AREA,GEYLANG ROAD,Office,"1,700,000","1,679.18","1,012",Sep-22,Strata,156,"10,897",Freehold,14,-
CHINATOWN POINT,NEW BRIDGE ROAD,Office,"4,474,800","2,486.48","1,800",Sep-22,Strata,231,"19,371",99 yrs lease commencing from 1980,01,21 to 25
WOODS SQUARE,WOODLANDS SQUARE,Office,"2,234,880","1,151.75","1,940",Sep-22,Strata,107,"20,887",99 yrs lease commencing from 2014,25,01 to 05
HOA NAM BUILDING,FOCH ROAD,Office,"920,000",462.85,"1,988",Sep-22,Strata,43,"21,395",Freehold,08,01 to 05
HOA NAM BUILDING,FOCH ROAD,Office,"620,000",258.34,"2,400",Sep-22,Strata,24,"25,833",Freehold,08,01 to 05
HAVELOCK2,HAVELOCK ROAD,Office,"1,200,000",635.08,"1,890",Sep-22,Strata,59,"20,339",99 yrs lease commencing from 1983,01,06 to 10
FENG MING BUILDING,JALAN BESAR,Office,"9,500,000","1,111.92","8,544",Sep-22,Land,103.3,"91,965",999 yrs lease commencing from 1919,08,-
THE CENTRAL,EU TONG SEN STREET,Office,"1,650,000",645.84,"2,555",Sep-22,Strata,60,"27,500",99 yrs lease commencing from 2001,01,11 to 15
PS100,PECK SEAH STREET,Office,"1,050,000",419.8,"2,501",Sep-22,Strata,39,"26,923",99 yrs lease commencing from 2011,02,06 to 10
PAYA LEBAR SQUARE,PAYA LEBAR ROAD,Office,"1,108,000",505.91,"2,190",Sep-22,Strata,47,"23,574",99 yrs lease commencing from 2011,14,01 to 05
VISION EXCHANGE,VENTURE DRIVE,Office,"1,075,000",516.67,"2,081",Sep-22,Strata,48,"22,396",99 yrs lease commencing from 2013,22,11 to 15
VISION EXCHANGE,VENTURE DRIVE,Office,"1,415,000",839.59,"1,685",Sep-22,Strata,78,"18,141",99 yrs lease commencing from 2013,22,06 to 10
VISION EXCHANGE,VENTURE DRIVE,Office,"1,835,000","1,097.93","1,671",Sep-22,Strata,102,"17,990",99 yrs lease commencing from 2013,22,06 to 10
CONCORDE SHOPPING CENTRE,OUTRAM ROAD,Office,"300,000",215.28,"1,394",Sep-22,Strata,20,"15,000",99 yrs lease commencing from 1980,03,01 to 05
EASTGATE,EAST COAST ROAD,Office,"2,000,000","1,162.51","1,720",Sep-22,Strata,108,"18,519",Freehold,15,06 to 10
UNITED HOUSE,KRAMAT LANE,Office,"1,390,000",516.67,"2,690",Sep-22,Strata,48,"28,958",Freehold,09,01 to 05
CHINATOWN POINT,NEW BRIDGE ROAD,Office,"2,000,000","1,054.87","1,896",Sep-22,Strata,98,"20,408",99 yrs lease commencing from 1980,01,11 to 15
PLUS,CECIL STREET,Office,"2,270,000",785.77,"2,889",Sep-22,Strata,73,"31,096",99 yrs lease commencing from 1989,01,06 to 10
THE COMMERZE@IRVING,IRVING PLACE,Office,"500,000",333.68,"1,498",Sep-22,Strata,31,"16,129",60 yrs lease commencing from 2011,13,01 to 05
THE PLAZA,BEACH ROAD,Office,"1,120,000",699.66,"1,601",Sep-22,Strata,65,"17,231",99 yrs lease commencing from 1968,07,06 to 10
PAYA LEBAR SQUARE,PAYA LEBAR ROAD,Office,"1,168,000",548.96,"2,128",Sep-22,Strata,51,"22,902",99 yrs lease commencing from 2011,14,06 to 10
INTERNATIONAL PLAZA,ANSON ROAD,Office,"1,850,000",936.47,"1,976",Sep-22,Strata,87,"21,264",99 yrs lease commencing from 1970,02,31 to 35
PAYA LEBAR SQUARE,PAYA LEBAR ROAD,Office,"2,100,000","1,130.22","1,858",Sep-22,Strata,105,"20,000",99 yrs lease commencing from 2011,14,06 to 10
TEXTILE CENTRE,JALAN SULTAN,Office,"1,144,640","1,022.58","1,119",Sep-22,Strata,95,"12,049",99 yrs lease commencing from 1970,07,01 to 05
PRUDENTIAL TOWER,CECIL STREET,Office,"4,760,486","1,399.32","3,402",Aug-22,Strata,130,"36,619",99 yrs lease commencing from 1996,01,21 to 25
INTERNATIONAL PLAZA,ANSON ROAD,Office,"2,649,246","1,367.03","1,938",Aug-22,Strata,127,"20,860",99 yrs lease commencing from 1970,02,16 to 20
KENSINGTON SQUARE,JALAN LOKAM,Office,"600,000",236.81,"2,534",Aug-22,Strata,22,"27,273",Freehold,19,01 to 05
CENTROPOD @ CHANGI,CHANGI ROAD,Office,"350,000",139.93,"2,501",Aug-22,Strata,13,"26,923",Freehold,14,01 to 05
THE ADELPHI,COLEMAN STREET,Office,"11,316,000","4,208.72","2,689",Aug-22,Strata,391,"28,941",999 yrs lease commencing from 1828,06,06 to 10
111 SOMERSET,SOMERSET ROAD,Office,"2,600,000",925.7,"2,809",Aug-22,Strata,86,"30,233",99 yrs lease commencing from 1975,09,06 to 10
SUNTEC TOWER ONE,TEMASEK BOULEVARD,Office,"11,691,000","3,896.57","3,000",Aug-22,Strata,362,"32,296",99 yrs lease commencing from 1989,01,16 to 20
THE CENTRAL,EU TONG SEN STREET,Office,"1,510,000",581.26,"2,598",Aug-22,Strata,54,"27,963",99 yrs lease commencing from 2001,01,11 to 15
SBF CENTER,ROBINSON ROAD,Office,"2,020,000",624.31,"3,236",Aug-22,Strata,58,"34,828",99 yrs lease commencing from 2011,01,16 to 20
PS100,PECK SEAH STREET,Office,"1,250,000",473.62,"2,639",Aug-22,Strata,44,"28,409",99 yrs lease commencing from 2011,02,11 to 15
SOHO LIFE,JOO CHIAT ROAD,Office,"555,000",344.45,"1,611",Aug-22,Strata,32,"17,344",Freehold,15,01 to 05
PLUS,CECIL STREET,Office,"2,217,000",785.77,"2,821",Aug-22,Strata,73,"30,370",99 yrs lease commencing from 1989,01,01 to 05
SUNTEC TOWER TWO,TEMASEK BOULEVARD,Office,"41,148,050","12,281.72","3,350",Aug-22,Strata,"1,141","36,063",99 yrs lease commencing from 1989,01,31 to 35
SOHO LIFE,JOO CHIAT ROAD,Office,"680,000",409.03,"1,662",Aug-22,Strata,38,"17,895",Freehold,15,01 to 05
PLUS,CECIL STREET,Office,"7,166,000","2,271.2","3,155",Aug-22,Strata,211,"33,962",99 yrs lease commencing from 1989,01,06 to 10
SBF CENTER,ROBINSON ROAD,Office,"2,210,000",678.13,"3,259",Aug-22,Strata,63,"35,079",99 yrs lease commencing from 2011,01,21 to 25
VISION EXCHANGE,VENTURE DRIVE,Office,"1,398,000",839.59,"1,665",Aug-22,Strata,78,"17,923",99 yrs lease commencing from 2013,22,06 to 10
SUNTEC TOWER THREE,TEMASEK BOULEVARD,Office,"7,942,400","2,335.79","3,400",Aug-22,Strata,217,"36,601",99 yrs lease commencing from 1989,01,36 to 40
PLUS,CECIL STREET,Office,"6,735,000","2,368.08","2,844",Aug-22,Strata,220,"30,614",99 yrs lease commencing from 1989,01,01 to 05
SUNTEC TOWER ONE,TEMASEK BOULEVARD,Office,"13,439,880","4,036.5","3,330",Aug-22,Strata,375,"35,840",99 yrs lease commencing from 1989,01,26 to 30
WOODS SQUARE,WOODLANDS SQUARE,Office,"1,094,266",559.73,"1,955",Aug-22,Strata,52,"21,044",99 yrs lease commencing from 2014,25,01 to 05
VISION EXCHANGE,VENTURE DRIVE,Office,"18,082,000","7,868.48","2,298",Aug-22,Strata,731,"24,736",99 yrs lease commencing from 2013,22,16 to 20
SOUTHBANK,NORTH BRIDGE ROAD,Office,"1,080,000",527.44,"2,048",Aug-22,Strata,49,"22,041",99 yrs lease commencing from 2006,07,06 to 10
SUNTEC TOWER TWO,TEMASEK BOULEVARD,Office,"10,438,000","2,927.81","3,565",Aug-22,Strata,272,"38,375",99 yrs lease commencing from 1989,01,36 to 40
INTERNATIONAL PLAZA,ANSON ROAD,Office,"1,042,000",473.62,"2,200",Aug-22,Strata,44,"23,682",99 yrs lease commencing from 1970,02,11 to 15
PLUS,CECIL STREET,Office,"10,513,000","3,552.12","2,960",Jul-22,Strata,330,"31,858",99 yrs lease commencing from 1989,01,01 to 05
N.A.,SOUTH BRIDGE ROAD,Office,"9,000,000","1,533.87","5,868",Jul-22,Land,142.5,"63,158",99 yrs lease commencing from 1951,01,-
THE SUNFLOWER,GEYLANG ROAD,Office,"790,000",602.78,"1,311",Jul-22,Strata,56,"14,107",Freehold,14,01 to 05
SAMSUNG HUB,CHURCH STREET,Office,"53,099,550","13,110.55","4,050",Jul-22,Strata,"1,218","43,596",999 yrs lease commencing from 1827,01,06 to 10
SBF CENTER,ROBINSON ROAD,Office,"2,640,000",753.48,"3,504",Jul-22,Strata,70,"37,714",99 yrs lease commencing from 2011,01,26 to 30
THE CENTRAL,EU TONG SEN STREET,Office,"1,568,000",635.08,"2,469",Jul-22,Strata,59,"26,576",99 yrs lease commencing from 2001,01,06 to 10
GIFFARD MANSIONS,BALESTIER ROAD,Office,"696,000",505.91,"1,376",Jul-22,Strata,47,"14,809",Freehold,12,01 to 05
SOUTHBANK,NORTH BRIDGE ROAD,Office,"938,000",462.85,"2,027",Jul-22,Strata,43,"21,814",99 yrs lease commencing from 2006,07,06 to 10
PAYA LEBAR SQUARE,PAYA LEBAR ROAD,Office,"960,000",484.38,"1,982",Jul-22,Strata,45,"21,333",99 yrs lease commencing from 2011,14,06 to 10
PEOPLE'S PARK COMPLEX,PARK ROAD,Office,"550,000",161.46,"3,406",Jul-22,Strata,15,"36,667",99 yrs lease commencing from 1968,01,01 to 05
THE MODULES,JOO CHIAT ROAD,Office,"880,000",473.62,"1,858",Jul-22,Strata,44,"20,000",Freehold,15,01 to 05
PLUS,CECIL STREET,Office,"4,449,000","1,323.97","3,360",Jul-22,Strata,123,"36,171",99 yrs lease commencing from 1989,01,21 to 25
ARC 380,JALAN BESAR,Office,"1,740,000",699.66,"2,487",Jul-22,Strata,65,"26,769",Freehold,08,06 to 10
HAVELOCK2,HAVELOCK ROAD,Office,"2,580,000","1,603.84","1,609",Jul-22,Strata,149,"17,315",99 yrs lease commencing from 1983,01,01 to 05
PEOPLE'S PARK COMPLEX,PARK ROAD,Office,"480,000",161.46,"2,973",Jul-22,Strata,15,"32,000",99 yrs lease commencing from 1968,01,01 to 05
15 SCOTTS,SCOTTS ROAD,Office,"8,628,214","2,163.56","3,988",Jul-22,Strata,201,"42,926",Freehold,09,06 to 10
MMI BUILDING,SOUTH BRIDGE ROAD,Office,"39,000,000","2,325.02","16,774",Jul-22,Land,216,"180,556",Freehold,01,-
HAVELOCK2,HAVELOCK ROAD,Office,"1,166,000",624.31,"1,868",Jul-22,Strata,58,"20,103",99 yrs lease commencing from 1983,01,06 to 10
BURLINGTON SQUARE,BENCOOLEN STREET,Office,"1,190,000",699.66,"1,701",Jul-22,Strata,65,"18,308",99 yrs lease commencing from 1996,07,06 to 10
PARKLANE SHOPPING MALL,SELEGIE ROAD,Office,"850,000",667.37,"1,274",Jul-22,Strata,62,"13,710",99 yrs lease commencing from 1974,07,06 to 10
THE PLAZA,BEACH ROAD,Office,"900,000",548.96,"1,639",Jul-22,Strata,51,"17,647",99 yrs lease commencing from 1968,07,11 to 15
THE ADELPHI,COLEMAN STREET,Office,"5,500,000","2,034.4","2,704",Jul-22,Strata,189,"29,101",999 yrs lease commencing from 1828,06,06 to 10
PLUS,CECIL STREET,Office,"3,688,830","1,227.1","3,006",Jul-22,Strata,114,"32,358",99 yrs lease commencing from 1989,01,06 to 10
PLUS,CECIL STREET,Office,"3,141,170","1,044.11","3,008",Jul-22,Strata,97,"32,383",99 yrs lease commencing from 1989,01,06 to 10
HIGH STREET PLAZA,HIGH STREET,Office,"836,356",398.27,"2,100",Jul-22,Strata,37,"22,604",999 yrs lease commencing from 1827,06,06 to 10
INTERNATIONAL PLAZA,ANSON ROAD,Office,"1,356,000",678.13,"2,000",Jul-22,Strata,63,"21,524",99 yrs lease commencing from 1970,02,26 to 30
CENTRIUM SQUARE,SERANGOON ROAD,Office,"2,750,000",990.29,"2,777",Jul-22,Strata,92,"29,891",Freehold,08,11 to 15
THE CENTRAL,EU TONG SEN STREET,Office,"1,820,000",645.84,"2,818",Jul-22,Strata,60,"30,333",99 yrs lease commencing from 2001,01,21 to 25
STUDIO8,JALAN AYER,Office,"660,000",365.98,"1,803",Jul-22,Strata,34,"19,412",Freehold,14,01 to 05
THE CENTRAL,EU TONG SEN STREET,Office,"2,398,000",861.12,"2,785",Jul-22,Strata,80,"29,975",99 yrs lease commencing from 2001,01,16 to 20
THE CENTRAL,EU TONG SEN STREET,Office,"1,776,500",635.08,"2,797",Jul-22,Strata,59,"30,110",99 yrs lease commencing from 2001,01,16 to 20
TEXTILE CENTRE,JALAN SULTAN,Office,"1,350,000","1,065.64","1,267",Jun-22,Strata,99,"13,636",99 yrs lease commencing from 1970,07,01 to 05
TAHIR BUILDING,ROBINSON ROAD,Office,"2,070,000",645.84,"3,205",Jun-22,Strata,60,"34,500",Freehold,01,06 to 10
THE CENTRAL,EU TONG SEN STREET,Office,"1,650,000",645.84,"2,555",Jun-22,Strata,60,"27,500",99 yrs lease commencing from 2001,01,16 to 20
PEOPLE'S PARK COMPLEX,PARK ROAD,Office,"1,800,000",602.78,"2,986",Jun-22,Strata,56,"32,143",99 yrs lease commencing from 1968,01,01 to 05
THE PLAZA,BEACH ROAD,Office,"1,027,000",678.13,"1,514",Jun-22,Strata,63,"16,302",99 yrs lease commencing from 1968,07,01 to 05
THE PLAZA,BEACH ROAD,Office,"510,000",312.16,"1,634",Jun-22,Strata,29,"17,586",99 yrs lease commencing from 1968,07,01 to 05
PAYA LEBAR SQUARE,PAYA LEBAR ROAD,Office,"880,000",505.91,"1,739",Jun-22,Strata,47,"18,723",99 yrs lease commencing from 2011,14,06 to 10
THE CENTRAL,EU TONG SEN STREET,Office,"1,488,000",635.08,"2,343",Jun-22,Strata,59,"25,220",99 yrs lease commencing from 2001,01,06 to 10
VISION EXCHANGE,VENTURE DRIVE,Office,"2,805,000","1,313.21","2,136",Jun-22,Strata,122,"22,992",99 yrs lease commencing from 2013,22,06 to 10
THE CENTRAL,EU TONG SEN STREET,Office,"2,913,900",882.65,"3,301",Jun-22,Strata,82,"35,535",99 yrs lease commencing from 2001,01,16 to 20
WIS@CHANGI,CHANGI ROAD,Office,"850,000",699.66,"1,215",Jun-22,Strata,65,"13,077",Freehold,14,01 to 05
BUKIT TIMAH SHOPPING CENTRE,UPPER BUKIT TIMAH ROAD,Office,"1,900,000","1,248.62","1,522",Jun-22,Strata,116,"16,379",999 yrs lease commencing from 1883,21,16 to 20
SOHO LIFE,JOO CHIAT ROAD,Office,"550,000",355.21,"1,548",Jun-22,Strata,33,"16,667",Freehold,15,01 to 05
MANHATTAN HOUSE,CHIN SWEE ROAD,Office,"650,000",527.44,"1,232",Jun-22,Strata,49,"13,265",99 yrs lease commencing from 1969,03,11 to 15
MANHATTAN HOUSE,CHIN SWEE ROAD,Office,"550,000",441.32,"1,246",Jun-22,Strata,41,"13,415",99 yrs lease commencing from 1969,03,11 to 15
SOHO LIFE,JOO CHIAT ROAD,Office,"650,000",398.27,"1,632",Jun-22,Strata,37,"17,568",Freehold,15,01 to 05
PAYA LEBAR SQUARE,PAYA LEBAR ROAD,Office,"1,000,000",484.38,"2,064",Jun-22,Strata,45,"22,222",99 yrs lease commencing from 2011,14,11 to 15
WOODS SQUARE,WOODLANDS SQUARE,Office,"1,820,520",936.47,"1,944",Jun-22,Strata,87,"20,926",99 yrs lease commencing from 2014,25,06 to 10
BUKIT TIMAH SHOPPING CENTRE,UPPER BUKIT TIMAH ROAD,Office,"762,500",182.99,"4,167",Jun-22,Strata,17,"44,853",999 yrs lease commencing from 1883,21,01 to 05
PAYA LEBAR SQUARE,PAYA LEBAR ROAD,Office,"4,361,700","2,077.45","2,100",Jun-22,Strata,193,"22,599",99 yrs lease commencing from 2011,14,06 to 10
SUNSHINE PLAZA,BENCOOLEN STREET,Office,"1,440,000",850.36,"1,693",Jun-22,Strata,79,"18,228",99 yrs lease commencing from 1997,07,01 to 05
WOODS SQUARE,WOODLANDS SQUARE,Office,"2,175,424","1,044.11","2,084",Jun-22,Strata,97,"22,427",99 yrs lease commencing from 2014,25,06 to 10
NEHSONS BUILDING,PECK SEAH STREET,Office,"111,100,000","13,818.82","8,040",Jun-22,Land,"1,283.8","86,540",99 yrs lease commencing from 1970,02,-
THE MODULES,JOO CHIAT ROAD,Office,"1,520,000",839.59,"1,810",Jun-22,Strata,78,"19,487",Freehold,15,01 to 05
CORONATION SHOPPING PLAZA,BUKIT TIMAH ROAD,Office,"1,130,000",269.1,"4,199",Jun-22,Strata,25,"45,200",Freehold,10,01 to 05
HIGH STREET PLAZA,HIGH STREET,Office,"271,250",129.17,"2,100",Jun-22,Strata,12,"22,604",999 yrs lease commencing from 1827,06,06 to 10
WOODS SQUARE,WOODLANDS SQUARE,Office,"1,239,000",645.84,"1,918",Jun-22,Strata,60,"20,650",99 yrs lease commencing from 2014,25,01 to 05
ICON@CHANGI,CHANGI ROAD,Office,"605,000",333.68,"1,813",Jun-22,Strata,31,"19,516",Freehold,14,01 to 05
REGENCY SUITES,KIM TIAN ROAD,Office,"1,200,000",592.02,"2,027",Jun-22,Strata,55,"21,818",Freehold,03,01 to 05
THE CENTRAL,EU TONG SEN STREET,Office,"1,338,000",635.08,"2,107",Jun-22,Strata,59,"22,678",99 yrs lease commencing from 2001,01,01 to 05
PENINSULA PLAZA,NORTH BRIDGE ROAD,Office,"1,560,000",656.6,"2,376",Jun-22,Strata,61,"25,574",999 yrs lease commencing from 1829,06,06 to 10
PAYA LEBAR SQUARE,PAYA LEBAR ROAD,Office,"1,100,000",516.67,"2,129",Jun-22,Strata,48,"22,917",99 yrs lease commencing from 2011,14,11 to 15
CENTROPOD @ CHANGI,CHANGI ROAD,Office,"1,129,600",764.24,"1,478",Jun-22,Strata,71,"15,910",Freehold,14,01 to 05
CENTROPOD @ CHANGI,CHANGI ROAD,Office,"1,098,200",645.84,"1,700",Jun-22,Strata,60,"18,303",Freehold,14,01 to 05
LOFT @ NATHAN,RIVER VALLEY ROAD,Office,"1,350,000",516.67,"2,613",Jun-22,Strata,48,"28,125",Freehold,10,01 to 05
PARKLANE SHOPPING MALL,SELEGIE ROAD,Office,"780,000",699.66,"1,115",May-22,Strata,65,"12,000",99 yrs lease commencing from 1974,07,06 to 10
THE CENTRAL,EU TONG SEN STREET,Office,"1,680,000",645.84,"2,601",May-22,Strata,60,"28,000",99 yrs lease commencing from 2001,01,21 to 25
VISION EXCHANGE,VENTURE DRIVE,Office,"1,250,000",764.24,"1,636",May-22,Strata,71,"17,606",99 yrs lease commencing from 2013,22,06 to 10
CHINATOWN POINT,NEW BRIDGE ROAD,Office,"4,600,000","2,346.55","1,960",May-22,Strata,218,"21,101",99 yrs lease commencing from 1980,01,16 to 20
THE CENTRAL,EU TONG SEN STREET,Office,"3,404,800","1,216.33","2,799",May-22,Strata,113,"30,131",99 yrs lease commencing from 2001,01,21 to 25
SOUTHBANK,NORTH BRIDGE ROAD,Office,"1,110,000",602.78,"1,841",May-22,Strata,56,"19,821",99 yrs lease commencing from 2006,07,01 to 05
PEOPLE'S PARK COMPLEX,PARK ROAD,Office,"828,000",484.38,"1,709",May-22,Strata,45,"18,400",99 yrs lease commencing from 1968,01,01 to 05
WOODS SQUARE,WOODLANDS SQUARE,Office,"1,111,315",559.73,"1,985",May-22,Strata,52,"21,371",99 yrs lease commencing from 2014,25,01 to 05
TEXTILE CENTRE,JALAN SULTAN,Office,"911,888",914.94,997,May-22,Strata,85,"10,728",99 yrs lease commencing from 1970,07,06 to 10
TEXTILE CENTRE,JALAN SULTAN,Office,"918,000",807.3,"1,137",May-22,Strata,75,"12,240",99 yrs lease commencing from 1970,07,01 to 05
HIGH STREET PLAZA,HIGH STREET,Office,"360,000",139.93,"2,573",May-22,Strata,13,"27,692",999 yrs lease commencing from 1827,06,06 to 10
SIM LIM SQUARE,ROCHOR CANAL ROAD,Office,"1,280,000",355.21,"3,603",May-22,Strata,33,"38,788",99 yrs lease commencing from 1983,07,01 to 05
PS100,PECK SEAH STREET,Office,"1,320,000",516.67,"2,555",May-22,Strata,48,"27,500",99 yrs lease commencing from 2011,02,06 to 10
EON SHENTON,SHENTON WAY,Office,"4,100,000","1,765.3","2,323",May-22,Strata,164,"25,000",99 yrs lease commencing from 2011,02,06 to 10
CHIAT HONG BUILDING,MIDDLE ROAD,Office,"3,700,000","3,584.41","1,032",May-22,Strata,333,"11,111",99 yrs lease commencing from 1974,07,01 to 05
CHIAT HONG BUILDING,MIDDLE ROAD,Office,"4,018,692","3,584.41","1,121",May-22,Strata,333,"12,068",99 yrs lease commencing from 1974,07,06 to 10
N.A.,JOO CHIAT ROAD,Office,"3,300,000","3,961.15",833,May-22,Strata,368,"8,967",99 yrs lease commencing from 1995,15,01 to 05
MANHATTAN HOUSE,CHIN SWEE ROAD,Office,"523,000",398.27,"1,313",May-22,Strata,37,"14,135",99 yrs lease commencing from 1969,03,11 to 15
BEAUTY WORLD CENTRE,UPPER BUKIT TIMAH ROAD,Office,"890,000",376.74,"2,362",Apr-22,Strata,35,"25,429",99 yrs lease commencing from 1979,21,01 to 05
WIS@CHANGI,CHANGI ROAD,Office,"613,000",484.38,"1,266",Apr-22,Strata,45,"13,622",Freehold,14,01 to 05
HIGH STREET CENTRE,NORTH BRIDGE ROAD,Office,"628,888",376.74,"1,669",Apr-22,Strata,35,"17,968",99 yrs lease commencing from 1969,06,01 to 05
VISION EXCHANGE,VENTURE DRIVE,Office,"1,200,000",764.24,"1,570",Apr-22,Strata,71,"16,901",99 yrs lease commencing from 2013,22,06 to 10
TEXTILE CENTRE,JALAN SULTAN,Office,"700,000",602.78,"1,161",Apr-22,Strata,56,"12,500",99 yrs lease commencing from 1970,07,01 to 05
SUNTEC TOWER TWO,TEMASEK BOULEVARD,Office,"9,176,310","3,336.84","2,750",Apr-22,Strata,310,"29,601",99 yrs lease commencing from 1989,01,16 to 20
CONCORDE SHOPPING CENTRE,OUTRAM ROAD,Office,"360,000",226.04,"1,593",Apr-22,Strata,21,"17,143",99 yrs lease commencing from 1980,03,B1 to B5
PAYA LEBAR SQUARE,PAYA LEBAR ROAD,Office,"1,045,000",516.67,"2,023",Apr-22,Strata,48,"21,771",99 yrs lease commencing from 2011,14,01 to 05
SUNTEC TOWER ONE,TEMASEK BOULEVARD,Office,"13,346,320","4,068.79","3,280",Apr-22,Strata,378,"35,308",99 yrs lease commencing from 1989,01,26 to 30
HAVELOCK2,HAVELOCK ROAD,Office,"1,040,000",635.08,"1,638",Apr-22,Strata,59,"17,627",99 yrs lease commencing from 1983,01,01 to 05
THE CENTRAL,EU TONG SEN STREET,Office,"2,750,000",882.65,"3,116",Apr-22,Strata,82,"33,537",99 yrs lease commencing from 2001,01,16 to 20
HIGH STREET CENTRE,NORTH BRIDGE ROAD,Office,"1,650,000",785.77,"2,100",Apr-22,Strata,73,"22,603",99 yrs lease commencing from 1969,06,11 to 15
PLUS,CECIL STREET,Office,"7,983,040","2,626.42","3,040",Apr-22,Strata,244,"32,717",99 yrs lease commencing from 1989,01,06 to 10
HIGHLAND CENTRE,YIO CHU KANG ROAD,Office,"840,000",656.6,"1,279",Apr-22,Strata,61,"13,770",Freehold,19,01 to 05
KATONG SHOPPING CENTRE,MOUNTBATTEN ROAD,Office,"800,000",355.21,"2,252",Apr-22,Strata,33,"24,242",Freehold,15,01 to 05
SUNTEC TOWER ONE,TEMASEK BOULEVARD,Office,"4,511,100","1,367.03","3,300",Apr-22,Strata,127,"35,520",99 yrs lease commencing from 1989,01,16 to 20
MERCHANTS BUILDING,SOUTH BRIDGE ROAD,Office,"20,400,000","5,435.82","3,753",Apr-22,Strata,505,"40,396",Freehold,01,06 to 10
ROCCA BALESTIER,BALESTIER ROAD,Office,"460,000",215.28,"2,137",Apr-22,Strata,20,"23,000",Freehold,12,01 to 05
HIGH STREET CENTRE,NORTH BRIDGE ROAD,Office,"1,180,000",548.96,"2,150",Apr-22,Strata,51,"23,137",99 yrs lease commencing from 1969,06,21 to 25
VISION EXCHANGE,VENTURE DRIVE,Office,"2,038,000","1,033.34","1,972",Apr-22,Strata,96,"21,229",99 yrs lease commencing from 2013,22,06 to 10
PENINSULA PLAZA,NORTH BRIDGE ROAD,Office,"1,160,800",495.14,"2,344",Apr-22,Strata,46,"25,235",999 yrs lease commencing from 1829,06,06 to 10
CENTROPOD @ CHANGI,CHANGI ROAD,Office,"865,000",624.31,"1,386",Apr-22,Strata,58,"14,914",Freehold,14,01 to 05
ARC 380,JALAN BESAR,Office,"1,880,000",753.48,"2,495",Apr-22,Strata,70,"26,857",Freehold,08,06 to 10
15 SCOTTS,SCOTTS ROAD,Office,"3,600,000",925.7,"3,889",Apr-22,Strata,86,"41,860",Freehold,09,06 to 10
SUNTEC TOWER THREE,TEMASEK BOULEVARD,Office,"11,000,000","3,498.3","3,144",Apr-22,Strata,325,"33,846",99 yrs lease commencing from 1989,01,21 to 25
PLUS,CECIL STREET,Office,"3,886,670","1,270.15","3,060",Apr-22,Strata,118,"32,938",99 yrs lease commencing from 1989,01,06 to 10
PENINSULA SHOPPING COMPLEX,COLEMAN STREET,Office,"605,000",322.92,"1,874",Apr-22,Strata,30,"20,167",999 yrs lease commencing from 1828,06,01 to 05
ORCHARD TOWERS,ORCHARD ROAD,Office,"2,130,000",958,"2,223",Apr-22,Strata,89,"23,933",Freehold,09,06 to 10
FORTUNE CENTRE,MIDDLE ROAD,Office,"3,015,000","2,217.38","1,360",Apr-22,Strata,206,"14,636",99 yrs lease commencing from 1980,07,11 to 15
SBF CENTER,ROBINSON ROAD,Office,"1,920,000",592.02,"3,243",Apr-22,Strata,55,"34,909",99 yrs lease commencing from 2011,01,16 to 20
PARKWAY PARADE,MARINE PARADE ROAD,Office,"1,694,580",925.7,"1,831",Apr-22,Strata,86,"19,704",99 yrs lease commencing from 1979,15,06 to 10
THE MODULES,JOO CHIAT ROAD,Office,"868,000",495.14,"1,753",Apr-22,Strata,46,"18,870",Freehold,15,01 to 05
CONNEXION,FARRER PARK STATION ROAD,Office,"3,830,000",839.59,"4,562",Apr-22,Strata,78,"49,103",99 yrs lease commencing from 2007,08,06 to 10
PENINSULA PLAZA,NORTH BRIDGE ROAD,Office,"6,080,000","1,227.1","4,955",Mar-22,Strata,114,"53,333",999 yrs lease commencing from 1829,06,01 to 05
INTERNATIONAL PLAZA,ANSON ROAD,Office,"3,050,000","1,453.14","2,099",Mar-22,Strata,135,"22,593",99 yrs lease commencing from 1970,02,16 to 20
SIM LIM TOWER,JALAN BESAR,Office,"888,000",365.98,"2,426",Mar-22,Strata,34,"26,118",Freehold,08,B1 to B5
SIM LIM TOWER,JALAN BESAR,Office,"888,000",344.45,"2,578",Mar-22,Strata,32,"27,750",Freehold,08,B1 to B5
SBF CENTER,ROBINSON ROAD,Office,"2,134,400",667.37,"3,198",Mar-22,Strata,62,"34,426",99 yrs lease commencing from 2011,01,21 to 25
BYLANDS BUILDING,MIDDLE ROAD,Office,"420,000",247.57,"1,696",Mar-22,Strata,23,"18,261",99 yrs lease commencing from 1978,07,01 to 05
PENINSULA SHOPPING COMPLEX,COLEMAN STREET,Office,"690,000",344.45,"2,003",Mar-22,Strata,32,"21,563",999 yrs lease commencing from 1828,06,01 to 05
FUYUEN COURT,SIMS AVENUE,Office,"1,680,000",828.83,"2,027",Mar-22,Strata,77,"21,818",Freehold,14,01 to 05
CHINATOWN POINT,NEW BRIDGE ROAD,Office,"1,790,000","1,054.87","1,697",Mar-22,Strata,98,"18,265",99 yrs lease commencing from 1980,01,16 to 20
PAYA LEBAR SQUARE,PAYA LEBAR ROAD,Office,"2,980,000","1,388.56","2,146",Mar-22,Strata,129,"23,101",99 yrs lease commencing from 2011,14,11 to 15
GOLDEN MILE COMPLEX,BEACH ROAD,Office,"315,000",204.52,"1,540",Mar-22,Strata,19,"16,579",99 yrs lease commencing from 1969,07,06 to 10
WIS@CHANGI,CHANGI ROAD,Office,"690,000",495.14,"1,394",Mar-22,Strata,46,"15,000",Freehold,14,01 to 05
15 SCOTTS,SCOTTS ROAD,Office,"2,368,000",613.55,"3,860",Mar-22,Strata,57,"41,544",Freehold,09,06 to 10
111 SOMERSET,SOMERSET ROAD,Office,"3,660,000","1,334.74","2,742",Mar-22,Strata,124,"29,516",99 yrs lease commencing from 1975,09,06 to 10
SOHO LIFE,JOO CHIAT ROAD,Office,"510,000",344.45,"1,481",Mar-22,Strata,32,"15,938",Freehold,15,01 to 05
WOODS SQUARE,WOODLANDS SQUARE,Office,"970,000",559.73,"1,733",Mar-22,Strata,52,"18,654",99 yrs lease commencing from 2014,25,01 to 05
N.A.,PENHAS ROAD,Office,"8,600,000","8,180.64","1,051",Mar-22,Strata,760,"11,316",Freehold,08,01 to 05
N.A.,ARMENIAN STREET,Office,"1,580,000",548.96,"2,878",Mar-22,Strata,51,"30,980",99 yrs lease commencing from 2007,06,01 to 05
HIGH STREET CENTRE,NORTH BRIDGE ROAD,Office,"1,180,000",548.96,"2,150",Mar-22,Strata,51,"23,137",99 yrs lease commencing from 1969,06,06 to 10
FOOK HAI BUILDING,SOUTH BRIDGE ROAD,Office,"345,000",193.75,"1,781",Mar-22,Strata,18,"19,167",99 yrs lease commencing from 1972,01,01 to 05
THE CENTRAL,EU TONG SEN STREET,Office,"2,410,000",871.88,"2,764",Mar-22,Strata,81,"29,753",99 yrs lease commencing from 2001,01,06 to 10
MANHATTAN HOUSE,CHIN SWEE ROAD,Office,"840,000",667.37,"1,259",Mar-22,Strata,62,"13,548",99 yrs lease commencing from 1969,03,06 to 10
PAYA LEBAR SQUARE,PAYA LEBAR ROAD,Office,"1,100,888",538.2,"2,045",Mar-22,Strata,50,"22,018",99 yrs lease commencing from 2011,14,06 to 10
PAYA LEBAR SQUARE,PAYA LEBAR ROAD,Office,"2,151,188","1,065.64","2,019",Mar-22,Strata,99,"21,729",99 yrs lease commencing from 2011,14,06 to 10
WOODS SQUARE,WOODLANDS SQUARE,Office,"1,821,770",947.23,"1,923",Mar-22,Strata,88,"20,702",99 yrs lease commencing from 2014,25,01 to 05
15 SCOTTS,SCOTTS ROAD,Office,"2,576,400",678.13,"3,799",Feb-22,Strata,63,"40,895",Freehold,09,06 to 10
CONNEXION,FARRER PARK STATION ROAD,Office,"2,352,000",559.73,"4,202",Feb-22,Strata,52,"45,231",99 yrs lease commencing from 2007,08,11 to 15
GOLDEN MILE COMPLEX,BEACH ROAD,Office,"698,000",441.32,"1,582",Feb-22,Strata,41,"17,024",99 yrs lease commencing from 1969,07,06 to 10
WOODS SQUARE,WOODLANDS SQUARE,Office,"1,089,583",559.73,"1,947",Feb-22,Strata,52,"20,954",99 yrs lease commencing from 2014,25,06 to 10
INTERNATIONAL PLAZA,ANSON ROAD,Office,"1,831,500",990.29,"1,849",Feb-22,Strata,92,"19,908",99 yrs lease commencing from 1970,02,26 to 30
PENINSULA PLAZA,NORTH BRIDGE ROAD,Office,"815,900",398.27,"2,049",Feb-22,Strata,37,"22,051",999 yrs lease commencing from 1829,06,01 to 05
THE ADELPHI,COLEMAN STREET,Office,"4,750,000","2,066.69","2,298",Feb-22,Strata,192,"24,740",999 yrs lease commencing from 1828,06,06 to 10
PENINSULA SHOPPING COMPLEX,COLEMAN STREET,Office,"698,000",322.92,"2,162",Feb-22,Strata,30,"23,267",999 yrs lease commencing from 1828,06,01 to 05
THE ADELPHI,COLEMAN STREET,Office,"2,150,000",742.72,"2,895",Feb-22,Strata,69,"31,159",999 yrs lease commencing from 1828,06,B1 to B5
SHENTON HOUSE,SHENTON WAY,Office,"1,158,000",559.73,"2,069",Feb-22,Strata,52,"22,269",99 yrs lease commencing from 1969,01,11 to 15
15 SCOTTS,SCOTTS ROAD,Office,"4,457,400","1,173.28","3,799",Feb-22,Strata,109,"40,894",Freehold,09,06 to 10
THE ADELPHI,COLEMAN STREET,Office,"7,525,000","2,841.7","2,648",Feb-22,Strata,264,"28,504",999 yrs lease commencing from 1828,06,06 to 10
ORCHARD PLAZA,ORCHARD ROAD,Office,"668,000",452.09,"1,478",Feb-22,Strata,42,"15,905",99 yrs lease commencing from 1977,09,06 to 10
CHINATOWN POINT,NEW BRIDGE ROAD,Office,"4,450,000","2,486.48","1,790",Feb-22,Strata,231,"19,264",99 yrs lease commencing from 1980,01,21 to 25
SLF BUILDING,THOMSON ROAD,Office,"1,385,000","1,539.25",900,Jan-22,Strata,143,"9,685",99 yrs lease commencing from 1979,11,06 to 10
THE CENTRAL,EU TONG SEN STREET,Office,"2,280,000",925.7,"2,463",Jan-22,Strata,86,"26,512",99 yrs lease commencing from 2001,01,16 to 20
THE ADELPHI,COLEMAN STREET,Office,"3,900,000","1,442.38","2,704",Jan-22,Strata,134,"29,104",999 yrs lease commencing from 1828,06,06 to 10
SHENTON HOUSE,SHENTON WAY,Office,"2,280,000","1,140.98","1,998",Jan-22,Strata,106,"21,509",99 yrs lease commencing from 1969,01,01 to 05
PAYA LEBAR SQUARE,PAYA LEBAR ROAD,Office,"1,088,888",505.91,"2,152",Jan-22,Strata,47,"23,168",99 yrs lease commencing from 2011,14,11 to 15
THE CENTRAL,EU TONG SEN STREET,Office,"1,860,000",742.72,"2,504",Jan-22,Strata,69,"26,957",99 yrs lease commencing from 2001,01,06 to 10
PS100,PECK SEAH STREET,Office,"1,320,000",516.67,"2,555",Jan-22,Strata,48,"27,500",99 yrs lease commencing from 2011,02,06 to 10
CROSS STREET EXCHANGE,CROSS STREET,Office,"810,800,000","150,761.66","5,378",Jan-22,Land,"14,006.1","57,889",99 yrs lease commencing from 1997,01,-
EASTGATE,EAST COAST ROAD,Office,"1,750,000","1,162.51","1,505",Jan-22,Strata,108,"16,204",Freehold,15,06 to 10
THE PLAZA,BEACH ROAD,Office,"388,000",290.63,"1,335",Jan-22,Strata,27,"14,370",99 yrs lease commencing from 1968,07,01 to 05
PRUDENTIAL TOWER,CECIL STREET,Office,"11,580,000","3,552.12","3,260",Jan-22,Strata,330,"35,091",99 yrs lease commencing from 1996,01,21 to 25
THE PLAZA,BEACH ROAD,Office,"459,000",301.39,"1,523",Jan-22,Strata,28,"16,393",99 yrs lease commencing from 1968,07,01 to 05
THE PLAZA,BEACH ROAD,Office,"459,000",301.39,"1,523",Jan-22,Strata,28,"16,393",99 yrs lease commencing from 1968,07,01 to 05
SUNSHINE PLAZA,BENCOOLEN STREET,Office,"1,285,000",958,"1,341",Jan-22,Strata,89,"14,438",99 yrs lease commencing from 1997,07,11 to 15
PIL BUILDING,CECIL STREET,Office,"323,800,000","19,535.58","16,575",Jan-22,Land,"1,814.9","178,412",99 yrs lease commencing from 1977,01,-
BURLINGTON SQUARE,BENCOOLEN STREET,Office,"938,000",548.96,"1,709",Jan-22,Strata,51,"18,392",99 yrs lease commencing from 1996,07,11 to 15
TEXTILE CENTRE,JALAN SULTAN,Office,"1,120,000",990.29,"1,131",Jan-22,Strata,92,"12,174",99 yrs lease commencing from 1970,07,01 to 05
SAMSUNG HUB,CHURCH STREET,Office,"16,100,000","3,875.04","4,155",Jan-22,Strata,360,"44,722",999 yrs lease commencing from 1827,01,11 to 15
EON SHENTON,SHENTON WAY,Office,"4,311,608","1,700.71","2,535",Jan-22,Strata,158,"27,289",99 yrs lease commencing from 2011,02,16 to 20
HIGH STREET CENTRE,NORTH BRIDGE ROAD,Office,"600,000",376.74,"1,593",Jan-22,Strata,35,"17,143",99 yrs lease commencing from 1969,06,01 to 05
SHENTON HOUSE,SHENTON WAY,Office,"2,373,000","1,356.26","1,750",Jan-22,Strata,126,"18,833",99 yrs lease commencing from 1969,01,11 to 15
GRANDLINK SQUARE,GUILLEMARD ROAD,Office,"580,000",204.52,"2,836",Jan-22,Strata,19,"30,526",Freehold,14,01 to 05
OXLEY TOWER,ROBINSON ROAD,Office,"3,700,000","1,162.51","3,183",Jan-22,Strata,108,"34,259",Freehold,01,16 to 20
SHENTON HOUSE,SHENTON WAY,Office,"2,435,000","1,356.26","1,795",Jan-22,Strata,126,"19,325",99 yrs lease commencing from 1969,01,06 to 10
PAYA LEBAR SQUARE,PAYA LEBAR ROAD,Office,"933,000",484.38,"1,926",Jan-22,Strata,45,"20,733",99 yrs lease commencing from 2011,14,01 to 05
SIM LIM TOWER,JALAN BESAR,Office,"870,003",419.8,"2,072",Jan-22,Strata,39,"22,308",Freehold,08,06 to 10
THE PLAZA,BEACH ROAD,Office,"1,680,000","1,194.8","1,406",Jan-22,Strata,111,"15,135",99 yrs lease commencing from 1968,07,06 to 10
SBF CENTER,ROBINSON ROAD,Office,"2,447,250",753.48,"3,248",Dec-21,Strata,70,"34,961",99 yrs lease commencing from 2011,01,21 to 25
SHENTON HOUSE,SHENTON WAY,Office,"2,700,000","1,506.96","1,792",Dec-21,Strata,140,"19,286",99 yrs lease commencing from 1969,01,21 to 25
THE CENTRAL,EU TONG SEN STREET,Office,"1,630,000",645.84,"2,524",Dec-21,Strata,60,"27,167",99 yrs lease commencing from 2001,01,06 to 10
INTERNATIONAL PLAZA,ANSON ROAD,Office,"1,808,000",968.76,"1,866",Dec-21,Strata,90,"20,089",99 yrs lease commencing from 1970,02,16 to 20
HOA NAM BUILDING,FOCH ROAD,Office,"1,480,000",721.19,"2,052",Dec-21,Strata,67,"22,090",Freehold,08,01 to 05
HIGH STREET CENTRE,NORTH BRIDGE ROAD,Office,"1,127,500",548.96,"2,054",Dec-21,Strata,51,"22,108",99 yrs lease commencing from 1969,06,06 to 10
GOLDEN MILE TOWER,BEACH ROAD,Office,"1,460,000","1,194.8","1,222",Dec-21,Strata,111,"13,153",99 yrs lease commencing from 1969,07,06 to 10
EON SHENTON,SHENTON WAY,Office,"2,700,000","1,033.34","2,613",Dec-21,Strata,96,"28,125",99 yrs lease commencing from 2011,02,16 to 20
KATONG SHOPPING CENTRE,MOUNTBATTEN ROAD,Office,"550,000",172.22,"3,194",Dec-21,Strata,16,"34,375",Freehold,15,B1 to B5
INTERNATIONAL PLAZA,ANSON ROAD,Office,"13,700,000","7,071.95","1,937",Dec-21,Strata,657,"20,852",99 yrs lease commencing from 1970,02,31 to 35
PS100,PECK SEAH STREET,Office,"1,068,000",419.8,"2,544",Dec-21,Strata,39,"27,385",99 yrs lease commencing from 2011,02,06 to 10
THE PLAZA,BEACH ROAD,Office,"700,000",344.45,"2,032",Dec-21,Strata,32,"21,875",99 yrs lease commencing from 1968,07,B1 to B5
GOLDEN MILE TOWER,BEACH ROAD,Office,"1,100,000",914.94,"1,202",Dec-21,Strata,85,"12,941",99 yrs lease commencing from 1969,07,06 to 10
THE PLAZA,BEACH ROAD,Office,"1,860,000","1,302.44","1,428",Dec-21,Strata,121,"15,372",99 yrs lease commencing from 1968,07,16 to 20
INTERNATIONAL PLAZA,ANSON ROAD,Office,"1,880,000",936.47,"2,008",Dec-21,Strata,87,"21,609",99 yrs lease commencing from 1970,02,21 to 25
VISION EXCHANGE,VENTURE DRIVE,Office,"1,010,000",516.67,"1,955",Dec-21,Strata,48,"21,042",99 yrs lease commencing from 2013,22,11 to 15
THE PLAZA,BEACH ROAD,Office,"1,316,188",828.83,"1,588",Dec-21,Strata,77,"17,093",99 yrs lease commencing from 1968,07,06 to 10
CT HUB 2,LAVENDER STREET,Office,"1,051,200",656.6,"1,601",Dec-21,Strata,61,"17,233",63 yrs lease commencing from 2012,12,06 to 10
CT HUB 2,LAVENDER STREET,Office,"1,102,400",688.9,"1,600",Dec-21,Strata,64,"17,225",63 yrs lease commencing from 2012,12,06 to 10
SOHO LIFE,JOO CHIAT ROAD,Office,"563,000",344.45,"1,634",Dec-21,Strata,32,"17,594",Freehold,15,01 to 05
WOODS SQUARE,WOODLANDS SQUARE,Office,"1,121,824",581.26,"1,930",Dec-21,Strata,54,"20,775",99 yrs lease commencing from 2014,25,01 to 05
SOHO LIFE,JOO CHIAT ROAD,Office,"680,000",462.85,"1,469",Dec-21,Strata,43,"15,814",Freehold,15,01 to 05
ROBINSON 112,ROBINSON ROAD,Office,"269,699,625","9,794.16","27,537",Dec-21,Land,909.9,"296,406",Freehold,01,-
PAYA LEBAR SQUARE,PAYA LEBAR ROAD,Office,"925,000",484.38,"1,910",Dec-21,Strata,45,"20,556",99 yrs lease commencing from 2011,14,01 to 05
15 SCOTTS,SCOTTS ROAD,Office,"2,316,113",613.55,"3,775",Dec-21,Strata,57,"40,634",Freehold,09,06 to 10
THE CENTRAL,EU TONG SEN STREET,Office,"3,388,000","1,216.33","2,785",Dec-21,Strata,113,"29,982",99 yrs lease commencing from 2001,01,16 to 20
THE CENTRAL,EU TONG SEN STREET,Office,"1,328,000",635.08,"2,091",Dec-21,Strata,59,"22,508",99 yrs lease commencing from 2001,01,01 to 05
EAST VILLAGE,UPPER CHANGI ROAD,Office,"515,000",150.7,"3,417",Dec-21,Strata,14,"36,786",Freehold,16,01 to 05
THE CENTRAL,EU TONG SEN STREET,Office,"1,408,888",635.08,"2,218",Dec-21,Strata,59,"23,879",99 yrs lease commencing from 2001,01,01 to 05
GRANDLINK SQUARE,GUILLEMARD ROAD,Office,"903,888",484.38,"1,866",Dec-21,Strata,45,"20,086",Freehold,14,01 to 05
FOOK HAI BUILDING,SOUTH BRIDGE ROAD,Office,"1,530,000","1,259.39","1,215",Dec-21,Strata,117,"13,077",99 yrs lease commencing from 1972,01,01 to 05
CENTRAL SQUARE,HAVELOCK ROAD,Office,"315,000,000","67,147.98","4,691",Dec-21,Land,"6,238.2","50,495",99 yrs lease commencing from 1995,01,-
PAYA LEBAR SQUARE,PAYA LEBAR ROAD,Office,"1,038,000",505.91,"2,052",Dec-21,Strata,47,"22,085",99 yrs lease commencing from 2011,14,01 to 05
THE CENTRAL,EU TONG SEN STREET,Office,"1,800,000",645.84,"2,787",Nov-21,Strata,60,"30,000",99 yrs lease commencing from 2001,01,16 to 20
SUNTEC TOWER ONE,TEMASEK BOULEVARD,Office,"4,247,450","1,614.6","2,631",Nov-21,Strata,150,"28,316",99 yrs lease commencing from 1989,01,06 to 10
PAYA LEBAR SQUARE,PAYA LEBAR ROAD,Office,"1,770,160",871.88,"2,030",Nov-21,Strata,81,"21,854",99 yrs lease commencing from 2011,14,01 to 05
VISION EXCHANGE,VENTURE DRIVE,Office,"980,000",516.67,"1,897",Nov-21,Strata,48,"20,417",99 yrs lease commencing from 2013,22,06 to 10
SBF CENTER,ROBINSON ROAD,Office,"2,080,000",667.37,"3,117",Nov-21,Strata,62,"33,548",99 yrs lease commencing from 2011,01,16 to 20
PAYA LEBAR SQUARE,PAYA LEBAR ROAD,Office,"903,000",484.38,"1,864",Nov-21,Strata,45,"20,067",99 yrs lease commencing from 2011,14,06 to 10
THE MODULES,JOO CHIAT ROAD,Office,"750,000",365.98,"2,049",Nov-21,Strata,34,"22,059",Freehold,15,01 to 05
FUYUEN COURT,SIMS AVENUE,Office,"1,630,000",839.59,"1,941",Nov-21,Strata,78,"20,897",Freehold,14,01 to 05
VISION EXCHANGE,VENTURE DRIVE,Office,"2,900,000","1,388.56","2,089",Nov-21,Strata,129,"22,481",99 yrs lease commencing from 2013,22,11 to 15
CHENN LEONN BUILDING,ALIWAL STREET,Office,"2,200,000","1,657.66","1,327",Nov-21,Strata,154,"14,286",Freehold,07,-
MANHATTAN HOUSE,CHIN SWEE ROAD,Office,"820,000",667.37,"1,229",Nov-21,Strata,62,"13,226",99 yrs lease commencing from 1969,03,06 to 10
THE MODULES,JOO CHIAT ROAD,Office,"930,000",538.2,"1,728",Nov-21,Strata,50,"18,600",Freehold,15,01 to 05
PAYA LEBAR SQUARE,PAYA LEBAR ROAD,Office,"1,880,000",958,"1,962",Nov-21,Strata,89,"21,124",99 yrs lease commencing from 2011,14,06 to 10
ONE GEORGE STREET,GEORGE STREET,Office,"1,281,488,125","60,242.88","21,272",Nov-21,Land,"5,596.7","228,972",99 yrs lease commencing from 2003,01,-
PS100,PECK SEAH STREET,Office,"1,030,000",419.8,"2,454",Nov-21,Strata,39,"26,410",99 yrs lease commencing from 2011,02,11 to 15
SUNTEC TOWER THREE,TEMASEK BOULEVARD,Office,"16,000,000","4,833.04","3,311",Nov-21,Strata,449,"35,635",99 yrs lease commencing from 1989,01,36 to 40
ROXY SQUARE,EAST COAST ROAD,Office,"688,000",247.57,"2,779",Nov-21,Strata,23,"29,913",9999 yrs lease commencing from 1980,15,01 to 05
BUKIT TIMAH SHOPPING CENTRE,UPPER BUKIT TIMAH ROAD,Office,"1,720,000","1,248.62","1,378",Nov-21,Strata,116,"14,828",999 yrs lease commencing from 1883,21,16 to 20
THE CENTRAL,EU TONG SEN STREET,Office,"1,450,000",635.08,"2,283",Nov-21,Strata,59,"24,576",99 yrs lease commencing from 2001,01,06 to 10
SHENTON HOUSE,SHENTON WAY,Office,"1,075,200",559.73,"1,921",Nov-21,Strata,52,"20,677",99 yrs lease commencing from 1969,01,11 to 15
CHINATOWN POINT,NEW BRIDGE ROAD,Office,"1,328,000",742.72,"1,788",Nov-21,Strata,69,"19,246",99 yrs lease commencing from 1980,01,11 to 15
CROWN AT ROBINSON,ROBINSON ROAD,Office,"257,500,000","70,676.42","3,643",Nov-21,Strata,"6,566","39,217",Freehold,01,16 to 20
THE PLAZA,BEACH ROAD,Office,"300,000",215.28,"1,394",Nov-21,Strata,20,"15,000",99 yrs lease commencing from 1968,07,01 to 05
PAYA LEBAR SQUARE,PAYA LEBAR ROAD,Office,"1,008,000",548.96,"1,836",Nov-21,Strata,51,"19,765",99 yrs lease commencing from 2011,14,06 to 10
FOOK HAI BUILDING,SOUTH BRIDGE ROAD,Office,"900,000",807.3,"1,115",Oct-21,Strata,75,"12,000",99 yrs lease commencing from 1972,01,06 to 10
SOUTHPOINT,CANTONMENT ROAD,Office,"16,000,000","8,019.18","1,995",Oct-21,Strata,745,"21,477",Freehold,02,06 to 10
WOODS SQUARE,WOODLANDS SQUARE,Office,"1,183,060",559.73,"2,114",Oct-21,Strata,52,"22,751",99 yrs lease commencing from 2014,25,01 to 05
FOOK HAI BUILDING,SOUTH BRIDGE ROAD,Office,"410,000",301.39,"1,360",Oct-21,Strata,28,"14,643",99 yrs lease commencing from 1972,01,01 to 05
WOODS SQUARE,WOODLANDS SQUARE,Office,"1,041,858",559.73,"1,861",Oct-21,Strata,52,"20,036",99 yrs lease commencing from 2014,25,01 to 05
ARC 380,JALAN BESAR,Office,"1,911,500",764.24,"2,501",Oct-21,Strata,71,"26,923",Freehold,08,06 to 10
PAYA LEBAR SQUARE,PAYA LEBAR ROAD,Office,"1,918,120",947.23,"2,025",Oct-21,Strata,88,"21,797",99 yrs lease commencing from 2011,14,01 to 05
GOLDEN MILE COMPLEX,BEACH ROAD,Office,"780,000",419.8,"1,858",Oct-21,Strata,39,"20,000",99 yrs lease commencing from 1969,07,01 to 05
FENG MING BUILDING,JALAN BESAR,Office,"6,700,000","1,111.92","6,026",Oct-21,Land,103.3,"64,860",999 yrs lease commencing from 1919,08,-
THE CENTRAL,EU TONG SEN STREET,Office,"1,530,000",613.55,"2,494",Oct-21,Strata,57,"26,842",99 yrs lease commencing from 2001,01,06 to 10
PAYA LEBAR SQUARE,PAYA LEBAR ROAD,Office,"1,078,888",538.2,"2,005",Oct-21,Strata,50,"21,578",99 yrs lease commencing from 2011,14,01 to 05
WOODS SQUARE,WOODLANDS SQUARE,Office,"1,100,120",559.73,"1,965",Oct-21,Strata,52,"21,156",99 yrs lease commencing from 2014,25,06 to 10
WOODS SQUARE,WOODLANDS SQUARE,Office,"2,529,079","1,259.39","2,008",Oct-21,Strata,117,"21,616",99 yrs lease commencing from 2014,25,06 to 10
SBF CENTER,ROBINSON ROAD,Office,"2,280,000",753.48,"3,026",Oct-21,Strata,70,"32,571",99 yrs lease commencing from 2011,01,16 to 20
SHENTON HOUSE,SHENTON WAY,Office,"1,000,000",559.73,"1,787",Oct-21,Strata,52,"19,231",99 yrs lease commencing from 1969,01,16 to 20
PAYA LEBAR SQUARE,PAYA LEBAR ROAD,Office,"1,076,000",538.2,"1,999",Oct-21,Strata,50,"21,520",99 yrs lease commencing from 2011,14,06 to 10
SOHO LIFE,JOO CHIAT ROAD,Office,"650,000",409.03,"1,589",Oct-21,Strata,38,"17,105",Freehold,15,01 to 05
111 SOMERSET,SOMERSET ROAD,Office,"2,680,000","1,001.05","2,677",Oct-21,Strata,93,"28,817",99 yrs lease commencing from 1975,09,06 to 10
PS100,PECK SEAH STREET,Office,"1,320,000",516.67,"2,555",Oct-21,Strata,48,"27,500",99 yrs lease commencing from 2011,02,06 to 10
HIGH STREET CENTRE,NORTH BRIDGE ROAD,Office,"588,120",376.74,"1,561",Oct-21,Strata,35,"16,803",99 yrs lease commencing from 1969,06,01 to 05
111 SOMERSET,SOMERSET ROAD,Office,"2,709,837","1,022.58","2,650",Oct-21,Strata,95,"28,525",99 yrs lease commencing from 1975,09,06 to 10
WOODS SQUARE,WOODLANDS SQUARE,Office,"1,802,326",947.23,"1,903",Oct-21,Strata,88,"20,481",99 yrs lease commencing from 2014,25,01 to 05
BALESTIER POINT,BALESTIER ROAD,Office,"645,000",333.68,"1,933",Oct-21,Strata,31,"20,806",Freehold,12,01 to 05
SOHO LIFE,JOO CHIAT ROAD,Office,"635,000",398.27,"1,594",Oct-21,Strata,37,"17,162",Freehold,15,01 to 05
PAYA LEBAR SQUARE,PAYA LEBAR ROAD,Office,"1,250,000",635.08,"1,968",Oct-21,Strata,59,"21,186",99 yrs lease commencing from 2011,14,01 to 05
WOODS SQUARE,WOODLANDS SQUARE,Office,"900,000",581.26,"1,548",Oct-21,Strata,54,"16,667",99 yrs lease commencing from 2014,25,01 to 05
THE CENTRAL,EU TONG SEN STREET,Office,"1,628,000",635.08,"2,563",Oct-21,Strata,59,"27,593",99 yrs lease commencing from 2001,01,01 to 05
HIGH STREET PLAZA,HIGH STREET,Office,"5,400,000","2,551.07","2,117",Oct-21,Strata,237,"22,785",999 yrs lease commencing from 1827,06,01 to 05
THE PLAZA,BEACH ROAD,Office,"600,000",430.56,"1,394",Oct-21,Strata,40,"15,000",99 yrs lease commencing from 1968,07,01 to 05
PAYA LEBAR SQUARE,PAYA LEBAR ROAD,Office,"1,900,000",968.76,"1,961",Oct-21,Strata,90,"21,111",99 yrs lease commencing from 2011,14,06 to 10
SOHO LIFE,JOO CHIAT ROAD,Office,"650,000",398.27,"1,632",Oct-21,Strata,37,"17,568",Freehold,15,01 to 05
VISION EXCHANGE,VENTURE DRIVE,Office,"1,550,000",699.66,"2,215",Oct-21,Strata,65,"23,846",99 yrs lease commencing from 2013,22,11 to 15
MILLAGE,CHANGI ROAD,Office,"888,000",172.22,"5,156",Oct-21,Strata,16,"55,500",Freehold,14,01 to 05
THE MEZZO,BALESTIER ROAD,Office,"1,480,000",968.76,"1,528",Oct-21,Strata,90,"16,444",Freehold,12,01 to 05
THE MEZZO,BALESTIER ROAD,Office,"980,000",613.55,"1,597",Oct-21,Strata,57,"17,193",Freehold,12,01 to 05
SBF CENTER,ROBINSON ROAD,Office,"2,560,200",753.48,"3,398",Oct-21,Strata,70,"36,574",99 yrs lease commencing from 2011,01,11 to 15
SBF CENTER,ROBINSON ROAD,Office,"4,501,600","1,323.97","3,400",Oct-21,Strata,123,"36,598",99 yrs lease commencing from 2011,01,11 to 15
SBF CENTER,ROBINSON ROAD,Office,"2,305,200",678.13,"3,399",Oct-21,Strata,63,"36,590",99 yrs lease commencing from 2011,01,11 to 15
SBF CENTER,ROBINSON ROAD,Office,"2,020,000",624.31,"3,236",Oct-21,Strata,58,"34,828",99 yrs lease commencing from 2011,01,21 to 25
GOLDEN MILE COMPLEX,BEACH ROAD,Office,"310,000",204.52,"1,516",Oct-21,Strata,19,"16,316",99 yrs lease commencing from 1969,07,06 to 10
SUNTEC TOWER TWO,TEMASEK BOULEVARD,Office,"10,002,700","4,348.66","2,300",Oct-21,Strata,404,"24,759",99 yrs lease commencing from 1989,01,06 to 10
SUNTEC TOWER TWO,TEMASEK BOULEVARD,Office,"16,166,700","7,028.89","2,300",Oct-21,Strata,653,"24,758",99 yrs lease commencing from 1989,01,06 to 10
SUNTEC TOWER TWO,TEMASEK BOULEVARD,Office,"6,906,900","3,003.16","2,300",Oct-21,Strata,279,"24,756",99 yrs lease commencing from 1989,01,06 to 10
PEK CHUAN BUILDING,LAVENDER STREET,Office,"1,330,000","1,313.21","1,013",Oct-21,Strata,122,"10,902",99 yrs lease commencing from 1978,12,01 to 05
SHENTON HOUSE,SHENTON WAY,Office,"7,398,888","4,746.92","1,559",Oct-21,Strata,441,"16,778",99 yrs lease commencing from 1969,01,21 to 25
HIGHLAND CENTRE,YIO CHU KANG ROAD,Office,"520,000",387.5,"1,342",Oct-21,Strata,36,"14,444",Freehold,19,01 to 05
PLUS,CECIL STREET,Office,"1,360,000",484.38,"2,808",Sep-21,Strata,45,"30,222",99 yrs lease commencing from 1989,01,01 to 05
THE CENTRAL,EU TONG SEN STREET,Office,"5,088,684","1,668.42","3,050",Sep-21,Strata,155,"32,830",99 yrs lease commencing from 2001,01,16 to 20
THE CENTRAL,EU TONG SEN STREET,Office,"2,790,026",871.88,"3,200",Sep-21,Strata,81,"34,445",99 yrs lease commencing from 2001,01,16 to 20
THE MODULES,JOO CHIAT ROAD,Office,"858,000",495.14,"1,733",Sep-21,Strata,46,"18,652",Freehold,15,01 to 05
SOHO LIFE,JOO CHIAT ROAD,Office,"683,000",548.96,"1,244",Sep-21,Strata,51,"13,392",Freehold,15,01 to 05
PAYA LEBAR SQUARE,PAYA LEBAR ROAD,Office,"975,000",505.91,"1,927",Sep-21,Strata,47,"20,745",99 yrs lease commencing from 2011,14,06 to 10
HIGH STREET PLAZA,HIGH STREET,Office,"1,300,000",613.55,"2,119",Sep-21,Strata,57,"22,807",999 yrs lease commencing from 1827,06,01 to 05
15 SCOTTS,SCOTTS ROAD,Office,"2,426,129",656.6,"3,695",Sep-21,Strata,61,"39,773",Freehold,09,06 to 10
15 SCOTTS,SCOTTS ROAD,Office,"20,400,095","5,521.93","3,694",Sep-21,Strata,513,"39,766",Freehold,09,06 to 10
15 SCOTTS,SCOTTS ROAD,Office,"2,305,680",624.31,"3,693",Sep-21,Strata,58,"39,753",Freehold,09,06 to 10
15 SCOTTS,SCOTTS ROAD,Office,"2,268,730",613.55,"3,698",Sep-21,Strata,57,"39,802",Freehold,09,06 to 10
15 SCOTTS,SCOTTS ROAD,Office,"4,533,765","1,227.1","3,695",Sep-21,Strata,114,"39,770",Freehold,09,06 to 10
HOA NAM BUILDING,FOCH ROAD,Office,"1,445,000",721.19,"2,004",Sep-21,Strata,67,"21,567",Freehold,08,01 to 05
PEOPLE'S PARK CENTRE,UPPER CROSS STREET,Office,"1,000,000",602.78,"1,659",Sep-21,Strata,56,"17,857",99 yrs lease commencing from 1970,01,06 to 10
ONE DUSUN RESIDENCES,JALAN DUSUN,Office,"364,486",172.22,"2,116",Sep-21,Strata,16,"22,780",Freehold,12,01 to 05
LIANG SEAH COURT,LIANG SEAH STREET,Office,"2,650,000","1,259.39","2,104",Sep-21,Strata,117,"22,650",999 yrs lease commencing from 1827,07,01 to 05
PAYA LEBAR SQUARE,PAYA LEBAR ROAD,Office,"1,010,000",548.96,"1,840",Sep-21,Strata,51,"19,804",99 yrs lease commencing from 2011,14,01 to 05
CROWN AT ROBINSON,ROBINSON ROAD,Office,"2,030,000",592.02,"3,429",Sep-21,Strata,55,"36,909",Freehold,01,06 to 10
KATONG SHOPPING CENTRE,MOUNTBATTEN ROAD,Office,"800,000",516.67,"1,548",Sep-21,Strata,48,"16,667",Freehold,15,01 to 05
THE SUNFLOWER,GEYLANG ROAD,Office,"710,000",602.78,"1,178",Sep-21,Strata,56,"12,679",Freehold,14,01 to 05
FU LU SHOU COMPLEX,ROCHOR ROAD,Office,"6,880,000","4,305.6","1,598",Sep-21,Strata,400,"17,200",103 yrs lease commencing from 1980,07,01 to 05
THE OCTAGON,CECIL STREET,Office,"15,472,500","6,189.3","2,500",Sep-21,Strata,575,"26,909",Freehold,01,06 to 10
SOHO LIFE,JOO CHIAT ROAD,Office,"635,000",419.8,"1,513",Sep-21,Strata,39,"16,282",Freehold,15,01 to 05
THE PLAZA,BEACH ROAD,Office,"700,000",430.56,"1,626",Sep-21,Strata,40,"17,500",99 yrs lease commencing from 1968,07,11 to 15
SHENTON HOUSE,SHENTON WAY,Office,"1,050,000",559.73,"1,876",Aug-21,Strata,52,"20,192",99 yrs lease commencing from 1969,01,11 to 15
SOUTHBANK,NORTH BRIDGE ROAD,Office,"1,295,000",882.65,"1,467",Aug-21,Strata,82,"15,793",99 yrs lease commencing from 2006,07,06 to 10
PLUS,CECIL STREET,Office,"11,900,000","3,573.65","3,330",Aug-21,Strata,332,"35,843",99 yrs lease commencing from 1989,01,21 to 25
SOHO LIFE,JOO CHIAT ROAD,Office,"653,000",441.32,"1,480",Aug-21,Strata,41,"15,927",Freehold,15,01 to 05
GUTHRIE BUILDING,CHANGI ROAD,Office,"2,980,000","3,035.45",982,Aug-21,Strata,282,"10,567",Freehold,14,01 to 05
PEOPLE'S PARK COMPLEX,PARK ROAD,Office,"850,000",484.38,"1,755",Aug-21,Strata,45,"18,889",99 yrs lease commencing from 1968,01,01 to 05
PAYA LEBAR SQUARE,PAYA LEBAR ROAD,Office,"6,247,900","2,906.28","2,150",Aug-21,Strata,270,"23,140",99 yrs lease commencing from 2011,14,01 to 05
HAVELOCK2,HAVELOCK ROAD,Office,"1,125,000",624.31,"1,802",Aug-21,Strata,58,"19,397",99 yrs lease commencing from 1983,01,06 to 10
THE PROMENADE@PELIKAT,JALAN PELIKAT,Office,"508,000",258.34,"1,966",Aug-21,Strata,24,"21,167",Freehold,19,01 to 05
GIFFARD MANSIONS,BALESTIER ROAD,Office,"428,000",290.63,"1,473",Aug-21,Strata,27,"15,852",Freehold,12,01 to 05
MANHATTAN HOUSE,CHIN SWEE ROAD,Office,"606,375",495.14,"1,225",Aug-21,Strata,46,"13,182",99 yrs lease commencing from 1969,03,01 to 05
GEYLANG CONSERVATION AREA,GEYLANG ROAD,Office,"1,200,000","1,786.82",672,Aug-21,Strata,166,"7,229",Freehold,14,01 to 05
PENINSULA PLAZA,NORTH BRIDGE ROAD,Office,"4,440,000","1,776.06","2,500",Aug-21,Strata,165,"26,909",999 yrs lease commencing from 1829,06,21 to 25
THE CENTRAL,EU TONG SEN STREET,Office,"1,700,000",645.84,"2,632",Aug-21,Strata,60,"28,333",99 yrs lease commencing from 2001,01,21 to 25
GOLDEN MILE TOWER,BEACH ROAD,Office,"450,000",322.92,"1,394",Aug-21,Strata,30,"15,000",99 yrs lease commencing from 1969,07,B1 to B5
GOLDEN MILE COMPLEX,BEACH ROAD,Office,"202,888",129.17,"1,571",Aug-21,Strata,12,"16,907",99 yrs lease commencing from 1969,07,01 to 05
THE GOLDEN LANDMARK,VICTORIA STREET,Office,"450,000",365.98,"1,230",Aug-21,Strata,34,"13,235",99 yrs lease commencing from 1981,07,01 to 05
SUNTEC TOWER ONE,TEMASEK BOULEVARD,Office,"10,520,000","3,078.5","3,417",Aug-21,Strata,286,"36,783",99 yrs lease commencing from 1989,01,36 to 40
REGENCY SUITES,KIM TIAN ROAD,Office,"1,610,000","1,065.64","1,511",Jul-21,Strata,99,"16,263",Freehold,03,01 to 05
CENTRIUM SQUARE,SERANGOON ROAD,Office,"1,671,615",613.55,"2,725",Jul-21,Strata,57,"29,327",Freehold,08,16 to 20
CENTRIUM SQUARE,SERANGOON ROAD,Office,"1,671,615",613.55,"2,725",Jul-21,Strata,57,"29,327",Freehold,08,16 to 20
THE CENTRAL,EU TONG SEN STREET,Office,"2,070,000",925.7,"2,236",Jul-21,Strata,86,"24,070",99 yrs lease commencing from 2001,01,21 to 25
PARKWAY PARADE,MARINE PARADE ROAD,Office,"1,660,000",925.7,"1,793",Jul-21,Strata,86,"19,302",99 yrs lease commencing from 1979,15,11 to 15
SOHO LIFE,JOO CHIAT ROAD,Office,"600,000",398.27,"1,507",Jul-21,Strata,37,"16,216",Freehold,15,01 to 05
INTERNATIONAL PLAZA,ANSON ROAD,Office,"4,714,000","2,357.32","2,000",Jul-21,Strata,219,"21,525",99 yrs lease commencing from 1970,02,16 to 20
PAYA LEBAR SQUARE,PAYA LEBAR ROAD,Office,"1,028,000",505.91,"2,032",Jul-21,Strata,47,"21,872",99 yrs lease commencing from 2011,14,06 to 10
CHINATOWN POINT,NEW BRIDGE ROAD,Office,"1,800,000","1,054.87","1,706",Jul-21,Strata,98,"18,367",99 yrs lease commencing from 1980,01,11 to 15
PAYA LEBAR SQUARE,PAYA LEBAR ROAD,Office,"962,192",484.38,"1,986",Jul-21,Strata,45,"21,382",99 yrs lease commencing from 2011,14,01 to 05
GB BUILDING,CECIL STREET,Office,"25,480,000","13,067.5","1,950",Jul-21,Strata,"1,214","20,988",99 yrs lease commencing from 1982,01,01 to 05
GB BUILDING,CECIL STREET,Office,"18,000,001","12,593.88","1,429",Jul-21,Strata,"1,170","15,385",99 yrs lease commencing from 1982,01,01 to 05
GB BUILDING,CECIL STREET,Office,"8,580,000","5,425.06","1,582",Jul-21,Strata,504,"17,024",99 yrs lease commencing from 1982,01,06 to 10
GSM BUILDING,MIDDLE ROAD,Office,"1,200,000",871.88,"1,376",Jul-21,Strata,81,"14,815",99 yrs lease commencing from 1978,07,01 to 05
THE CENTRAL,EU TONG SEN STREET,Office,"2,222,000",925.7,"2,400",Jul-21,Strata,86,"25,837",99 yrs lease commencing from 2001,01,16 to 20
FORTUNE CENTRE,MIDDLE ROAD,Office,"445,000",204.52,"2,176",Jul-21,Strata,19,"23,421",99 yrs lease commencing from 1980,07,01 to 05
PAYA LEBAR SQUARE,PAYA LEBAR ROAD,Office,"1,041,888",516.67,"2,017",Jul-21,Strata,48,"21,706",99 yrs lease commencing from 2011,14,06 to 10
SOHO LIFE,JOO CHIAT ROAD,Office,"538,000",344.45,"1,562",Jul-21,Strata,32,"16,813",Freehold,15,01 to 05
ROBINSON SQUARE,ROBINSON ROAD,Office,"3,025,000","1,184.04","2,555",Jul-21,Strata,110,"27,500",Freehold,01,11 to 15
SULTAN PLAZA,JALAN SULTAN,Office,"1,207,800","1,097.93","1,100",Jul-21,Strata,102,"11,841",99 yrs lease commencing from 1978,07,06 to 10
SBF CENTER,ROBINSON ROAD,Office,"1,710,000",592.02,"2,888",Jul-21,Strata,55,"31,091",99 yrs lease commencing from 2011,01,16 to 20
PRESTIGE POINT,UPPER PAYA LEBAR ROAD,Office,"510,000",172.22,"2,961",Jul-21,Strata,16,"31,875",Freehold,19,01 to 05
HIGH STREET PLAZA,HIGH STREET,Office,"850,000",376.74,"2,256",Jul-21,Strata,35,"24,286",999 yrs lease commencing from 1827,06,01 to 05
REGENCY SUITES,KIM TIAN ROAD,Office,"1,528,000","1,151.75","1,327",Jul-21,Strata,107,"14,280",Freehold,03,01 to 05
CONCORDE SHOPPING CENTRE,OUTRAM ROAD,Office,"258,880",226.04,"1,145",Jul-21,Strata,21,"12,328",99 yrs lease commencing from 1980,03,B1 to B5
INTERNATIONAL PLAZA,ANSON ROAD,Office,"1,803,725",936.47,"1,926",Jul-21,Strata,87,"20,732",99 yrs lease commencing from 1970,02,26 to 30
THE OCTAGON,CECIL STREET,Office,"15,472,500","6,189.3","2,500",Jul-21,Strata,575,"26,909",Freehold,01,06 to 10
SOHO LIFE,JOO CHIAT ROAD,Office,"585,000",398.27,"1,469",Jul-21,Strata,37,"15,811",Freehold,15,01 to 05
SHENTON HOUSE,SHENTON WAY,Office,"2,383,000","1,356.26","1,757",Jul-21,Strata,126,"18,913",99 yrs lease commencing from 1969,01,06 to 10
PENINSULA EXCELSIOR HOTEL,COLEMAN STREET,Office,"607,200",505.91,"1,200",Jul-21,Strata,47,"12,919",99 yrs lease commencing from 1979,06,B1 to B5
TEAMBUILD CENTRE,GEYLANG ROAD,Office,"831,500","1,130.22",736,Jul-21,Strata,105,"7,919",99 yrs lease commencing from 2001,14,01 to 05
KENSINGTON SQUARE,JALAN LOKAM,Office,"700,000",236.81,"2,956",Jul-21,Strata,22,"31,818",Freehold,19,01 to 05
SUNTEC TOWER ONE,TEMASEK BOULEVARD,Office,"9,800,000","3,605.94","2,718",Jul-21,Strata,335,"29,254",99 yrs lease commencing from 1989,01,11 to 15
MALACCA CENTRE,MALACCA STREET,Office,"6,190,000","2,142.04","2,890",Jun-21,Strata,199,"31,106",999 yrs lease commencing from 1826,01,16 to 20
SUNTEC TOWER ONE,TEMASEK BOULEVARD,Office,"31,724,500","12,044.92","2,634",Jun-21,Strata,"1,119","28,351",99 yrs lease commencing from 1989,01,26 to 30
SUNTEC TOWER TWO,TEMASEK BOULEVARD,Office,"34,847,800","14,380.7","2,423",Jun-21,Strata,"1,336","26,084",99 yrs lease commencing from 1989,01,06 to 10
SUNTEC TOWER TWO,TEMASEK BOULEVARD,Office,"34,895,000","14,273.06","2,445",Jun-21,Strata,"1,326","26,316",99 yrs lease commencing from 1989,01,11 to 15
SUNTEC TOWER TWO,TEMASEK BOULEVARD,Office,"34,327,200","13,982.44","2,455",Jun-21,Strata,"1,299","26,426",99 yrs lease commencing from 1989,01,11 to 15
SUNTEC TOWER TWO,TEMASEK BOULEVARD,Office,"30,058,800","12,023.39","2,500",Jun-21,Strata,"1,117","26,910",99 yrs lease commencing from 1989,01,16 to 20
SUNTEC TOWER TWO,TEMASEK BOULEVARD,Office,"31,156,700","11,786.58","2,643",Jun-21,Strata,"1,095","28,454",99 yrs lease commencing from 1989,01,21 to 25
WOODS SQUARE,WOODLANDS SQUARE,Office,"1,053,306",559.73,"1,882",Jun-21,Strata,52,"20,256",99 yrs lease commencing from 2014,25,06 to 10
SOUTHBANK,NORTH BRIDGE ROAD,Office,"1,180,000",688.9,"1,713",Jun-21,Strata,64,"18,438",99 yrs lease commencing from 2006,07,01 to 05
N.A.,ARMENIAN STREET,Office,"3,800,000","1,668.42","2,278",Jun-21,Strata,155,"24,516",99 yrs lease commencing from 2007,06,06 to 10
WOODS SQUARE,WOODLANDS SQUARE,Office,"810,000",559.73,"1,447",Jun-21,Strata,52,"15,577",99 yrs lease commencing from 2014,25,01 to 05
GOLDEN MILE COMPLEX,BEACH ROAD,Office,"2,225,000","2,572.6",865,Jun-21,Strata,239,"9,310",99 yrs lease commencing from 1969,07,01 to 05
PAYA LEBAR SQUARE,PAYA LEBAR ROAD,Office,"930,000",484.38,"1,920",Jun-21,Strata,45,"20,667",99 yrs lease commencing from 2011,14,06 to 10
PENINSULA PLAZA,NORTH BRIDGE ROAD,Office,"1,254,000",570.49,"2,198",Jun-21,Strata,53,"23,660",999 yrs lease commencing from 1829,06,06 to 10
N.A.,UPPER SERANGOON ROAD,Office,"1,500,000","1,883.7",796,Jun-21,Strata,175,"8,571",999 yrs lease commencing from 1878,19,01 to 05
PEACE CENTRE,SOPHIA ROAD,Office,"1,790,000","1,689.95","1,059",Jun-21,Strata,157,"11,401",99 yrs lease commencing from 1970,09,01 to 05
N.A.,JOO CHIAT PLACE,Office,"2,700,000","1,420.85","1,900",Jun-21,Strata,132,"20,455",Freehold,15,-
THE CENTRAL,EU TONG SEN STREET,Office,"1,880,000",645.84,"2,911",Jun-21,Strata,60,"31,333",99 yrs lease commencing from 2001,01,06 to 10
CENTRIUM SQUARE,SERANGOON ROAD,Office,"1,688,500",613.55,"2,752",Jun-21,Strata,57,"29,623",Freehold,08,16 to 20
SUNTEC TOWER TWO,TEMASEK BOULEVARD,Office,"38,300,000","14,380.7","2,663",Jun-21,Strata,"1,336","28,668",99 yrs lease commencing from 1989,01,11 to 15
EON SHENTON,SHENTON WAY,Office,"2,428,710","1,108.69","2,191",Jun-21,Strata,103,"23,580",99 yrs lease commencing from 2011,02,06 to 10
CENTRIUM SQUARE,SERANGOON ROAD,Office,"1,535,000",613.55,"2,502",Jun-21,Strata,57,"26,930",Freehold,08,06 to 10
SIM LIM TOWER,JALAN BESAR,Office,"685,000",290.63,"2,357",Jun-21,Strata,27,"25,370",Freehold,08,01 to 05
MANHATTAN HOUSE,CHIN SWEE ROAD,Office,"557,524",462.85,"1,205",Jun-21,Strata,43,"12,966",99 yrs lease commencing from 1969,03,01 to 05
MANHATTAN HOUSE,CHIN SWEE ROAD,Office,"427,476",355.21,"1,203",Jun-21,Strata,33,"12,954",99 yrs lease commencing from 1969,03,01 to 05
SOHO LIFE,JOO CHIAT ROAD,Office,"710,000",548.96,"1,293",Jun-21,Strata,51,"13,922",Freehold,15,01 to 05
PARKLANE SHOPPING MALL,SELEGIE ROAD,Office,"285,000",204.52,"1,394",Jun-21,Strata,19,"15,000",99 yrs lease commencing from 1974,07,01 to 05
CROWN AT ROBINSON,ROBINSON ROAD,Office,"2,030,000",592.02,"3,429",May-21,Strata,55,"36,909",Freehold,01,06 to 10
HEXACUBE,CHANGI ROAD,Office,"825,000",462.85,"1,782",May-21,Strata,43,"19,186",Freehold,14,01 to 05
BEAUTY WORLD CENTRE,UPPER BUKIT TIMAH ROAD,Office,"600,000",215.28,"2,787",May-21,Strata,20,"30,000",99 yrs lease commencing from 1979,21,01 to 05
CENTRIUM SQUARE,SERANGOON ROAD,Office,"1,933,500",710.42,"2,722",May-21,Strata,66,"29,295",Freehold,08,16 to 20
REGENCY SUITES,KIM TIAN ROAD,Office,"1,150,000",592.02,"1,943",May-21,Strata,55,"20,909",Freehold,03,01 to 05
GOLDEN MILE TOWER,BEACH ROAD,Office,"640,000",452.09,"1,416",May-21,Strata,42,"15,238",99 yrs lease commencing from 1969,07,06 to 10
PAYA LEBAR SQUARE,PAYA LEBAR ROAD,Office,"900,000",484.38,"1,858",May-21,Strata,45,"20,000",99 yrs lease commencing from 2011,14,06 to 10
TONG ENG BUILDING,CECIL STREET,Office,"1,304,576",462.85,"2,819",May-21,Strata,43,"30,339",999 yrs lease commencing from 1885,01,11 to 15
TONG ENG BUILDING,CECIL STREET,Office,"2,275,424",807.3,"2,819",May-21,Strata,75,"30,339",999 yrs lease commencing from 1885,01,11 to 15
GB BUILDING,CECIL STREET,Office,"9,900,000","5,209.78","1,900",May-21,Strata,484,"20,455",99 yrs lease commencing from 1982,01,11 to 15
PEOPLE'S PARK COMPLEX,PARK ROAD,Office,"1,700,000",387.5,"4,387",May-21,Strata,36,"47,222",99 yrs lease commencing from 1968,01,01 to 05
PENINSULA PLAZA,NORTH BRIDGE ROAD,Office,"958,000",495.14,"1,935",May-21,Strata,46,"20,826",999 yrs lease commencing from 1829,06,01 to 05
PETAIN RD/TYRWHITT RD CONSERVATION AREA,JALAN BESAR,Office,"2,330,000","2,335.79",998,May-21,Strata,217,"10,737",Freehold,08,-
TEXTILE CENTRE,JALAN SULTAN,Office,"1,100,000",990.29,"1,111",May-21,Strata,92,"11,957",99 yrs lease commencing from 1970,07,01 to 05
TEXTILE CENTRE,JALAN SULTAN,Office,"1,240,000",968.76,"1,280",May-21,Strata,90,"13,778",99 yrs lease commencing from 1970,07,01 to 05
PAYA LEBAR SQUARE,PAYA LEBAR ROAD,Office,"11,754,050","5,468.11","2,150",May-21,Strata,508,"23,138",99 yrs lease commencing from 2011,14,06 to 10
THE PLAZA,BEACH ROAD,Office,"2,360,000","1,560.78","1,512",May-21,Strata,145,"16,276",99 yrs lease commencing from 1968,07,11 to 15
CENTRIUM SQUARE,SERANGOON ROAD,Office,"2,582,500",990.29,"2,608",May-21,Strata,92,"28,071",Freehold,08,16 to 20
CENTRIUM SQUARE,SERANGOON ROAD,Office,"1,935,000",721.19,"2,683",May-21,Strata,67,"28,881",Freehold,08,16 to 20
LE SHANTIER,BALESTIER ROAD,Office,"1,400,000",947.23,"1,478",May-21,Strata,88,"15,909",Freehold,12,01 to 05
WIS@CHANGI,CHANGI ROAD,Office,"900,000",635.08,"1,417",May-21,Strata,59,"15,254",Freehold,14,01 to 05
PARKLANE SHOPPING MALL,SELEGIE ROAD,Office,"700,000",624.31,"1,121",May-21,Strata,58,"12,069",99 yrs lease commencing from 1974,07,06 to 10
SAMSUNG HUB,CHURCH STREET,Office,"53,097,242","13,110.55","4,050",May-21,Strata,"1,218","43,594",999 yrs lease commencing from 1827,01,06 to 10
HIGH STREET CENTRE,NORTH BRIDGE ROAD,Office,"1,100,000",548.96,"2,004",May-21,Strata,51,"21,569",99 yrs lease commencing from 1969,06,06 to 10
MAXWELL HOUSE,MAXWELL ROAD,Office,"276,800,000","179,468.17","1,542",May-21,Strata,"16,673","16,602",99 yrs lease commencing from 1969,01,-
SUNTEC TOWER ONE,TEMASEK BOULEVARD,Office,"10,330,000","3,078.5","3,356",May-21,Strata,286,"36,119",99 yrs lease commencing from 1989,01,36 to 40
PAYA LEBAR SQUARE,PAYA LEBAR ROAD,Office,"906,000",484.38,"1,870",May-21,Strata,45,"20,133",99 yrs lease commencing from 2011,14,01 to 05
SOHO LIFE,JOO CHIAT ROAD,Office,"512,000",344.45,"1,486",May-21,Strata,32,"16,000",Freehold,15,01 to 05
MIDPOINT ORCHARD,ORCHARD ROAD,Office,"6,300,000",710.42,"8,868",May-21,Strata,66,"95,455",Freehold,09,01 to 05
ORCHARD TOWERS,ORCHARD ROAD,Office,"1,871,000",958,"1,953",May-21,Strata,89,"21,022",Freehold,09,06 to 10
SUNTEC TOWER ONE,TEMASEK BOULEVARD,Office,"6,588,000","2,195.86","3,000",May-21,Strata,204,"32,294",99 yrs lease commencing from 1989,01,36 to 40
N.A.,KIM KEAT LANE,Office,"1,128,000","1,323.97",852,May-21,Strata,123,"9,171",Freehold,12,-
BUKIT TIMAH SHOPPING CENTRE,UPPER BUKIT TIMAH ROAD,Office,"480,000",161.46,"2,973",Apr-21,Strata,15,"32,000",999 yrs lease commencing from 1883,21,01 to 05
SHENTON HOUSE,SHENTON WAY,Office,"1,030,000",559.73,"1,840",Apr-21,Strata,52,"19,808",99 yrs lease commencing from 1969,01,06 to 10
PLUS,CECIL STREET,Office,"4,123,040","1,356.26","3,040",Apr-21,Strata,126,"32,723",99 yrs lease commencing from 1989,01,06 to 10
ORCHARD TOWERS,ORCHARD ROAD,Office,"1,660,000",785.77,"2,113",Apr-21,Strata,73,"22,740",Freehold,09,06 to 10
HIGH STREET CENTRE,NORTH BRIDGE ROAD,Office,"590,000",344.45,"1,713",Apr-21,Strata,32,"18,438",99 yrs lease commencing from 1969,06,01 to 05
ORCHARD TOWERS,ORCHARD ROAD,Office,"1,083,000",570.49,"1,898",Apr-21,Strata,53,"20,434",Freehold,09,11 to 15
PAYA LEBAR SQUARE,PAYA LEBAR ROAD,Office,"1,238,250",635.08,"1,950",Apr-21,Strata,59,"20,987",99 yrs lease commencing from 2011,14,01 to 05
N.A.,ARMENIAN STREET,Office,"3,100,000","1,528.49","2,028",Apr-21,Strata,142,"21,831",99 yrs lease commencing from 2007,06,01 to 05
PAYA LEBAR SQUARE,PAYA LEBAR ROAD,Office,"2,291,900","1,065.64","2,151",Apr-21,Strata,99,"23,151",99 yrs lease commencing from 2011,14,11 to 15
PAYA LEBAR SQUARE,PAYA LEBAR ROAD,Office,"1,088,000",505.91,"2,151",Apr-21,Strata,47,"23,149",99 yrs lease commencing from 2011,14,11 to 15
HAVELOCK2,HAVELOCK ROAD,Office,"1,388,604",742.72,"1,870",Apr-21,Strata,69,"20,125",99 yrs lease commencing from 1983,01,01 to 05
PAYA LEBAR SQUARE,PAYA LEBAR ROAD,Office,"5,482,758","2,551.07","2,149",Apr-21,Strata,237,"23,134",99 yrs lease commencing from 2011,14,06 to 10
PAYA LEBAR SQUARE,PAYA LEBAR ROAD,Office,"17,293,500","8,234.46","2,100",Apr-21,Strata,765,"22,606",99 yrs lease commencing from 2011,14,06 to 10
