{"type":"FeatureCollection","features":[{"type":"Feature","geometry":{"type":"Point","coordinates":[103.837774442377,1.34149897479709]},"properties":{"searchval":"820, THOMSON ROAD, #02-01, MOUNT ALVERNIA HOSPITAL, SG(574623)","blk_no":"820","road_name":"THOMSON ROAD","building":"24-HOUR WALK-IN CLINIC (MOUNT ALVERNIA HOSPITAL)","building_name":"Mount Alvernia Hospital, St Anne Mother & Child Centre Pharmacy","building_type":"PHARMACY","address":"820 THOMSON ROAD 24-HOUR WALK-IN CLINIC (MOUNT ALVERNIA HOSPITAL) SINGAPORE 574623","postal":"574623"}},{"type":"Feature","geometry":{"type":"Point","coordinates":[103.837593772832,1.34181992530127]},"properties":{"searchval":"820, THOMSON ROAD, #02-01, MOUNT ALVERNIA HOSPITAL, SG(574623)","blk_no":"820","road_name":"THOMSON ROAD","building":"MOUNT ALVERNIA HOSPITAL","building_name":"Mount Alvernia Hospital, St Anne Mother & Child Centre Pharmacy","building_type":"PHARMACY","address":"820 THOMSON ROAD MOUNT ALVERNIA HOSPITAL SINGAPORE 574623","postal":"574623"}},{"type":"Feature","geometry":{"type":"Point","coordinates":[103.83611944507,1.27858060226671]},"properties":{"searchval":"5, HOSPITAL DRIVE, #02-00, NATIONAL HEART CENTRE OF SINGAPORE, SG(169609)","blk_no":"5","road_name":"HOSPITAL DRIVE","building":"NATIONAL HEART CENTRE SINGAPORE","building_name":"NATIONAL HEART CENTRE PHARMACY","building_type":"PHARMACY","address":"5 HOSPITAL DRIVE NATIONAL HEART CENTRE SINGAPORE SINGAPORE 169609","postal":"169609"}},{"type":"Feature","geometry":{"type":"Point","coordinates":[103.784084020155,1.29277432702258]},"properties":{"searchval":"1, LOWER KENT RIDGE ROAD, #03--, NUH MEDICAL CENTRE, SG(119082)","blk_no":"1","road_name":"LOWER KENT RIDGE ROAD","building":"LEARNING VISION @ WORK PTE. LTD.","building_name":"NATIONAL UNIVERSITY HOSPITAL(S) PTE LTD (MEDICAL CENTRE PHARMACY)","building_type":"PHARMACY","address":"1 LOWER KENT RIDGE ROAD LEARNING VISION @ WORK PTE. LTD. SINGAPORE 119082","postal":"119082"}},{"type":"Feature","geometry":{"type":"Point","coordinates":[103.784685581372,1.29351287719231]},"properties":{"searchval":"1, LOWER KENT RIDGE ROAD, #03--, NUH MEDICAL CENTRE, SG(119082)","blk_no":"1","road_name":"LOWER KENT RIDGE ROAD","building":"NUH MEDICAL CENTRE","building_name":"NATIONAL UNIVERSITY HOSPITAL(S) PTE LTD (MEDICAL CENTRE PHARMACY)","building_type":"PHARMACY","address":"1 LOWER KENT RIDGE ROAD NUH MEDICAL CENTRE SINGAPORE 119082","postal":"119082"}},{"type":"Feature","geometry":{"type":"Point","coordinates":[103.784084011452,1.29277431990535]},"properties":{"searchval":"1, LOWER KENT RIDGE ROAD, #03--, NUH MEDICAL CENTRE, SG(119082)","blk_no":"1","road_name":"LOWER KENT RIDGE ROAD","building":"ONE@KENTRIDGE","building_name":"NATIONAL UNIVERSITY HOSPITAL(S) PTE LTD (MEDICAL CENTRE PHARMACY)","building_type":"PHARMACY","address":"1 LOWER KENT RIDGE ROAD ONE@KENTRIDGE SINGAPORE 119082","postal":"119082"}},{"type":"Feature","geometry":{"type":"Point","coordinates":[103.885209972539,1.38159451793256]},"properties":{"searchval":"10, BUANGKOK VIEW, #B1-BLK 9, INSTITUTE OF MENTAL HEALTH, SG(539747)","blk_no":"10","road_name":"BUANGKOK VIEW","building":"BUANGKOK GREEN MEDICAL PARK","building_name":"National Addiction Management Services (NAMS) Clinic Pharmacy","building_type":"PHARMACY","address":"10 BUANGKOK VIEW BUANGKOK GREEN MEDICAL PARK SINGAPORE 539747","postal":"539747"}},{"type":"Feature","geometry":{"type":"Point","coordinates":[103.88568945779,1.38108234663561]},"properties":{"searchval":"10, BUANGKOK VIEW, #B1-BLK 9, INSTITUTE OF MENTAL HEALTH, SG(539747)","blk_no":"10","road_name":"BUANGKOK VIEW","building":"BUANGKOK GREEN MEDICAL PARK (ADMIN BLDG)","building_name":"National Addiction Management Services (NAMS) Clinic Pharmacy","building_type":"PHARMACY","address":"10 BUANGKOK VIEW BUANGKOK GREEN MEDICAL PARK (ADMIN BLDG) SINGAPORE 539747","postal":"539747"}},{"type":"Feature","geometry":{"type":"Point","coordinates":[103.884323802695,1.38168746675049]},"properties":{"searchval":"10, BUANGKOK VIEW, #B1-BLK 9, INSTITUTE OF MENTAL HEALTH, SG(539747)","blk_no":"10","road_name":"BUANGKOK VIEW","building":"BUANGKOK GREEN MEDICAL PARK (BLOCK 1)","building_name":"National Addiction Management Services (NAMS) Clinic Pharmacy","building_type":"PHARMACY","address":"10 BUANGKOK VIEW BUANGKOK GREEN MEDICAL PARK (BLOCK 1) SINGAPORE 539747","postal":"539747"}},{"type":"Feature","geometry":{"type":"Point","coordinates":[103.883470654296,1.3817340839087]},"properties":{"searchval":"10, BUANGKOK VIEW, #B1-BLK 9, INSTITUTE OF MENTAL HEALTH, SG(539747)","blk_no":"10","road_name":"BUANGKOK VIEW","building":"BUANGKOK GREEN MEDICAL PARK (BLOCK 2)","building_name":"National Addiction Management Services (NAMS) Clinic Pharmacy","building_type":"PHARMACY","address":"10 BUANGKOK VIEW BUANGKOK GREEN MEDICAL PARK (BLOCK 2) SINGAPORE 539747","postal":"539747"}},{"type":"Feature","geometry":{"type":"Point","coordinates":[103.88410871261,1.38236042570774]},"properties":{"searchval":"10, BUANGKOK VIEW, #B1-BLK 9, INSTITUTE OF MENTAL HEALTH, SG(539747)","blk_no":"10","road_name":"BUANGKOK VIEW","building":"BUANGKOK GREEN MEDICAL PARK (BLOCK 3)","building_name":"National Addiction Management Services (NAMS) Clinic Pharmacy","building_type":"PHARMACY","address":"10 BUANGKOK VIEW BUANGKOK GREEN MEDICAL PARK (BLOCK 3) SINGAPORE 539747","postal":"539747"}},{"type":"Feature","geometry":{"type":"Point","coordinates":[103.884123538418,1.38342963789469]},"properties":{"searchval":"10, BUANGKOK VIEW, #B1-BLK 9, INSTITUTE OF MENTAL HEALTH, SG(539747)","blk_no":"10","road_name":"BUANGKOK VIEW","building":"BUANGKOK GREEN MEDICAL PARK (BLOCK 5)","building_name":"National Addiction Management Services (NAMS) Clinic Pharmacy","building_type":"PHARMACY","address":"10 BUANGKOK VIEW BUANGKOK GREEN MEDICAL PARK (BLOCK 5) SINGAPORE 539747","postal":"539747"}},{"type":"Feature","geometry":{"type":"Point","coordinates":[103.884614268895,1.38398813421503]},"properties":{"searchval":"10, BUANGKOK VIEW, #B1-BLK 9, INSTITUTE OF MENTAL HEALTH, SG(539747)","blk_no":"10","road_name":"BUANGKOK VIEW","building":"BUANGKOK GREEN MEDICAL PARK (BLOCK 6)","building_name":"National Addiction Management Services (NAMS) Clinic Pharmacy","building_type":"PHARMACY","address":"10 BUANGKOK VIEW BUANGKOK GREEN MEDICAL PARK (BLOCK 6) SINGAPORE 539747","postal":"539747"}},{"type":"Feature","geometry":{"type":"Point","coordinates":[103.886304487358,1.38281314718304]},"properties":{"searchval":"10, BUANGKOK VIEW, #B1-BLK 9, INSTITUTE OF MENTAL HEALTH, SG(539747)","blk_no":"10","road_name":"BUANGKOK VIEW","building":"BUANGKOK GREEN MEDICAL PARK (BLOCK 7)","building_name":"National Addiction Management Services (NAMS) Clinic Pharmacy","building_type":"PHARMACY","address":"10 BUANGKOK VIEW BUANGKOK GREEN MEDICAL PARK (BLOCK 7) SINGAPORE 539747","postal":"539747"}},{"type":"Feature","geometry":{"type":"Point","coordinates":[103.885810320562,1.38224284985354]},"properties":{"searchval":"10, BUANGKOK VIEW, #B1-BLK 9, INSTITUTE OF MENTAL HEALTH, SG(539747)","blk_no":"10","road_name":"BUANGKOK VIEW","building":"BUANGKOK GREEN MEDICAL PARK (BLOCK 8)","building_name":"National Addiction Management Services (NAMS) Clinic Pharmacy","building_type":"PHARMACY","address":"10 BUANGKOK VIEW BUANGKOK GREEN MEDICAL PARK (BLOCK 8) SINGAPORE 539747","postal":"539747"}},{"type":"Feature","geometry":{"type":"Point","coordinates":[103.884815635642,1.38211579491623]},"properties":{"searchval":"10, BUANGKOK VIEW, #B1-BLK 9, INSTITUTE OF MENTAL HEALTH, SG(539747)","blk_no":"10","road_name":"BUANGKOK VIEW","building":"INSTITUTE OF MENTAL HEALTH","building_name":"National Addiction Management Services (NAMS) Clinic Pharmacy","building_type":"PHARMACY","address":"10 BUANGKOK VIEW INSTITUTE OF MENTAL HEALTH SINGAPORE 539747","postal":"539747"}},{"type":"Feature","geometry":{"type":"Point","coordinates":[103.83782523214,1.28116823241932]},"properties":{"searchval":"30, HOSPITAL BOULEVARD, #10B-061, SG(168583)","blk_no":"30","road_name":"HOSPITAL BOULEVARD","building":"NATIONAL CANCER CENTRE SINGAPORE","building_name":"National Cancer Center ATU Pharmacy","building_type":"PHARMACY","address":"30 HOSPITAL BOULEVARD NATIONAL CANCER CENTRE SINGAPORE SINGAPORE 168583","postal":"168583"}},{"type":"Feature","geometry":{"type":"Point","coordinates":[103.83782523214,1.28116823241932]},"properties":{"searchval":"30, HOSPITAL BOULEVARD, #02-00, SG(168583)","blk_no":"30","road_name":"HOSPITAL BOULEVARD","building":"NATIONAL CANCER CENTRE SINGAPORE","building_name":"National Cancer Center Oncology Outpatient Pharmacy","building_type":"PHARMACY","address":"30 HOSPITAL BOULEVARD NATIONAL CANCER CENTRE SINGAPORE SINGAPORE 168583","postal":"168583"}},{"type":"Feature","geometry":{"type":"Point","coordinates":[103.847798216735,1.32139722330474]},"properties":{"searchval":"16, JALAN TAN TOCK SENG, #01-00, SG(308442)","blk_no":"16","road_name":"JALAN TAN TOCK SENG","building":"NATIONAL CENTRE FOR INFECTIOUS DISEASES","building_name":"National Centre for Infectious Disease (Outpatient Pharmacy)","building_type":"PHARMACY","address":"16 JALAN TAN TOCK SENG NATIONAL CENTRE FOR INFECTIOUS DISEASES SINGAPORE 308442","postal":"308442"}},{"type":"Feature","geometry":{"type":"Point","coordinates":[103.845677779279,1.3743245905856]},"properties":{"searchval":"21, ANG MO KIO CENTRAL 2, #02-00, ANG MO KIO POLYCLINIC, SG(569666)","blk_no":"21","road_name":"ANG MO KIO CENTRAL 2","building":"ANG MO KIO POLYCLINIC","building_name":"National Healthcare Group Pharmacy (Ang Mo Kio)","building_type":"PHARMACY","address":"21 ANG MO KIO CENTRAL 2 ANG MO KIO POLYCLINIC SINGAPORE 569666","postal":"569666"}},{"type":"Feature","geometry":{"type":"Point","coordinates":[103.845608355051,1.3743114881768]},"properties":{"searchval":"21, ANG MO KIO CENTRAL 2, #02-00, ANG MO KIO POLYCLINIC, SG(569666)","blk_no":"21","road_name":"ANG MO KIO CENTRAL 2","building":"NATIONAL HEALTHCARE GROUP POLYCLINICS (ANG MO KIO POLYCLINIC)","building_name":"National Healthcare Group Pharmacy (Ang Mo Kio)","building_type":"PHARMACY","address":"21 ANG MO KIO CENTRAL 2 NATIONAL HEALTHCARE GROUP POLYCLINICS (ANG MO KIO POLYCLINIC) SINGAPORE 569666","postal":"569666"}},{"type":"Feature","geometry":{"type":"Point","coordinates":[103.887166041622,1.31949365581957]},"properties":{"searchval":"21, GEYLANG EAST CENTRAL, #02-00, GEYLANG POLYCLINIC, SG(389707)","blk_no":"21","road_name":"GEYLANG EAST CENTRAL","building":"GEYLANG POLYCLINIC","building_name":"National Healthcare Group Pharmacy (Geylang)","building_type":"PHARMACY","address":"21 GEYLANG EAST CENTRAL GEYLANG POLYCLINIC SINGAPORE 389707","postal":"389707"}},{"type":"Feature","geometry":{"type":"Point","coordinates":[103.88723418813,1.31948226814405]},"properties":{"searchval":"21, GEYLANG EAST CENTRAL, #02-00, GEYLANG POLYCLINIC, SG(389707)","blk_no":"21","road_name":"GEYLANG EAST CENTRAL","building":"NATIONAL HEALTHCARE GROUP POLYCLINICS (GEYLANG POLYCLINIC)","building_name":"National Healthcare Group Pharmacy (Geylang)","building_type":"PHARMACY","address":"21 GEYLANG EAST CENTRAL NATIONAL HEALTHCARE GROUP POLYCLINICS (GEYLANG POLYCLINIC) SINGAPORE 389707","postal":"389707"}},{"type":"Feature","geometry":{"type":"Point","coordinates":[103.88900146446,1.3699068381066]},"properties":{"searchval":"89, HOUGANG AVENUE 4, #00-00, HOUGANG POLYCLINIC, SG(538829)","blk_no":"89","road_name":"HOUGANG AVENUE 4","building":"HOUGANG POLYCLINIC","building_name":"National Healthcare Group Pharmacy (Hougang)","building_type":"PHARMACY","address":"89 HOUGANG AVENUE 4 HOUGANG POLYCLINIC SINGAPORE 538829","postal":"538829"}},{"type":"Feature","geometry":{"type":"Point","coordinates":[103.888996385371,1.37001805253858]},"properties":{"searchval":"89, HOUGANG AVENUE 4, #00-00, HOUGANG POLYCLINIC, SG(538829)","blk_no":"89","road_name":"HOUGANG AVENUE 4","building":"NATIONAL HEALTHCARE GROUP POLYCLINICS (HOUGANG POLYCLINIC)","building_name":"National Healthcare Group Pharmacy (Hougang)","building_type":"PHARMACY","address":"89 HOUGANG AVENUE 4 NATIONAL HEALTHCARE GROUP POLYCLINICS (HOUGANG POLYCLINIC) SINGAPORE 538829","postal":"538829"}},{"type":"Feature","geometry":{"type":"Point","coordinates":[103.858752270079,1.31678496747374]},"properties":{"searchval":"701, SERANGOON ROAD, #02-00, SG(328263)","blk_no":"701","road_name":"SERANGOON ROAD","building":"KALLANG POLYCLINIC AND LONG TERM CARE","building_name":"National Healthcare Group Pharmacy (Kallang)","building_type":"PHARMACY","address":"701 SERANGOON ROAD KALLANG POLYCLINIC AND LONG TERM CARE SINGAPORE 328263","postal":"328263"}},{"type":"Feature","geometry":{"type":"Point","coordinates":[103.834428037791,1.41820402220914]},"properties":{"searchval":"690, YISHUN RING ROAD, #02-00, SG(769567)","blk_no":"690","road_name":"YISHUN RING ROAD","building":"KHATIB POLYCLINIC","building_name":"National Healthcare Group Pharmacy (Khatib)","building_type":"PHARMACY","address":"690 YISHUN RING ROAD KHATIB POLYCLINIC SINGAPORE 769567","postal":"769567"}},{"type":"Feature","geometry":{"type":"Point","coordinates":[103.834346434792,1.41825079304064]},"properties":{"searchval":"690, YISHUN RING ROAD, #02-00, SG(769567)","blk_no":"690","road_name":"YISHUN RING ROAD","building":"NATIONAL HEALTHCARE GROUP POLYCLINICS (KHATIB POLYCLINIC)","building_name":"National Healthcare Group Pharmacy (Khatib)","building_type":"PHARMACY","address":"690 YISHUN RING ROAD NATIONAL HEALTHCARE GROUP POLYCLINICS (KHATIB POLYCLINIC) SINGAPORE 769567","postal":"769567"}},{"type":"Feature","geometry":{"type":"Point","coordinates":[103.82276363189,1.44826336410158]},"properties":{"searchval":"21, CANBERRA LINK, #01-03, SG(756973)","blk_no":"21","road_name":"CANBERRA LINK","building":"BUKIT CANBERRA","building_name":"National Healthcare Group Pharmacy (Sembawang)","building_type":"PHARMACY","address":"21 CANBERRA LINK BUKIT CANBERRA SINGAPORE 756973","postal":"756973"}},{"type":"Feature","geometry":{"type":"Point","coordinates":[103.822852017484,1.44884901222355]},"properties":{"searchval":"21, CANBERRA LINK, #01-03, SG(756973)","blk_no":"21","road_name":"CANBERRA LINK","building":"BUKIT CANBERRA HAWKER CENTRE","building_name":"National Healthcare Group Pharmacy (Sembawang)","building_type":"PHARMACY","address":"21 CANBERRA LINK BUKIT CANBERRA HAWKER CENTRE SINGAPORE 756973","postal":"756973"}},{"type":"Feature","geometry":{"type":"Point","coordinates":[103.823643654435,1.44723286455361]},"properties":{"searchval":"21, CANBERRA LINK, #01-03, SG(756973)","blk_no":"21","road_name":"CANBERRA LINK","building":"BUKIT CANBERRA SWIMMING COMPLEX","building_name":"National Healthcare Group Pharmacy (Sembawang)","building_type":"PHARMACY","address":"21 CANBERRA LINK BUKIT CANBERRA SWIMMING COMPLEX SINGAPORE 756973","postal":"756973"}},{"type":"Feature","geometry":{"type":"Point","coordinates":[103.822696537456,1.44886944289896]},"properties":{"searchval":"21, CANBERRA LINK, #01-03, SG(756973)","blk_no":"21","road_name":"CANBERRA LINK","building":"NATIONAL HEALTHCARE GROUP POLYCLINICS (SEMBAWANG POLYCLINIC)","building_name":"National Healthcare Group Pharmacy (Sembawang)","building_type":"PHARMACY","address":"21 CANBERRA LINK NATIONAL HEALTHCARE GROUP POLYCLINICS (SEMBAWANG POLYCLINIC) SINGAPORE 756973","postal":"756973"}},{"type":"Feature","geometry":{"type":"Point","coordinates":[103.858989057136,1.33449729734044]},"properties":{"searchval":"2003, LORONG 8 TOA PAYOH, #00-00, TOA PAYOH POLYCLINIC, SG(319260)","blk_no":"2003","road_name":"LORONG 8 TOA PAYOH","building":"NATIONAL HEALTHCARE GROUP POLYCLINICS (TOA PAYOH POLYCLINIC)","building_name":"National Healthcare Group Pharmacy (Toa Payoh)","building_type":"PHARMACY","address":"2003 LORONG 8 TOA PAYOH NATIONAL HEALTHCARE GROUP POLYCLINICS (TOA PAYOH POLYCLINIC) SINGAPORE 319260","postal":"319260"}},{"type":"Feature","geometry":{"type":"Point","coordinates":[103.858956441969,1.33448028627853]},"properties":{"searchval":"2003, LORONG 8 TOA PAYOH, #00-00, TOA PAYOH POLYCLINIC, SG(319260)","blk_no":"2003","road_name":"LORONG 8 TOA PAYOH","building":"TOA PAYOH POLYCLINIC","building_name":"National Healthcare Group Pharmacy (Toa Payoh)","building_type":"PHARMACY","address":"2003 LORONG 8 TOA PAYOH TOA PAYOH POLYCLINIC SINGAPORE 319260","postal":"319260"}},{"type":"Feature","geometry":{"type":"Point","coordinates":[103.775212914803,1.43089322828279]},"properties":{"searchval":"10, WOODLANDS STREET 31, #01-00, WOODLANDS POLYCLINIC, SG(738579)","blk_no":"10","road_name":"WOODLANDS STREET 31","building":"NATIONAL HEALTHCARE GROUP POLYCLINICS (WOODLANDS POLYCLINIC)","building_name":"National Healthcare Group Pharmacy (Woodlands)","building_type":"PHARMACY","address":"10 WOODLANDS STREET 31 NATIONAL HEALTHCARE GROUP POLYCLINICS (WOODLANDS POLYCLINIC) SINGAPORE 738579","postal":"738579"}},{"type":"Feature","geometry":{"type":"Point","coordinates":[103.775226749809,1.43090832690174]},"properties":{"searchval":"10, WOODLANDS STREET 31, #01-00, WOODLANDS POLYCLINIC, SG(738579)","blk_no":"10","road_name":"WOODLANDS STREET 31","building":"WOODLANDS POLYCLINIC","building_name":"National Healthcare Group Pharmacy (Woodlands)","building_type":"PHARMACY","address":"10 WOODLANDS STREET 31 WOODLANDS POLYCLINIC SINGAPORE 738579","postal":"738579"}},{"type":"Feature","geometry":{"type":"Point","coordinates":[103.839190698939,1.43035851992416]},"properties":{"searchval":"2, YISHUN AVENUE 9, #02-00, YISHUN POLYCLINIC, SG(768898)","blk_no":"2","road_name":"YISHUN AVENUE 9","building":"NATIONAL HEALTHCARE GROUP POLYCLINICS (YISHUN POLYCLINIC)","building_name":"National Healthcare Group Pharmacy (Yishun)","building_type":"PHARMACY","address":"2 YISHUN AVENUE 9 NATIONAL HEALTHCARE GROUP POLYCLINICS (YISHUN POLYCLINIC) SINGAPORE 768898","postal":"768898"}},{"type":"Feature","geometry":{"type":"Point","coordinates":[103.839198998268,1.43044404494507]},"properties":{"searchval":"2, YISHUN AVENUE 9, #02-00, YISHUN POLYCLINIC, SG(768898)","blk_no":"2","road_name":"YISHUN AVENUE 9","building":"YISHUN POLYCLINIC","building_name":"National Healthcare Group Pharmacy (Yishun)","building_type":"PHARMACY","address":"2 YISHUN AVENUE 9 YISHUN POLYCLINIC SINGAPORE 768898","postal":"768898"}},{"type":"Feature","geometry":{"type":"Point","coordinates":[103.848941747727,1.32016421260992]},"properties":{"searchval":"1, MANDALAY ROAD, #02B-20, NATIONAL SKIN CENTRE, SG(308205)","blk_no":"1","road_name":"MANDALAY ROAD","building":"NATIONAL SKIN CENTRE","building_name":"National Skin Centre Pharmacy","building_type":"PHARMACY","address":"1 MANDALAY ROAD NATIONAL SKIN CENTRE SINGAPORE 308205","postal":"308205"}},{"type":"Feature","geometry":{"type":"Point","coordinates":[103.747822265461,1.35201517590477]},"properties":{"searchval":"50, BUKIT BATOK WEST AVENUE 3, #01-00, BUKIT BATOK POLYCLINIC, SG(659164)","blk_no":"50","road_name":"BUKIT BATOK WEST AVENUE 3","building":"BUKIT BATOK POLYCLINIC","building_name":"National University Health System Pharmacy (Bukit Batok)","building_type":"PHARMACY","address":"50 BUKIT BATOK WEST AVENUE 3 BUKIT BATOK POLYCLINIC SINGAPORE 659164","postal":"659164"}},{"type":"Feature","geometry":{"type":"Point","coordinates":[103.747906988796,1.35199663489307]},"properties":{"searchval":"50, BUKIT BATOK WEST AVENUE 3, #01-00, BUKIT BATOK POLYCLINIC, SG(659164)","blk_no":"50","road_name":"BUKIT BATOK WEST AVENUE 3","building":"NATIONAL HEALTHCARE GROUP POLYCLINIC'S GALLERY","building_name":"National University Health System Pharmacy (Bukit Batok)","building_type":"PHARMACY","address":"50 BUKIT BATOK WEST AVENUE 3 NATIONAL HEALTHCARE GROUP POLYCLINIC'S GALLERY SINGAPORE 659164","postal":"659164"}},{"type":"Feature","geometry":{"type":"Point","coordinates":[103.747906154201,1.35204039566826]},"properties":{"searchval":"50, BUKIT BATOK WEST AVENUE 3, #01-00, BUKIT BATOK POLYCLINIC, SG(659164)","blk_no":"50","road_name":"BUKIT BATOK WEST AVENUE 3","building":"NATIONAL UNIVERSITY POLYCLINICS (BUKIT BATOK POLYCLINIC)","building_name":"National University Health System Pharmacy (Bukit Batok)","building_type":"PHARMACY","address":"50 BUKIT BATOK WEST AVENUE 3 NATIONAL UNIVERSITY POLYCLINICS (BUKIT BATOK POLYCLINIC) SINGAPORE 659164","postal":"659164"}},{"type":"Feature","geometry":{"type":"Point","coordinates":[103.760166444878,1.38271254101906]},"properties":{"searchval":"50, WOODLANDS ROAD, #04-00, SG(677726)","blk_no":"50","road_name":"WOODLANDS ROAD","building":"NIL","building_name":"National University Health System Pharmacy (Bukit Panjang)","building_type":"PHARMACY","address":"50 WOODLANDS ROAD SINGAPORE 677726","postal":"677726"}},{"type":"Feature","geometry":{"type":"Point","coordinates":[103.750776869899,1.38234139419018]},"properties":{"searchval":"2, TECK WHYE CRESCENT, #01-00, CHOA CHU KANG POLYCLINIC, SG(688846)","blk_no":"2","road_name":"TECK WHYE CRESCENT","building":"CHOA CHU KANG POLYCLINIC","building_name":"National University Health System Pharmacy (Choa Chu Kang)","building_type":"PHARMACY","address":"2 TECK WHYE CRESCENT CHOA CHU KANG POLYCLINIC SINGAPORE 688846","postal":"688846"}},{"type":"Feature","geometry":{"type":"Point","coordinates":[103.750814688256,1.38232431432989]},"properties":{"searchval":"2, TECK WHYE CRESCENT, #01-00, CHOA CHU KANG POLYCLINIC, SG(688846)","blk_no":"2","road_name":"TECK WHYE CRESCENT","building":"NATIONAL UNIVERSITY POLYCLINICS (CHOA CHU KANG POLYCLINIC)","building_name":"National University Health System Pharmacy (Choa Chu Kang)","building_type":"PHARMACY","address":"2 TECK WHYE CRESCENT NATIONAL UNIVERSITY POLYCLINICS (CHOA CHU KANG POLYCLINIC) SINGAPORE 688846","postal":"688846"}},{"type":"Feature","geometry":{"type":"Point","coordinates":[103.765476495005,1.31248109025097]},"properties":{"searchval":"451, CLEMENTI AVENUE 3, #02-307, SG(120451)","blk_no":"451","road_name":"CLEMENTI AVENUE 3","building":"CLEMENTI POLYCLINIC","building_name":"National University Health System Pharmacy (Clementi)","building_type":"PHARMACY","address":"451 CLEMENTI AVENUE 3 CLEMENTI POLYCLINIC SINGAPORE 120451","postal":"120451"}},{"type":"Feature","geometry":{"type":"Point","coordinates":[103.76584669599,1.31274380194655]},"properties":{"searchval":"451, CLEMENTI AVENUE 3, #02-307, SG(120451)","blk_no":"451","road_name":"CLEMENTI AVENUE 3","building":"NATIONAL UNIVERSITY POLYCLINICS (CLEMENTI POLYCLINIC)","building_name":"National University Health System Pharmacy (Clementi)","building_type":"PHARMACY","address":"451 CLEMENTI AVENUE 3 NATIONAL UNIVERSITY POLYCLINICS (CLEMENTI POLYCLINIC) SINGAPORE 120451","postal":"120451"}},{"type":"Feature","geometry":{"type":"Point","coordinates":[103.765972696128,1.31285148143647]},"properties":{"searchval":"451, CLEMENTI AVENUE 3, #02-307, SG(120451)","blk_no":"451","road_name":"CLEMENTI AVENUE 3","building":"YAMAHA MUSIC ACADEMY","building_name":"National University Health System Pharmacy (Clementi)","building_type":"PHARMACY","address":"451 CLEMENTI AVENUE 3 YAMAHA MUSIC ACADEMY SINGAPORE 120451","postal":"120451"}},{"type":"Feature","geometry":{"type":"Point","coordinates":[103.730717863166,1.34971979663763]},"properties":{"searchval":"190, JURONG EAST AVENUE 1, #01-00, JURONG POLYCLINIC, SG(609788)","blk_no":"190","road_name":"JURONG EAST AVENUE 1","building":"JURONG POLYCLINIC","building_name":"National University Health System Pharmacy (Jurong)","building_type":"PHARMACY","address":"190 JURONG EAST AVENUE 1 JURONG POLYCLINIC SINGAPORE 609788","postal":"609788"}},{"type":"Feature","geometry":{"type":"Point","coordinates":[103.730767092044,1.34969254866294]},"properties":{"searchval":"190, JURONG EAST AVENUE 1, #01-00, JURONG POLYCLINIC, SG(609788)","blk_no":"190","road_name":"JURONG EAST AVENUE 1","building":"NATIONAL UNIVERSITY POLYCLINICS (JURONG POLYCLINIC)","building_name":"National University Health System Pharmacy (Jurong)","building_type":"PHARMACY","address":"190 JURONG EAST AVENUE 1 NATIONAL UNIVERSITY POLYCLINICS (JURONG POLYCLINIC) SINGAPORE 609788","postal":"609788"}},{"type":"Feature","geometry":{"type":"Point","coordinates":[103.699014641414,1.33856179501564]},"properties":{"searchval":"26, JURONG WEST STREET 61, #02-00, PIONEER POLYCLINIC, SG(648201)","blk_no":"26","road_name":"JURONG WEST STREET 61","building":"NATIONAL UNIVERSITY POLYCLINICS (PIONEER POLYCLINIC)","building_name":"National University Health System Pharmacy (Pioneer)","building_type":"PHARMACY","address":"26 JURONG WEST STREET 61 NATIONAL UNIVERSITY POLYCLINICS (PIONEER POLYCLINIC) SINGAPORE 648201","postal":"648201"}},{"type":"Feature","geometry":{"type":"Point","coordinates":[103.698979334424,1.33856225129697]},"properties":{"searchval":"26, JURONG WEST STREET 61, #02-00, PIONEER POLYCLINIC, SG(648201)","blk_no":"26","road_name":"JURONG WEST STREET 61","building":"PIONEER POLYCLINIC","building_name":"National University Health System Pharmacy (Pioneer)","building_type":"PHARMACY","address":"26 JURONG WEST STREET 61 PIONEER POLYCLINIC SINGAPORE 648201","postal":"648201"}},{"type":"Feature","geometry":{"type":"Point","coordinates":[103.800957796297,1.29847547391978]},"properties":{"searchval":"580, STIRLING ROAD, #02-00, QUEENSTOWN POLYCLINIC, SG(148958)","blk_no":"580","road_name":"STIRLING ROAD","building":"NATIONAL UNIVERSITY POLYCLINICS (QUEENSTOWN POLYCLINIC)","building_name":"National University Health System Pharmacy (Queenstown)","building_type":"PHARMACY","address":"580 STIRLING ROAD NATIONAL UNIVERSITY POLYCLINICS (QUEENSTOWN POLYCLINIC) SINGAPORE 148958","postal":"148958"}},{"type":"Feature","geometry":{"type":"Point","coordinates":[103.801017702348,1.2984730688522]},"properties":{"searchval":"580, STIRLING ROAD, #02-00, QUEENSTOWN POLYCLINIC, SG(148958)","blk_no":"580","road_name":"STIRLING ROAD","building":"QUEENSTOWN POLYCLINIC","building_name":"National University Health System Pharmacy (Queenstown)","building_type":"PHARMACY","address":"580 STIRLING ROAD QUEENSTOWN POLYCLINIC SINGAPORE 148958","postal":"148958"}},{"type":"Feature","geometry":{"type":"Point","coordinates":[103.783725795673,1.29483554189273]},"properties":{"searchval":"5, LOWER KENT RIDGE ROAD, #F01-01/02, NATIONAL UNIVERSITY HOSPITAL, SG(119074)","blk_no":"5","road_name":"LOWER KENT RIDGE ROAD","building":"CHILDREN'S MEDICAL INSTITUTE (NATIONAL UNIVERSITY HOSPITAL)","building_name":"National University Hospital (S) Pte Ltd (Main Building Pharmacy)","building_type":"PHARMACY","address":"5 LOWER KENT RIDGE ROAD CHILDREN'S MEDICAL INSTITUTE (NATIONAL UNIVERSITY HOSPITAL) SINGAPORE 119074","postal":"119074"}},{"type":"Feature","geometry":{"type":"Point","coordinates":[103.782736313441,1.29348864960673]},"properties":{"searchval":"5, LOWER KENT RIDGE ROAD, #F01-01/02, NATIONAL UNIVERSITY HOSPITAL, SG(119074)","blk_no":"5","road_name":"LOWER KENT RIDGE ROAD","building":"KTP-NUCMI (NUHKIDS)","building_name":"National University Hospital (S) Pte Ltd (Main Building Pharmacy)","building_type":"PHARMACY","address":"5 LOWER KENT RIDGE ROAD KTP-NUCMI (NUHKIDS) SINGAPORE 119074","postal":"119074"}},{"type":"Feature","geometry":{"type":"Point","coordinates":[103.783686678031,1.29442026340382]},"properties":{"searchval":"5, LOWER KENT RIDGE ROAD, #F01-01/02, NATIONAL UNIVERSITY HOSPITAL, SG(119074)","blk_no":"5","road_name":"LOWER KENT RIDGE ROAD","building":"NATIONAL UNIVERSITY HOSPITAL","building_name":"National University Hospital (S) Pte Ltd (Main Building Pharmacy)","building_type":"PHARMACY","address":"5 LOWER KENT RIDGE ROAD NATIONAL UNIVERSITY HOSPITAL SINGAPORE 119074","postal":"119074"}},{"type":"Feature","geometry":{"type":"Point","coordinates":[103.782709518934,1.29395306211292]},"properties":{"searchval":"5, LOWER KENT RIDGE ROAD, #F01-01/02, NATIONAL UNIVERSITY HOSPITAL, SG(119074)","blk_no":"5","road_name":"LOWER KENT RIDGE ROAD","building":"NATIONAL UNIVERSITY HOSPITAL (FUNCTIONAL IMAGING CENTRE) (FIC)","building_name":"National University Hospital (S) Pte Ltd (Main Building Pharmacy)","building_type":"PHARMACY","address":"5 LOWER KENT RIDGE ROAD NATIONAL UNIVERSITY HOSPITAL (FUNCTIONAL IMAGING CENTRE) (FIC) SINGAPORE 119074","postal":"119074"}},{"type":"Feature","geometry":{"type":"Point","coordinates":[103.783549607648,1.29317024763764]},"properties":{"searchval":"5, LOWER KENT RIDGE ROAD, #F01-01/02, NATIONAL UNIVERSITY HOSPITAL, SG(119074)","blk_no":"5","road_name":"LOWER KENT RIDGE ROAD","building":"NATIONAL UNIVERSITY HOSPITAL (KENT RIDGE WING 2)","building_name":"National University Hospital (S) Pte Ltd (Main Building Pharmacy)","building_type":"PHARMACY","address":"5 LOWER KENT RIDGE ROAD NATIONAL UNIVERSITY HOSPITAL (KENT RIDGE WING 2) SINGAPORE 119074","postal":"119074"}},{"type":"Feature","geometry":{"type":"Point","coordinates":[103.784084020155,1.29277432702258]},"properties":{"searchval":"1, LOWER KENT RIDGE ROAD, #9-00, NUH MEDICAL CENTRE, SG(119082)","blk_no":"1","road_name":"LOWER KENT RIDGE ROAD","building":"LEARNING VISION @ WORK PTE. LTD.","building_name":"National University Hospital (s) Pte Ltd (Pharmacy @ NCIS)","building_type":"PHARMACY","address":"1 LOWER KENT RIDGE ROAD LEARNING VISION @ WORK PTE. LTD. SINGAPORE 119082","postal":"119082"}},{"type":"Feature","geometry":{"type":"Point","coordinates":[103.784685581372,1.29351287719231]},"properties":{"searchval":"1, LOWER KENT RIDGE ROAD, #9-00, NUH MEDICAL CENTRE, SG(119082)","blk_no":"1","road_name":"LOWER KENT RIDGE ROAD","building":"NUH MEDICAL CENTRE","building_name":"National University Hospital (s) Pte Ltd (Pharmacy @ NCIS)","building_type":"PHARMACY","address":"1 LOWER KENT RIDGE ROAD NUH MEDICAL CENTRE SINGAPORE 119082","postal":"119082"}},{"type":"Feature","geometry":{"type":"Point","coordinates":[103.784084011452,1.29277431990535]},"properties":{"searchval":"1, LOWER KENT RIDGE ROAD, #9-00, NUH MEDICAL CENTRE, SG(119082)","blk_no":"1","road_name":"LOWER KENT RIDGE ROAD","building":"ONE@KENTRIDGE","building_name":"National University Hospital (s) Pte Ltd (Pharmacy @ NCIS)","building_type":"PHARMACY","address":"1 LOWER KENT RIDGE ROAD ONE@KENTRIDGE SINGAPORE 119082","postal":"119082"}},{"type":"Feature","geometry":{"type":"Point","coordinates":[103.783725795673,1.29483554189273]},"properties":{"searchval":"5, LOWER KENT RIDGE ROAD, #03-01, NATIONAL UNIVERSITY HOSPITAL, SG(119074)","blk_no":"5","road_name":"LOWER KENT RIDGE ROAD","building":"CHILDREN'S MEDICAL INSTITUTE (NATIONAL UNIVERSITY HOSPITAL)","building_name":"National University Hospital - Kent Ridge Wing Pharmacy","building_type":"PHARMACY","address":"5 LOWER KENT RIDGE ROAD CHILDREN'S MEDICAL INSTITUTE (NATIONAL UNIVERSITY HOSPITAL) SINGAPORE 119074","postal":"119074"}},{"type":"Feature","geometry":{"type":"Point","coordinates":[103.782736313441,1.29348864960673]},"properties":{"searchval":"5, LOWER KENT RIDGE ROAD, #03-01, NATIONAL UNIVERSITY HOSPITAL, SG(119074)","blk_no":"5","road_name":"LOWER KENT RIDGE ROAD","building":"KTP-NUCMI (NUHKIDS)","building_name":"National University Hospital - Kent Ridge Wing Pharmacy","building_type":"PHARMACY","address":"5 LOWER KENT RIDGE ROAD KTP-NUCMI (NUHKIDS) SINGAPORE 119074","postal":"119074"}},{"type":"Feature","geometry":{"type":"Point","coordinates":[103.783686678031,1.29442026340382]},"properties":{"searchval":"5, LOWER KENT RIDGE ROAD, #03-01, NATIONAL UNIVERSITY HOSPITAL, SG(119074)","blk_no":"5","road_name":"LOWER KENT RIDGE ROAD","building":"NATIONAL UNIVERSITY HOSPITAL","building_name":"National University Hospital - Kent Ridge Wing Pharmacy","building_type":"PHARMACY","address":"5 LOWER KENT RIDGE ROAD NATIONAL UNIVERSITY HOSPITAL SINGAPORE 119074","postal":"119074"}},{"type":"Feature","geometry":{"type":"Point","coordinates":[103.782709518934,1.29395306211292]},"properties":{"searchval":"5, LOWER KENT RIDGE ROAD, #03-01, NATIONAL UNIVERSITY HOSPITAL, SG(119074)","blk_no":"5","road_name":"LOWER KENT RIDGE ROAD","building":"NATIONAL UNIVERSITY HOSPITAL (FUNCTIONAL IMAGING CENTRE) (FIC)","building_name":"National University Hospital - Kent Ridge Wing Pharmacy","building_type":"PHARMACY","address":"5 LOWER KENT RIDGE ROAD NATIONAL UNIVERSITY HOSPITAL (FUNCTIONAL IMAGING CENTRE) (FIC) SINGAPORE 119074","postal":"119074"}},{"type":"Feature","geometry":{"type":"Point","coordinates":[103.783549607648,1.29317024763764]},"properties":{"searchval":"5, LOWER KENT RIDGE ROAD, #03-01, NATIONAL UNIVERSITY HOSPITAL, SG(119074)","blk_no":"5","road_name":"LOWER KENT RIDGE ROAD","building":"NATIONAL UNIVERSITY HOSPITAL (KENT RIDGE WING 2)","building_name":"National University Hospital - Kent Ridge Wing Pharmacy","building_type":"PHARMACY","address":"5 LOWER KENT RIDGE ROAD NATIONAL UNIVERSITY HOSPITAL (KENT RIDGE WING 2) SINGAPORE 119074","postal":"119074"}},{"type":"Feature","geometry":{"type":"Point","coordinates":[103.746634963937,1.33260943666141]},"properties":{"searchval":"1, JURONG EAST STREET 21, #L2-TOWER A, SG(609606)","blk_no":"1","road_name":"JURONG EAST STREET 21","building":"JURONG COMMUNITY HOSPITAL","building_name":"Ng Teng Fong General Hospital Outpatient & Retail Pharmacy","building_type":"PHARMACY","address":"1 JURONG EAST STREET 21 JURONG COMMUNITY HOSPITAL SINGAPORE 609606","postal":"609606"}},{"type":"Feature","geometry":{"type":"Point","coordinates":[103.745448362928,1.33360619131534]},"properties":{"searchval":"1, JURONG EAST STREET 21, #L2-TOWER A, SG(609606)","blk_no":"1","road_name":"JURONG EAST STREET 21","building":"NG TENG FONG GENERAL HOSPITAL","building_name":"Ng Teng Fong General Hospital Outpatient & Retail Pharmacy","building_type":"PHARMACY","address":"1 JURONG EAST STREET 21 NG TENG FONG GENERAL HOSPITAL SINGAPORE 609606","postal":"609606"}},{"type":"Feature","geometry":{"type":"Point","coordinates":[103.74422181587,1.33468279439727]},"properties":{"searchval":"1, JURONG EAST STREET 21, #L2-TOWER A, SG(609606)","blk_no":"1","road_name":"JURONG EAST STREET 21","building":"NG TENG FONG GENERAL HOSPITAL (TOWER A)","building_name":"Ng Teng Fong General Hospital Outpatient & Retail Pharmacy","building_type":"PHARMACY","address":"1 JURONG EAST STREET 21 NG TENG FONG GENERAL HOSPITAL (TOWER A) SINGAPORE 609606","postal":"609606"}},{"type":"Feature","geometry":{"type":"Point","coordinates":[103.745566861424,1.33346311444808]},"properties":{"searchval":"1, JURONG EAST STREET 21, #L2-TOWER A, SG(609606)","blk_no":"1","road_name":"JURONG EAST STREET 21","building":"NG TENG FONG GENERAL HOSPITAL (TOWER B)","building_name":"Ng Teng Fong General Hospital Outpatient & Retail Pharmacy","building_type":"PHARMACY","address":"1 JURONG EAST STREET 21 NG TENG FONG GENERAL HOSPITAL (TOWER B) SINGAPORE 609606","postal":"609606"}},{"type":"Feature","geometry":{"type":"Point","coordinates":[103.746622647549,1.33268762821723]},"properties":{"searchval":"1, JURONG EAST STREET 21, #L2-TOWER A, SG(609606)","blk_no":"1","road_name":"JURONG EAST STREET 21","building":"NG TENG FONG GENERAL HOSPITAL (TOWER C)","building_name":"Ng Teng Fong General Hospital Outpatient & Retail Pharmacy","building_type":"PHARMACY","address":"1 JURONG EAST STREET 21 NG TENG FONG GENERAL HOSPITAL (TOWER C) SINGAPORE 609606","postal":"609606"}},{"type":"Feature","geometry":{"type":"Point","coordinates":[103.831507365654,1.30580981580562]},"properties":{"searchval":"350, ORCHARD ROAD, #B1-00, SHAW HOUSE, SG(238868)","blk_no":"350","road_name":"ORCHARD ROAD","building":"SHAW HOUSE","building_name":"Nishino Pharmacy (Shaw House)","building_type":"PHARMACY","address":"350 ORCHARD ROAD SHAW HOUSE SINGAPORE 238868","postal":"238868"}},{"type":"Feature","geometry":{"type":"Point","coordinates":[103.831518269245,1.30586800624384]},"properties":{"searchval":"350, ORCHARD ROAD, #B1-00, SHAW HOUSE, SG(238868)","blk_no":"350","road_name":"ORCHARD ROAD","building":"SHAW THEATRES LIDO","building_name":"Nishino Pharmacy (Shaw House)","building_type":"PHARMACY","address":"350 ORCHARD ROAD SHAW THEATRES LIDO SINGAPORE 238868","postal":"238868"}},{"type":"Feature","geometry":{"type":"Point","coordinates":[103.834676124723,1.30242417189411]},"properties":{"searchval":"391A, ORCHARD ROAD, #B201-7, NGEE ANN CITY TOWER A, SG(238873)","blk_no":"391A","road_name":"ORCHARD ROAD","building":"NGEE ANN CITY","building_name":"Nishino Pharmacy (Takashimaya)","building_type":"PHARMACY","address":"391A ORCHARD ROAD NGEE ANN CITY SINGAPORE 238873","postal":"238873"}},{"type":"Feature","geometry":{"type":"Point","coordinates":[103.829352193027,1.30756236897064]},"properties":{"searchval":"1, CLAYMORE DRIVE, #01-08/09, ORCHARD TOWERS, SG(229594)","blk_no":"1","road_name":"CLAYMORE DRIVE","building":"EMBASSY OF ROMANIA","building_name":"P & L PHARMACY PTE LTD","building_type":"PHARMACY","address":"1 CLAYMORE DRIVE EMBASSY OF ROMANIA SINGAPORE 229594","postal":"229594"}},{"type":"Feature","geometry":{"type":"Point","coordinates":[103.829476735628,1.30758079522771]},"properties":{"searchval":"1, CLAYMORE DRIVE, #01-08/09, ORCHARD TOWERS, SG(229594)","blk_no":"1","road_name":"CLAYMORE DRIVE","building":"ORCHARD TOWERS","building_name":"P & L PHARMACY PTE LTD","building_type":"PHARMACY","address":"1 CLAYMORE DRIVE ORCHARD TOWERS SINGAPORE 229594","postal":"229594"}},{"type":"Feature","geometry":{"type":"Point","coordinates":[103.949306367827,1.33946174229267]},"properties":{"searchval":"2A, SIMEI STREET 3, #01-00, CHANGI GENERAL HOSPITAL, SG(529906)","blk_no":"2A","road_name":"SIMEI STREET 3","building":"CGH MEDICAL CENTRE","building_name":"PHARMACY @ CGH MEDICAL CENTRE","building_type":"PHARMACY","address":"2A SIMEI STREET 3 CGH MEDICAL CENTRE SINGAPORE 529906","postal":"529906"}},{"type":"Feature","geometry":{"type":"Point","coordinates":[103.908991427057,1.31506868762293]},"properties":{"searchval":"321, JOO CHIAT PLACE, #01-00, PARKWAY EAST HOSPITAL, SG(427990)","blk_no":"321","road_name":"JOO CHIAT PLACE","building":"24-HOUR OUTPATIENT CLINIC (EAST SHORE MEDICAL CENTRE)","building_name":"Parkway East Hospital Pharmacy","building_type":"PHARMACY","address":"321 JOO CHIAT PLACE 24-HOUR OUTPATIENT CLINIC (EAST SHORE MEDICAL CENTRE) SINGAPORE 427990","postal":"427990"}},{"type":"Feature","geometry":{"type":"Point","coordinates":[103.908756858682,1.31508823271314]},"properties":{"searchval":"321, JOO CHIAT PLACE, #01-00, PARKWAY EAST HOSPITAL, SG(427990)","blk_no":"321","road_name":"JOO CHIAT PLACE","building":"PARKWAY EAST HOSPITAL","building_name":"Parkway East Hospital Pharmacy","building_type":"PHARMACY","address":"321 JOO CHIAT PLACE PARKWAY EAST HOSPITAL SINGAPORE 427990","postal":"427990"}},{"type":"Feature","geometry":{"type":"Point","coordinates":[103.869082561303,1.37446629705356]},"properties":{"searchval":"6, SERANGOON NORTH AVENUE 5, #03-12, SG(554910)","blk_no":"6","road_name":"SERANGOON NORTH AVENUE 5","building":"NIL","building_name":"Pharmacy Services Centre 2","building_type":"PHARMACY","address":"6 SERANGOON NORTH AVENUE 5 SINGAPORE 554910","postal":"554910"}},{"type":"Feature","geometry":{"type":"Point","coordinates":[103.885209972539,1.38159451793256]},"properties":{"searchval":"10, BUANGKOK VIEW, #L1-00-01, INSTITUTE OF MENTAL HEALTH, SG(539747)","blk_no":"10","road_name":"BUANGKOK VIEW","building":"BUANGKOK GREEN MEDICAL PARK","building_name":"Pharmacy Services Centre, NHG (Blk 9)","building_type":"PHARMACY","address":"10 BUANGKOK VIEW BUANGKOK GREEN MEDICAL PARK SINGAPORE 539747","postal":"539747"}},{"type":"Feature","geometry":{"type":"Point","coordinates":[103.88568945779,1.38108234663561]},"properties":{"searchval":"10, BUANGKOK VIEW, #L1-00-01, INSTITUTE OF MENTAL HEALTH, SG(539747)","blk_no":"10","road_name":"BUANGKOK VIEW","building":"BUANGKOK GREEN MEDICAL PARK (ADMIN BLDG)","building_name":"Pharmacy Services Centre, NHG (Blk 9)","building_type":"PHARMACY","address":"10 BUANGKOK VIEW BUANGKOK GREEN MEDICAL PARK (ADMIN BLDG) SINGAPORE 539747","postal":"539747"}},{"type":"Feature","geometry":{"type":"Point","coordinates":[103.884323802695,1.38168746675049]},"properties":{"searchval":"10, BUANGKOK VIEW, #L1-00-01, INSTITUTE OF MENTAL HEALTH, SG(539747)","blk_no":"10","road_name":"BUANGKOK VIEW","building":"BUANGKOK GREEN MEDICAL PARK (BLOCK 1)","building_name":"Pharmacy Services Centre, NHG (Blk 9)","building_type":"PHARMACY","address":"10 BUANGKOK VIEW BUANGKOK GREEN MEDICAL PARK (BLOCK 1) SINGAPORE 539747","postal":"539747"}},{"type":"Feature","geometry":{"type":"Point","coordinates":[103.883470654296,1.3817340839087]},"properties":{"searchval":"10, BUANGKOK VIEW, #L1-00-01, INSTITUTE OF MENTAL HEALTH, SG(539747)","blk_no":"10","road_name":"BUANGKOK VIEW","building":"BUANGKOK GREEN MEDICAL PARK (BLOCK 2)","building_name":"Pharmacy Services Centre, NHG (Blk 9)","building_type":"PHARMACY","address":"10 BUANGKOK VIEW BUANGKOK GREEN MEDICAL PARK (BLOCK 2) SINGAPORE 539747","postal":"539747"}},{"type":"Feature","geometry":{"type":"Point","coordinates":[103.88410871261,1.38236042570774]},"properties":{"searchval":"10, BUANGKOK VIEW, #L1-00-01, INSTITUTE OF MENTAL HEALTH, SG(539747)","blk_no":"10","road_name":"BUANGKOK VIEW","building":"BUANGKOK GREEN MEDICAL PARK (BLOCK 3)","building_name":"Pharmacy Services Centre, NHG (Blk 9)","building_type":"PHARMACY","address":"10 BUANGKOK VIEW BUANGKOK GREEN MEDICAL PARK (BLOCK 3) SINGAPORE 539747","postal":"539747"}},{"type":"Feature","geometry":{"type":"Point","coordinates":[103.884123538418,1.38342963789469]},"properties":{"searchval":"10, BUANGKOK VIEW, #L1-00-01, INSTITUTE OF MENTAL HEALTH, SG(539747)","blk_no":"10","road_name":"BUANGKOK VIEW","building":"BUANGKOK GREEN MEDICAL PARK (BLOCK 5)","building_name":"Pharmacy Services Centre, NHG (Blk 9)","building_type":"PHARMACY","address":"10 BUANGKOK VIEW BUANGKOK GREEN MEDICAL PARK (BLOCK 5) SINGAPORE 539747","postal":"539747"}},{"type":"Feature","geometry":{"type":"Point","coordinates":[103.884614268895,1.38398813421503]},"properties":{"searchval":"10, BUANGKOK VIEW, #L1-00-01, INSTITUTE OF MENTAL HEALTH, SG(539747)","blk_no":"10","road_name":"BUANGKOK VIEW","building":"BUANGKOK GREEN MEDICAL PARK (BLOCK 6)","building_name":"Pharmacy Services Centre, NHG (Blk 9)","building_type":"PHARMACY","address":"10 BUANGKOK VIEW BUANGKOK GREEN MEDICAL PARK (BLOCK 6) SINGAPORE 539747","postal":"539747"}},{"type":"Feature","geometry":{"type":"Point","coordinates":[103.886304487358,1.38281314718304]},"properties":{"searchval":"10, BUANGKOK VIEW, #L1-00-01, INSTITUTE OF MENTAL HEALTH, SG(539747)","blk_no":"10","road_name":"BUANGKOK VIEW","building":"BUANGKOK GREEN MEDICAL PARK (BLOCK 7)","building_name":"Pharmacy Services Centre, NHG (Blk 9)","building_type":"PHARMACY","address":"10 BUANGKOK VIEW BUANGKOK GREEN MEDICAL PARK (BLOCK 7) SINGAPORE 539747","postal":"539747"}},{"type":"Feature","geometry":{"type":"Point","coordinates":[103.885810320562,1.38224284985354]},"properties":{"searchval":"10, BUANGKOK VIEW, #L1-00-01, INSTITUTE OF MENTAL HEALTH, SG(539747)","blk_no":"10","road_name":"BUANGKOK VIEW","building":"BUANGKOK GREEN MEDICAL PARK (BLOCK 8)","building_name":"Pharmacy Services Centre, NHG (Blk 9)","building_type":"PHARMACY","address":"10 BUANGKOK VIEW BUANGKOK GREEN MEDICAL PARK (BLOCK 8) SINGAPORE 539747","postal":"539747"}},{"type":"Feature","geometry":{"type":"Point","coordinates":[103.884815635642,1.38211579491623]},"properties":{"searchval":"10, BUANGKOK VIEW, #L1-00-01, INSTITUTE OF MENTAL HEALTH, SG(539747)","blk_no":"10","road_name":"BUANGKOK VIEW","building":"INSTITUTE OF MENTAL HEALTH","building_name":"Pharmacy Services Centre, NHG (Blk 9)","building_type":"PHARMACY","address":"10 BUANGKOK VIEW INSTITUTE OF MENTAL HEALTH SINGAPORE 539747","postal":"539747"}},{"type":"Feature","geometry":{"type":"Point","coordinates":[103.949633084403,1.34053138453855]},"properties":{"searchval":"2, SIMEI STREET 3, #J1-01, CHANGI GENERAL HOSPITAL, SG(529889)","blk_no":"2","road_name":"SIMEI STREET 3","building":"SINGAPORE CHUNG HWA MEDICAL INSTITUTION","building_name":"Pharmacy@IB, CGH (The Integrated Building)","building_type":"PHARMACY","address":"2 SIMEI STREET 3 SINGAPORE CHUNG HWA MEDICAL INSTITUTION SINGAPORE 529889","postal":"529889"}},{"type":"Feature","geometry":{"type":"Point","coordinates":[103.763539548609,1.32518140085515]},"properties":{"searchval":"1, CLEMENTI LOOP, #05-02, SG(129808)","blk_no":"1","road_name":"CLEMENTI LOOP","building":"CLEMENTI WEST LOGISPARK","building_name":"Princeton Pharmacy (S) Pte Ltd","building_type":"PHARMACY","address":"1 CLEMENTI LOOP CLEMENTI WEST LOGISPARK SINGAPORE 129808","postal":"129808"}},{"type":"Feature","geometry":{"type":"Point","coordinates":[103.857243718624,1.30114329771677]},"properties":{"searchval":"585, NORTH BRIDGE ROAD, #01-00, RAFFLES HOSPITAL, SG(188770)","blk_no":"585","road_name":"NORTH BRIDGE ROAD","building":"24 HOUR WALK-IN CLINIC ACCIDENT & EMERGENCY (RAFFLES HOSPITAL)","building_name":"Raffles Health","building_type":"PHARMACY","address":"585 NORTH BRIDGE ROAD 24 HOUR WALK-IN CLINIC ACCIDENT & EMERGENCY (RAFFLES HOSPITAL) SINGAPORE 188770","postal":"188770"}},{"type":"Feature","geometry":{"type":"Point","coordinates":[103.857465501729,1.30118153061216]},"properties":{"searchval":"585, NORTH BRIDGE ROAD, #01-00, RAFFLES HOSPITAL, SG(188770)","blk_no":"585","road_name":"NORTH BRIDGE ROAD","building":"RAFFLES HOSPITAL","building_name":"Raffles Health","building_type":"PHARMACY","address":"585 NORTH BRIDGE ROAD RAFFLES HOSPITAL SINGAPORE 188770","postal":"188770"}},{"type":"Feature","geometry":{"type":"Point","coordinates":[103.856827694087,1.30120424117778]},"properties":{"searchval":"585, NORTH BRIDGE ROAD, #01-00, RAFFLES HOSPITAL, SG(188770)","blk_no":"585","road_name":"NORTH BRIDGE ROAD","building":"RAFFLES SPECIALIST CENTRE","building_name":"Raffles Health","building_type":"PHARMACY","address":"585 NORTH BRIDGE ROAD RAFFLES SPECIALIST CENTRE SINGAPORE 188770","postal":"188770"}},{"type":"Feature","geometry":{"type":"Point","coordinates":[103.830721773534,1.27993968752129]},"properties":{"searchval":"1, HOSPITAL CRESCENT, #01-00, SINGAPORE GENERAL HOSPITAL, SG(169608)","blk_no":"1","road_name":"HOSPITAL CRESCENT","building":"MSCP 'H'","building_name":"SGH BOWYER BLOCK PHARMACY","building_type":"PHARMACY","address":"1 HOSPITAL CRESCENT MSCP 'H' SINGAPORE 169608","postal":"169608"}},{"type":"Feature","geometry":{"type":"Point","coordinates":[103.835541764663,1.27964383970221]},"properties":{"searchval":"1, HOSPITAL CRESCENT, #01-00, SINGAPORE GENERAL HOSPITAL, SG(169608)","blk_no":"1","road_name":"HOSPITAL CRESCENT","building":"SINGAPORE GENERAL HOSPITAL","building_name":"SGH BOWYER BLOCK PHARMACY","building_type":"PHARMACY","address":"1 HOSPITAL CRESCENT SINGAPORE GENERAL HOSPITAL SINGAPORE 169608","postal":"169608"}},{"type":"Feature","geometry":{"type":"Point","coordinates":[103.834043063918,1.27842873276778]},"properties":{"searchval":"1, HOSPITAL CRESCENT, #01-00, SINGAPORE GENERAL HOSPITAL, SG(169608)","blk_no":"1","road_name":"HOSPITAL CRESCENT","building":"SINGAPORE GENERAL HOSPITAL (BLK 1)","building_name":"SGH BOWYER BLOCK PHARMACY","building_type":"PHARMACY","address":"1 HOSPITAL CRESCENT SINGAPORE GENERAL HOSPITAL (BLK 1) SINGAPORE 169608","postal":"169608"}},{"type":"Feature","geometry":{"type":"Point","coordinates":[103.837372757602,1.28062190064223]},"properties":{"searchval":"1, HOSPITAL CRESCENT, #01-00, SINGAPORE GENERAL HOSPITAL, SG(169608)","blk_no":"1","road_name":"HOSPITAL CRESCENT","building":"SINGAPORE GENERAL HOSPITAL (BLK 10)","building_name":"SGH BOWYER BLOCK PHARMACY","building_type":"PHARMACY","address":"1 HOSPITAL CRESCENT SINGAPORE GENERAL HOSPITAL (BLK 10) SINGAPORE 169608","postal":"169608"}},{"type":"Feature","geometry":{"type":"Point","coordinates":[103.83501392087,1.2791186983313]},"properties":{"searchval":"1, HOSPITAL CRESCENT, #01-00, SINGAPORE GENERAL HOSPITAL, SG(169608)","blk_no":"1","road_name":"HOSPITAL CRESCENT","building":"SINGAPORE GENERAL HOSPITAL (BLK 2)","building_name":"SGH BOWYER BLOCK PHARMACY","building_type":"PHARMACY","address":"1 HOSPITAL CRESCENT SINGAPORE GENERAL HOSPITAL (BLK 2) SINGAPORE 169608","postal":"169608"}},{"type":"Feature","geometry":{"type":"Point","coordinates":[103.834303289652,1.27894157919189]},"properties":{"searchval":"1, HOSPITAL CRESCENT, #01-00, SINGAPORE GENERAL HOSPITAL, SG(169608)","blk_no":"1","road_name":"HOSPITAL CRESCENT","building":"SINGAPORE GENERAL HOSPITAL (BLK 3)","building_name":"SGH BOWYER BLOCK PHARMACY","building_type":"PHARMACY","address":"1 HOSPITAL CRESCENT SINGAPORE GENERAL HOSPITAL (BLK 3) SINGAPORE 169608","postal":"169608"}},{"type":"Feature","geometry":{"type":"Point","coordinates":[103.835287765646,1.27952327665787]},"properties":{"searchval":"1, HOSPITAL CRESCENT, #01-00, SINGAPORE GENERAL HOSPITAL, SG(169608)","blk_no":"1","road_name":"HOSPITAL CRESCENT","building":"SINGAPORE GENERAL HOSPITAL (BLK 4)","building_name":"SGH BOWYER BLOCK PHARMACY","building_type":"PHARMACY","address":"1 HOSPITAL CRESCENT SINGAPORE GENERAL HOSPITAL (BLK 4) SINGAPORE 169608","postal":"169608"}},{"type":"Feature","geometry":{"type":"Point","coordinates":[103.834549233006,1.27942106246431]},"properties":{"searchval":"1, HOSPITAL CRESCENT, #01-00, SINGAPORE GENERAL HOSPITAL, SG(169608)","blk_no":"1","road_name":"HOSPITAL CRESCENT","building":"SINGAPORE GENERAL HOSPITAL (BLK 5)","building_name":"SGH BOWYER BLOCK PHARMACY","building_type":"PHARMACY","address":"1 HOSPITAL CRESCENT SINGAPORE GENERAL HOSPITAL (BLK 5) SINGAPORE 169608","postal":"169608"}},{"type":"Feature","geometry":{"type":"Point","coordinates":[103.834800278977,1.28009208766163]},"properties":{"searchval":"1, HOSPITAL CRESCENT, #01-00, SINGAPORE GENERAL HOSPITAL, SG(169608)","blk_no":"1","road_name":"HOSPITAL CRESCENT","building":"SINGAPORE GENERAL HOSPITAL (BLK 6)","building_name":"SGH BOWYER BLOCK PHARMACY","building_type":"PHARMACY","address":"1 HOSPITAL CRESCENT SINGAPORE GENERAL HOSPITAL (BLK 6) SINGAPORE 169608","postal":"169608"}},{"type":"Feature","geometry":{"type":"Point","coordinates":[103.836314417434,1.28055530723361]},"properties":{"searchval":"1, HOSPITAL CRESCENT, #01-00, SINGAPORE GENERAL HOSPITAL, SG(169608)","blk_no":"1","road_name":"HOSPITAL CRESCENT","building":"SINGAPORE GENERAL HOSPITAL (BLK A)","building_name":"SGH BOWYER BLOCK PHARMACY","building_type":"PHARMACY","address":"1 HOSPITAL CRESCENT SINGAPORE GENERAL HOSPITAL (BLK A) SINGAPORE 169608","postal":"169608"}},{"type":"Feature","geometry":{"type":"Point","coordinates":[103.830721773534,1.27993968752129]},"properties":{"searchval":"1, HOSPITAL CRESCENT, #01-00, SINGAPORE GENERAL HOSPITAL, SG(169608)","blk_no":"1","road_name":"HOSPITAL CRESCENT","building":"MSCP 'H'","building_name":"SGH OUTPATIENT PHARMACY (BLK 3)","building_type":"PHARMACY","address":"1 HOSPITAL CRESCENT MSCP 'H' SINGAPORE 169608","postal":"169608"}},{"type":"Feature","geometry":{"type":"Point","coordinates":[103.835541764663,1.27964383970221]},"properties":{"searchval":"1, HOSPITAL CRESCENT, #01-00, SINGAPORE GENERAL HOSPITAL, SG(169608)","blk_no":"1","road_name":"HOSPITAL CRESCENT","building":"SINGAPORE GENERAL HOSPITAL","building_name":"SGH OUTPATIENT PHARMACY (BLK 3)","building_type":"PHARMACY","address":"1 HOSPITAL CRESCENT SINGAPORE GENERAL HOSPITAL SINGAPORE 169608","postal":"169608"}},{"type":"Feature","geometry":{"type":"Point","coordinates":[103.834043063918,1.27842873276778]},"properties":{"searchval":"1, HOSPITAL CRESCENT, #01-00, SINGAPORE GENERAL HOSPITAL, SG(169608)","blk_no":"1","road_name":"HOSPITAL CRESCENT","building":"SINGAPORE GENERAL HOSPITAL (BLK 1)","building_name":"SGH OUTPATIENT PHARMACY (BLK 3)","building_type":"PHARMACY","address":"1 HOSPITAL CRESCENT SINGAPORE GENERAL HOSPITAL (BLK 1) SINGAPORE 169608","postal":"169608"}},{"type":"Feature","geometry":{"type":"Point","coordinates":[103.837372757602,1.28062190064223]},"properties":{"searchval":"1, HOSPITAL CRESCENT, #01-00, SINGAPORE GENERAL HOSPITAL, SG(169608)","blk_no":"1","road_name":"HOSPITAL CRESCENT","building":"SINGAPORE GENERAL HOSPITAL (BLK 10)","building_name":"SGH OUTPATIENT PHARMACY (BLK 3)","building_type":"PHARMACY","address":"1 HOSPITAL CRESCENT SINGAPORE GENERAL HOSPITAL (BLK 10) SINGAPORE 169608","postal":"169608"}},{"type":"Feature","geometry":{"type":"Point","coordinates":[103.83501392087,1.2791186983313]},"properties":{"searchval":"1, HOSPITAL CRESCENT, #01-00, SINGAPORE GENERAL HOSPITAL, SG(169608)","blk_no":"1","road_name":"HOSPITAL CRESCENT","building":"SINGAPORE GENERAL HOSPITAL (BLK 2)","building_name":"SGH OUTPATIENT PHARMACY (BLK 3)","building_type":"PHARMACY","address":"1 HOSPITAL CRESCENT SINGAPORE GENERAL HOSPITAL (BLK 2) SINGAPORE 169608","postal":"169608"}},{"type":"Feature","geometry":{"type":"Point","coordinates":[103.834303289652,1.27894157919189]},"properties":{"searchval":"1, HOSPITAL CRESCENT, #01-00, SINGAPORE GENERAL HOSPITAL, SG(169608)","blk_no":"1","road_name":"HOSPITAL CRESCENT","building":"SINGAPORE GENERAL HOSPITAL (BLK 3)","building_name":"SGH OUTPATIENT PHARMACY (BLK 3)","building_type":"PHARMACY","address":"1 HOSPITAL CRESCENT SINGAPORE GENERAL HOSPITAL (BLK 3) SINGAPORE 169608","postal":"169608"}},{"type":"Feature","geometry":{"type":"Point","coordinates":[103.835287765646,1.27952327665787]},"properties":{"searchval":"1, HOSPITAL CRESCENT, #01-00, SINGAPORE GENERAL HOSPITAL, SG(169608)","blk_no":"1","road_name":"HOSPITAL CRESCENT","building":"SINGAPORE GENERAL HOSPITAL (BLK 4)","building_name":"SGH OUTPATIENT PHARMACY (BLK 3)","building_type":"PHARMACY","address":"1 HOSPITAL CRESCENT SINGAPORE GENERAL HOSPITAL (BLK 4) SINGAPORE 169608","postal":"169608"}},{"type":"Feature","geometry":{"type":"Point","coordinates":[103.834549233006,1.27942106246431]},"properties":{"searchval":"1, HOSPITAL CRESCENT, #01-00, SINGAPORE GENERAL HOSPITAL, SG(169608)","blk_no":"1","road_name":"HOSPITAL CRESCENT","building":"SINGAPORE GENERAL HOSPITAL (BLK 5)","building_name":"SGH OUTPATIENT PHARMACY (BLK 3)","building_type":"PHARMACY","address":"1 HOSPITAL CRESCENT SINGAPORE GENERAL HOSPITAL (BLK 5) SINGAPORE 169608","postal":"169608"}},{"type":"Feature","geometry":{"type":"Point","coordinates":[103.834800278977,1.28009208766163]},"properties":{"searchval":"1, HOSPITAL CRESCENT, #01-00, SINGAPORE GENERAL HOSPITAL, SG(169608)","blk_no":"1","road_name":"HOSPITAL CRESCENT","building":"SINGAPORE GENERAL HOSPITAL (BLK 6)","building_name":"SGH OUTPATIENT PHARMACY (BLK 3)","building_type":"PHARMACY","address":"1 HOSPITAL CRESCENT SINGAPORE GENERAL HOSPITAL (BLK 6) SINGAPORE 169608","postal":"169608"}},{"type":"Feature","geometry":{"type":"Point","coordinates":[103.836314417434,1.28055530723361]},"properties":{"searchval":"1, HOSPITAL CRESCENT, #01-00, SINGAPORE GENERAL HOSPITAL, SG(169608)","blk_no":"1","road_name":"HOSPITAL CRESCENT","building":"SINGAPORE GENERAL HOSPITAL (BLK A)","building_name":"SGH OUTPATIENT PHARMACY (BLK 3)","building_type":"PHARMACY","address":"1 HOSPITAL CRESCENT SINGAPORE GENERAL HOSPITAL (BLK A) SINGAPORE 169608","postal":"169608"}},{"type":"Feature","geometry":{"type":"Point","coordinates":[103.835736510976,1.28108025745121]},"properties":{"searchval":"11, THIRD HOSPITAL AVENUE, #01-1A, SINGAPORE NATIONAL EYE CENTRE, SG(168751)","blk_no":"11","road_name":"THIRD HOSPITAL AVENUE","building":"NIL","building_name":"SINGAPORE NATIONAL EYE CENTRE PTE LTD","building_type":"PHARMACY","address":"11 THIRD HOSPITAL AVENUE SINGAPORE 168751","postal":"168751"}},{"type":"Feature","geometry":{"type":"Point","coordinates":[103.838346361748,1.27960538581892]},"properties":{"searchval":"3, SECOND HOSPITAL AVENUE, #02-00, HEALTH PROMOTION BOARD, SG(168937)","blk_no":"3","road_name":"SECOND HOSPITAL AVENUE","building":"HEALTH PROMOTION BOARD","building_name":"SINGHEALTH POLY-OUTRAM","building_type":"PHARMACY","address":"3 SECOND HOSPITAL AVENUE HEALTH PROMOTION BOARD SINGAPORE 168937","postal":"168937"}},{"type":"Feature","geometry":{"type":"Point","coordinates":[103.838603797881,1.27977021446725]},"properties":{"searchval":"3, SECOND HOSPITAL AVENUE, #02-00, HEALTH PROMOTION BOARD, SG(168937)","blk_no":"3","road_name":"SECOND HOSPITAL AVENUE","building":"HEALTH PROMOTION BOARD (HPB)","building_name":"SINGHEALTH POLY-OUTRAM","building_type":"PHARMACY","address":"3 SECOND HOSPITAL AVENUE HEALTH PROMOTION BOARD (HPB) SINGAPORE 168937","postal":"168937"}},{"type":"Feature","geometry":{"type":"Point","coordinates":[103.838315044771,1.27933146807597]},"properties":{"searchval":"3, SECOND HOSPITAL AVENUE, #02-00, HEALTH PROMOTION BOARD, SG(168937)","blk_no":"3","road_name":"SECOND HOSPITAL AVENUE","building":"HEALTH ZONE","building_name":"SINGHEALTH POLY-OUTRAM","building_type":"PHARMACY","address":"3 SECOND HOSPITAL AVENUE HEALTH ZONE SINGAPORE 168937","postal":"168937"}},{"type":"Feature","geometry":{"type":"Point","coordinates":[103.838561110496,1.27982057048404]},"properties":{"searchval":"3, SECOND HOSPITAL AVENUE, #02-00, HEALTH PROMOTION BOARD, SG(168937)","blk_no":"3","road_name":"SECOND HOSPITAL AVENUE","building":"NATIONAL REGISTRY OF DISEASES OFFICE","building_name":"SINGHEALTH POLY-OUTRAM","building_type":"PHARMACY","address":"3 SECOND HOSPITAL AVENUE NATIONAL REGISTRY OF DISEASES OFFICE SINGAPORE 168937","postal":"168937"}},{"type":"Feature","geometry":{"type":"Point","coordinates":[103.838387502631,1.27937281065482]},"properties":{"searchval":"3, SECOND HOSPITAL AVENUE, #02-00, HEALTH PROMOTION BOARD, SG(168937)","blk_no":"3","road_name":"SECOND HOSPITAL AVENUE","building":"SINGHEALTH POLYCLINICS (OUTRAM POLYCLINIC)","building_name":"SINGHEALTH POLY-OUTRAM","building_type":"PHARMACY","address":"3 SECOND HOSPITAL AVENUE SINGHEALTH POLYCLINICS (OUTRAM POLYCLINIC) SINGAPORE 168937","postal":"168937"}},{"type":"Feature","geometry":{"type":"Point","coordinates":[103.81344506122,1.28744981772847]},"properties":{"searchval":"55, LENGKOK BAHRU, #01-405, SG(151055)","blk_no":"55","road_name":"LENGKOK BAHRU","building":"NIL","building_name":"SMITH PHARMACY PTE LTD","building_type":"PHARMACY","address":"55 LENGKOK BAHRU SINGAPORE 151055","postal":"151055"}},{"type":"Feature","geometry":{"type":"Point","coordinates":[103.948866250385,1.34173365597121]},"properties":{"searchval":"8, SIMEI STREET 3, #01, SAINT ANDREW'S HOSPITAL, SG(529895)","blk_no":"8","road_name":"SIMEI STREET 3","building":"SAINT ANDREW'S COMMUNITY CHAPEL","building_name":"ST ANDREW'S COMMUNITY HOSPITAL PHARMACY","building_type":"PHARMACY","address":"8 SIMEI STREET 3 SAINT ANDREW'S COMMUNITY CHAPEL SINGAPORE 529895","postal":"529895"}},{"type":"Feature","geometry":{"type":"Point","coordinates":[103.948799458078,1.34168650601146]},"properties":{"searchval":"8, SIMEI STREET 3, #01, SAINT ANDREW'S HOSPITAL, SG(529895)","blk_no":"8","road_name":"SIMEI STREET 3","building":"SAINT ANDREW'S COMMUNITY HOSPITAL","building_name":"ST ANDREW'S COMMUNITY HOSPITAL PHARMACY","building_type":"PHARMACY","address":"8 SIMEI STREET 3 SAINT ANDREW'S COMMUNITY HOSPITAL SINGAPORE 529895","postal":"529895"}},{"type":"Feature","geometry":{"type":"Point","coordinates":[103.948759433216,1.34177634002278]},"properties":{"searchval":"8, SIMEI STREET 3, #01, SAINT ANDREW'S HOSPITAL, SG(529895)","blk_no":"8","road_name":"SIMEI STREET 3","building":"SAINT ANDREW'S MISSION HOSPITAL","building_name":"ST ANDREW'S COMMUNITY HOSPITAL PHARMACY","building_type":"PHARMACY","address":"8 SIMEI STREET 3 SAINT ANDREW'S MISSION HOSPITAL SINGAPORE 529895","postal":"529895"}},{"type":"Feature","geometry":{"type":"Point","coordinates":[103.741889031011,1.34950448942588]},"properties":{"searchval":"2, BUKIT BATOK STREET 11, #01-00, SG(659674)","blk_no":"2","road_name":"BUKIT BATOK STREET 11","building":"SAINT LUKE'S ELDERCARE","building_name":"ST LUKE'S HOSPITAL BLOCK A","building_type":"PHARMACY","address":"2 BUKIT BATOK STREET 11 SAINT LUKE'S ELDERCARE SINGAPORE 659674","postal":"659674"}},{"type":"Feature","geometry":{"type":"Point","coordinates":[103.741877617968,1.3495360738959]},"properties":{"searchval":"2, BUKIT BATOK STREET 11, #01-00, SG(659674)","blk_no":"2","road_name":"BUKIT BATOK STREET 11","building":"SAINT LUKE'S HOSPITAL-DAY REHABILITATION","building_name":"ST LUKE'S HOSPITAL BLOCK A","building_type":"PHARMACY","address":"2 BUKIT BATOK STREET 11 SAINT LUKE'S HOSPITAL-DAY REHABILITATION SINGAPORE 659674","postal":"659674"}},{"type":"Feature","geometry":{"type":"Point","coordinates":[103.742182351385,1.34960041173064]},"properties":{"searchval":"2, BUKIT BATOK STREET 11, #01-00, SG(659674)","blk_no":"2","road_name":"BUKIT BATOK STREET 11","building":"ST LUKE'S HOSPITAL","building_name":"ST LUKE'S HOSPITAL BLOCK A","building_type":"PHARMACY","address":"2 BUKIT BATOK STREET 11 ST LUKE'S HOSPITAL SINGAPORE 659674","postal":"659674"}},{"type":"Feature","geometry":{"type":"Point","coordinates":[103.893164085425,1.39439308574218]},"properties":{"searchval":"110, SENGKANG EAST WAY, #01-00, SENGKANG GENERAL HOSPITAL, SG(544886)","blk_no":"110","road_name":"SENGKANG EAST WAY","building":"SENGKANG GENERAL HOSPITAL","building_name":"Sengkang General Hospital Outpatient Pharmacy","building_type":"PHARMACY","address":"110 SENGKANG EAST WAY SENGKANG GENERAL HOSPITAL SINGAPORE 544886","postal":"544886"}},{"type":"Feature","geometry":{"type":"Point","coordinates":[103.931806159881,1.32662388643563]},"properties":{"searchval":"11, BEDOK NORTH STREET 1, #02-01, HEARTBEAT @ BEDOK, SG(469662)","blk_no":"11","road_name":"BEDOK NORTH STREET 1","building":"BEDOK PUBLIC LIBRARY","building_name":"Singhealth Poly - Bedok","building_type":"PHARMACY","address":"11 BEDOK NORTH STREET 1 BEDOK PUBLIC LIBRARY SINGAPORE 469662","postal":"469662"}},{"type":"Feature","geometry":{"type":"Point","coordinates":[103.932289297803,1.32714145116687]},"properties":{"searchval":"11, BEDOK NORTH STREET 1, #02-01, HEARTBEAT @ BEDOK, SG(469662)","blk_no":"11","road_name":"BEDOK NORTH STREET 1","building":"BEDOK SWIMMING COMPLEX","building_name":"Singhealth Poly - Bedok","building_type":"PHARMACY","address":"11 BEDOK NORTH STREET 1 BEDOK SWIMMING COMPLEX SINGAPORE 469662","postal":"469662"}},{"type":"Feature","geometry":{"type":"Point","coordinates":[103.932129515964,1.32686438553509]},"properties":{"searchval":"11, BEDOK NORTH STREET 1, #02-01, HEARTBEAT @ BEDOK, SG(469662)","blk_no":"11","road_name":"BEDOK NORTH STREET 1","building":"HEARTBEAT @ BEDOK","building_name":"Singhealth Poly - Bedok","building_type":"PHARMACY","address":"11 BEDOK NORTH STREET 1 HEARTBEAT @ BEDOK SINGAPORE 469662","postal":"469662"}},{"type":"Feature","geometry":{"type":"Point","coordinates":[103.932394011989,1.32704197090859]},"properties":{"searchval":"11, BEDOK NORTH STREET 1, #02-01, HEARTBEAT @ BEDOK, SG(469662)","blk_no":"11","road_name":"BEDOK NORTH STREET 1","building":"HEARTBEAT @ BEDOK ACTIVESG SPORT CENTRE","building_name":"Singhealth Poly - Bedok","building_type":"PHARMACY","address":"11 BEDOK NORTH STREET 1 HEARTBEAT @ BEDOK ACTIVESG SPORT CENTRE SINGAPORE 469662","postal":"469662"}},{"type":"Feature","geometry":{"type":"Point","coordinates":[103.931620621005,1.32698499168096]},"properties":{"searchval":"11, BEDOK NORTH STREET 1, #02-01, HEARTBEAT @ BEDOK, SG(469662)","blk_no":"11","road_name":"BEDOK NORTH STREET 1","building":"KAMPONG CHAI CHEE COMMUNITY CENTRE","building_name":"Singhealth Poly - Bedok","building_type":"PHARMACY","address":"11 BEDOK NORTH STREET 1 KAMPONG CHAI CHEE COMMUNITY CENTRE SINGAPORE 469662","postal":"469662"}},{"type":"Feature","geometry":{"type":"Point","coordinates":[103.932029527683,1.32671219591036]},"properties":{"searchval":"11, BEDOK NORTH STREET 1, #02-01, HEARTBEAT @ BEDOK, SG(469662)","blk_no":"11","road_name":"BEDOK NORTH STREET 1","building":"SINGHEALTH POLYCLINICS (BEDOK POLYCLINIC)","building_name":"Singhealth Poly - Bedok","building_type":"PHARMACY","address":"11 BEDOK NORTH STREET 1 SINGHEALTH POLYCLINICS (BEDOK POLYCLINIC) SINGAPORE 469662","postal":"469662"}},{"type":"Feature","geometry":{"type":"Point","coordinates":[103.817072717954,1.28366139597446]},"properties":{"searchval":"163, BUKIT MERAH CENTRAL, #04-3565 & 3575, SG(150163)","blk_no":"163","road_name":"BUKIT MERAH CENTRAL","building":"NIL","building_name":"Singhealth Poly - Bukit Merah","building_type":"PHARMACY","address":"163 BUKIT MERAH CENTRAL SINGAPORE 150163","postal":"150163"}},{"type":"Feature","geometry":{"type":"Point","coordinates":[103.9077387936,1.30248202632175]},"properties":{"searchval":"80, MARINE PARADE CENTRAL, #01-792, MARINE PARADE PROMENADE, SG(440080)","blk_no":"80","road_name":"MARINE PARADE CENTRAL","building":"MARINE PARADE PROMENADE","building_name":"Singhealth Poly - Marine Parade","building_type":"PHARMACY","address":"80 MARINE PARADE CENTRAL MARINE PARADE PROMENADE SINGAPORE 440080","postal":"440080"}},{"type":"Feature","geometry":{"type":"Point","coordinates":[103.907880027406,1.3022261764354]},"properties":{"searchval":"80, MARINE PARADE CENTRAL, #01-792, MARINE PARADE PROMENADE, SG(440080)","blk_no":"80","road_name":"MARINE PARADE CENTRAL","building":"SINGHEALTH POLYCLINICS (MARINE PARADE POLYCLINIC)","building_name":"Singhealth Poly - Marine Parade","building_type":"PHARMACY","address":"80 MARINE PARADE CENTRAL SINGHEALTH POLYCLINICS (MARINE PARADE POLYCLINIC) SINGAPORE 440080","postal":"440080"}},{"type":"Feature","geometry":{"type":"Point","coordinates":[103.948184929877,1.37350295229758]},"properties":{"searchval":"6, PASIR RIS DRIVE 8, #1M-01, SG(519466)","blk_no":"6","road_name":"PASIR RIS DRIVE 8","building":"PASIR RIS POLYCLINIC","building_name":"Singhealth Poly - Pasir Ris","building_type":"PHARMACY","address":"6 PASIR RIS DRIVE 8 PASIR RIS POLYCLINIC SINGAPORE 519466","postal":"519466"}},{"type":"Feature","geometry":{"type":"Point","coordinates":[103.948186775307,1.37352684356118]},"properties":{"searchval":"6, PASIR RIS DRIVE 8, #1M-01, SG(519466)","blk_no":"6","road_name":"PASIR RIS DRIVE 8","building":"SINGHEALTH POLYCLINICS (PASIR RIS POLYCLINIC)","building_name":"Singhealth Poly - Pasir Ris","building_type":"PHARMACY","address":"6 PASIR RIS DRIVE 8 SINGHEALTH POLYCLINICS (PASIR RIS POLYCLINIC) SINGAPORE 519466","postal":"519466"}},{"type":"Feature","geometry":{"type":"Point","coordinates":[103.912962428692,1.40259581502678]},"properties":{"searchval":"681, PUNGGOL DRIVE, #03-01, SG(820681)","blk_no":"681","road_name":"PUNGGOL DRIVE","building":"NKF DIALYSIS CENTRE","building_name":"Singhealth Poly - Punggol","building_type":"PHARMACY","address":"681 PUNGGOL DRIVE NKF DIALYSIS CENTRE SINGAPORE 820681","postal":"820681"}},{"type":"Feature","geometry":{"type":"Point","coordinates":[103.913215101343,1.40278015725693]},"properties":{"searchval":"681, PUNGGOL DRIVE, #03-01, SG(820681)","blk_no":"681","road_name":"PUNGGOL DRIVE","building":"OASIS TERRACES","building_name":"Singhealth Poly - Punggol","building_type":"PHARMACY","address":"681 PUNGGOL DRIVE OASIS TERRACES SINGAPORE 820681","postal":"820681"}},{"type":"Feature","geometry":{"type":"Point","coordinates":[103.913195741417,1.40287845827053]},"properties":{"searchval":"681, PUNGGOL DRIVE, #03-01, SG(820681)","blk_no":"681","road_name":"PUNGGOL DRIVE","building":"SINGHEALTH POLYCLINICS (PUNGGOL POLYCLINIC)","building_name":"Singhealth Poly - Punggol","building_type":"PHARMACY","address":"681 PUNGGOL DRIVE SINGHEALTH POLYCLINICS (PUNGGOL POLYCLINIC) SINGAPORE 820681","postal":"820681"}},{"type":"Feature","geometry":{"type":"Point","coordinates":[103.893906098217,1.3927855958876]},"properties":{"searchval":"2, SENGKANG SQUARE, #01-06, SENGKANG COMMUNITY HUB, SG(545025)","blk_no":"2","road_name":"SENGKANG SQUARE","building":"NEIGHBOURHOOD POLICE CENTRE SENGKANG","building_name":"Singhealth Poly - Sengkang","building_type":"PHARMACY","address":"2 SENGKANG SQUARE NEIGHBOURHOOD POLICE CENTRE SENGKANG SINGAPORE 545025","postal":"545025"}},{"type":"Feature","geometry":{"type":"Point","coordinates":[103.894192083207,1.39262209345055]},"properties":{"searchval":"2, SENGKANG SQUARE, #01-06, SENGKANG COMMUNITY HUB, SG(545025)","blk_no":"2","road_name":"SENGKANG SQUARE","building":"SENGKANG CENTRAL POST OFFICE","building_name":"Singhealth Poly - Sengkang","building_type":"PHARMACY","address":"2 SENGKANG SQUARE SENGKANG CENTRAL POST OFFICE SINGAPORE 545025","postal":"545025"}},{"type":"Feature","geometry":{"type":"Point","coordinates":[103.894146054021,1.39270257285963]},"properties":{"searchval":"2, SENGKANG SQUARE, #01-06, SENGKANG COMMUNITY HUB, SG(545025)","blk_no":"2","road_name":"SENGKANG SQUARE","building":"SENGKANG COMMUNITY CLUB","building_name":"Singhealth Poly - Sengkang","building_type":"PHARMACY","address":"2 SENGKANG SQUARE SENGKANG COMMUNITY CLUB SINGAPORE 545025","postal":"545025"}},{"type":"Feature","geometry":{"type":"Point","coordinates":[103.894082276154,1.39272027516124]},"properties":{"searchval":"2, SENGKANG SQUARE, #01-06, SENGKANG COMMUNITY HUB, SG(545025)","blk_no":"2","road_name":"SENGKANG SQUARE","building":"SENGKANG COMMUNITY HUB","building_name":"Singhealth Poly - Sengkang","building_type":"PHARMACY","address":"2 SENGKANG SQUARE SENGKANG COMMUNITY HUB SINGAPORE 545025","postal":"545025"}},{"type":"Feature","geometry":{"type":"Point","coordinates":[103.894328052934,1.39269174282317]},"properties":{"searchval":"2, SENGKANG SQUARE, #01-06, SENGKANG COMMUNITY HUB, SG(545025)","blk_no":"2","road_name":"SENGKANG SQUARE","building":"SINGHEALTH POLYCLINICS (SENGKANG POLYCLINIC)","building_name":"Singhealth Poly - Sengkang","building_type":"PHARMACY","address":"2 SENGKANG SQUARE SINGHEALTH POLYCLINICS (SENGKANG POLYCLINIC) SINGAPORE 545025","postal":"545025"}},{"type":"Feature","geometry":{"type":"Point","coordinates":[103.894268883084,1.39264989858286]},"properties":{"searchval":"2, SENGKANG SQUARE, #01-06, SENGKANG COMMUNITY HUB, SG(545025)","blk_no":"2","road_name":"SENGKANG SQUARE","building":"THONG CHAI MEDICAL INSTITUTION ¿ SENG KANG","building_name":"Singhealth Poly - Sengkang","building_type":"PHARMACY","address":"2 SENGKANG SQUARE THONG CHAI MEDICAL INSTITUTION ¿ SENG KANG SINGAPORE 545025","postal":"545025"}},{"type":"Feature","geometry":{"type":"Point","coordinates":[103.945905475983,1.35730113647076]},"properties":{"searchval":"1, TAMPINES STREET 41, #01-00, TAMPINES POLYCLINIC, SG(529203)","blk_no":"1","road_name":"TAMPINES STREET 41","building":"SINGHEALTH POLYCLINICS (TAMPINES POLYCLINIC)","building_name":"Singhealth Poly - Tampines","building_type":"PHARMACY","address":"1 TAMPINES STREET 41 SINGHEALTH POLYCLINICS (TAMPINES POLYCLINIC) SINGAPORE 529203","postal":"529203"}},{"type":"Feature","geometry":{"type":"Point","coordinates":[103.945849465407,1.35730996422406]},"properties":{"searchval":"1, TAMPINES STREET 41, #01-00, TAMPINES POLYCLINIC, SG(529203)","blk_no":"1","road_name":"TAMPINES STREET 41","building":"TAMPINES POLYCLINIC","building_name":"Singhealth Poly - Tampines","building_type":"PHARMACY","address":"1 TAMPINES STREET 41 TAMPINES POLYCLINIC SINGAPORE 529203","postal":"529203"}},{"type":"Feature","geometry":{"type":"Point","coordinates":[103.905777145209,1.31733758533419]},"properties":{"searchval":"1, CHIN CHENG AVENUE, #02-00, EUNOS POLYCLINIC, SG(429400)","blk_no":"1","road_name":"CHIN CHENG AVENUE","building":"EUNOS POLYCLINIC","building_name":"Singhealth Poly-Eunos","building_type":"PHARMACY","address":"1 CHIN CHENG AVENUE EUNOS POLYCLINIC SINGAPORE 429400","postal":"429400"}},{"type":"Feature","geometry":{"type":"Point","coordinates":[103.905710662187,1.31732773235246]},"properties":{"searchval":"1, CHIN CHENG AVENUE, #02-00, EUNOS POLYCLINIC, SG(429400)","blk_no":"1","road_name":"CHIN CHENG AVENUE","building":"SINGHEALTH POLYCLINICS (EUNOS POLYCLINIC)","building_name":"Singhealth Poly-Eunos","building_type":"PHARMACY","address":"1 CHIN CHENG AVENUE SINGHEALTH POLYCLINICS (EUNOS POLYCLINIC) SINGAPORE 429400","postal":"429400"}},{"type":"Feature","geometry":{"type":"Point","coordinates":[103.937556313682,1.36331106894948]},"properties":{"searchval":"35, TAMPINES STREET 61, #01-00, SG(528566)","blk_no":"35","road_name":"TAMPINES STREET 61","building":"SINGHEALTH POLYCLINICS (TAMPINES NORTH POLYCLINIC)","building_name":"Singhealth Poly-Tampines North","building_type":"PHARMACY","address":"35 TAMPINES STREET 61 SINGHEALTH POLYCLINICS (TAMPINES NORTH POLYCLINIC) SINGAPORE 528566","postal":"528566"}},{"type":"Feature","geometry":{"type":"Point","coordinates":[103.937561827605,1.36333270999242]},"properties":{"searchval":"35, TAMPINES STREET 61, #01-00, SG(528566)","blk_no":"35","road_name":"TAMPINES STREET 61","building":"TAMPINES NORTH POLYCLINIC","building_name":"Singhealth Poly-Tampines North","building_type":"PHARMACY","address":"35 TAMPINES STREET 61 TAMPINES NORTH POLYCLINIC SINGAPORE 528566","postal":"528566"}},{"type":"Feature","geometry":{"type":"Point","coordinates":[103.791985172112,1.30364449605591]},"properties":{"searchval":"20, BIOPOLIS WAY, #01-05, CENTROS, SG(138668)","blk_no":"20","road_name":"BIOPOLIS WAY","building":"BIOMEDICAL RESEARCH COUNCIL","building_name":"Specialist Compounding Pharmacy Pte Ltd","building_type":"PHARMACY","address":"20 BIOPOLIS WAY BIOMEDICAL RESEARCH COUNCIL SINGAPORE 138668","postal":"138668"}},{"type":"Feature","geometry":{"type":"Point","coordinates":[103.791792657339,1.30381615132305]},"properties":{"searchval":"20, BIOPOLIS WAY, #01-05, CENTROS, SG(138668)","blk_no":"20","road_name":"BIOPOLIS WAY","building":"BIOPROCESSING TECHNOLOGY INSTITUTE","building_name":"Specialist Compounding Pharmacy Pte Ltd","building_type":"PHARMACY","address":"20 BIOPOLIS WAY BIOPROCESSING TECHNOLOGY INSTITUTE SINGAPORE 138668","postal":"138668"}},{"type":"Feature","geometry":{"type":"Point","coordinates":[103.791933300366,1.30375665890104]},"properties":{"searchval":"20, BIOPOLIS WAY, #01-05, CENTROS, SG(138668)","blk_no":"20","road_name":"BIOPOLIS WAY","building":"CENTROS","building_name":"Specialist Compounding Pharmacy Pte Ltd","building_type":"PHARMACY","address":"20 BIOPOLIS WAY CENTROS SINGAPORE 138668","postal":"138668"}},{"type":"Feature","geometry":{"type":"Point","coordinates":[103.845757369413,1.32100978515427]},"properties":{"searchval":"11, JALAN TAN TOCK SENG, #B1-00, TAN TOCK SENG HOSPITAL, SG(308433)","blk_no":"11","road_name":"JALAN TAN TOCK SENG","building":"JOHNS HOPKINS SINGAPORE INTERNATIONAL MEDICAL CENTRE","building_name":"TAN TOCK SENG HOSPITAL PTE LTD (EMERGENCY PHARMACY)","building_type":"PHARMACY","address":"11 JALAN TAN TOCK SENG JOHNS HOPKINS SINGAPORE INTERNATIONAL MEDICAL CENTRE SINGAPORE 308433","postal":"308433"}},{"type":"Feature","geometry":{"type":"Point","coordinates":[103.847182022888,1.3723186024912]},"properties":{"searchval":"723, ANG MO KIO AVENUE 8, #01-00, AMK SPECIALIST CENTRE, SG(560723)","blk_no":"723","road_name":"ANG MO KIO AVENUE 8","building":"AMK SPECIALIST CENTRE","building_name":"Tan Tock Seng Hospital (Ang Mo Kio Specialist Centre)","building_type":"PHARMACY","address":"723 ANG MO KIO AVENUE 8 AMK SPECIALIST CENTRE SINGAPORE 560723","postal":"560723"}},{"type":"Feature","geometry":{"type":"Point","coordinates":[103.845757369413,1.32100978515427]},"properties":{"searchval":"11, JALAN TAN TOCK SENG, #B2-00, TAN TOCK SENG HOSPITAL, SG(308433)","blk_no":"11","road_name":"JALAN TAN TOCK SENG","building":"JOHNS HOPKINS SINGAPORE INTERNATIONAL MEDICAL CENTRE","building_name":"Tan Tock Seng Hospital (Outpatient & Retail Pharmacy)","building_type":"PHARMACY","address":"11 JALAN TAN TOCK SENG JOHNS HOPKINS SINGAPORE INTERNATIONAL MEDICAL CENTRE SINGAPORE 308433","postal":"308433"}},{"type":"Feature","geometry":{"type":"Point","coordinates":[103.845757369413,1.32100978515427]},"properties":{"searchval":"11, JALAN TAN TOCK SENG, #2-00, TAN TOCK SENG HOSPITAL, SG(308433)","blk_no":"11","road_name":"JALAN TAN TOCK SENG","building":"JOHNS HOPKINS SINGAPORE INTERNATIONAL MEDICAL CENTRE","building_name":"Tan Tock Seng Hospital (Pharmacy, Level 2)","building_type":"PHARMACY","address":"11 JALAN TAN TOCK SENG JOHNS HOPKINS SINGAPORE INTERNATIONAL MEDICAL CENTRE SINGAPORE 308433","postal":"308433"}},{"type":"Feature","geometry":{"type":"Point","coordinates":[103.815584343869,1.33022867695372]},"properties":{"searchval":"120, ADAM ROAD, #01-01, THE JAPANESE ASSOCIATION, SINGAPORE, SG(289899)","blk_no":"120","road_name":"ADAM ROAD","building":"NIL","building_name":"The Japanese Association Clinic, Singapore","building_type":"PHARMACY","address":"120 ADAM ROAD SINGAPORE 289899","postal":"289899"}},{"type":"Feature","geometry":{"type":"Point","coordinates":[103.853743186496,1.31101559875939]},"properties":{"searchval":"25, BIRCH ROAD, #01-00, SG(219890)","blk_no":"25","road_name":"BIRCH ROAD","building":"NIL","building_name":"The Pharmacy Inc.","building_type":"PHARMACY","address":"25 BIRCH ROAD SINGAPORE 219890","postal":"219890"}},{"type":"Feature","geometry":{"type":"Point","coordinates":[103.841475039069,1.32536165247809]},"properties":{"searchval":"339, THOMSON ROAD, #01-00, THOMSON MEDICAL CENTRE, SG(307677)","blk_no":"339","road_name":"THOMSON ROAD","building":"24-HR FAMILY WALK-IN-CLINIC (THOMSON MEDICAL CENTRE)","building_name":"Thomson Medical Centre Pharmacy","building_type":"PHARMACY","address":"339 THOMSON ROAD 24-HR FAMILY WALK-IN-CLINIC (THOMSON MEDICAL CENTRE) SINGAPORE 307677","postal":"307677"}},{"type":"Feature","geometry":{"type":"Point","coordinates":[103.841457941408,1.32536064328127]},"properties":{"searchval":"339, THOMSON ROAD, #01-00, THOMSON MEDICAL CENTRE, SG(307677)","blk_no":"339","road_name":"THOMSON ROAD","building":"THOMSON MEDICAL CENTRE","building_name":"Thomson Medical Centre Pharmacy","building_type":"PHARMACY","address":"339 THOMSON ROAD THOMSON MEDICAL CENTRE SINGAPORE 307677","postal":"307677"}},{"type":"Feature","geometry":{"type":"Point","coordinates":[103.833962339817,1.30450604646634]},"properties":{"searchval":"304, ORCHARD ROAD, #02-82, LUCKY PLAZA, SG(238863)","blk_no":"304","road_name":"ORCHARD ROAD","building":"LUCKY PLAZA","building_name":"Trident Pharm Pte Ltd","building_type":"PHARMACY","address":"304 ORCHARD ROAD LUCKY PLAZA SINGAPORE 238863","postal":"238863"}},{"type":"Feature","geometry":{"type":"Point","coordinates":[103.931640022396,1.32594069200441]},"properties":{"searchval":"212, BEDOK NORTH STREET 1, #02-147, SG(460212)","blk_no":"212","road_name":"BEDOK NORTH STREET 1","building":"NIL","building_name":"UNITY By FairPrice (BN(A))","building_type":"PHARMACY","address":"212 BEDOK NORTH STREET 1 SINGAPORE 460212","postal":"460212"}},{"type":"Feature","geometry":{"type":"Point","coordinates":[103.778600077834,1.33875930729064]},"properties":{"searchval":"1, JALAN ANAK BUKIT, #B1-01, BUKIT TIMAH PLAZA, SG(588996)","blk_no":"1","road_name":"JALAN ANAK BUKIT","building":"BUKIT TIMAH PLAZA","building_name":"UNITY By FairPrice (BTPZ)","building_type":"PHARMACY","address":"1 JALAN ANAK BUKIT BUKIT TIMAH PLAZA SINGAPORE 588996","postal":"588996"}},{"type":"Feature","geometry":{"type":"Point","coordinates":[103.953024618234,1.34270592355576]},"properties":{"searchval":"3, SIMEI STREET 6, #05-01, EASTPOINT MALL, SG(528833)","blk_no":"3","road_name":"SIMEI STREET 6","building":"EASTPOINT MALL","building_name":"UNITY By FairPrice (EPT)","building_type":"PHARMACY","address":"3 SIMEI STREET 6 EASTPOINT MALL SINGAPORE 528833","postal":"528833"}},{"type":"Feature","geometry":{"type":"Point","coordinates":[103.953024500209,1.34270618908191]},"properties":{"searchval":"3, SIMEI STREET 6, #05-01, EASTPOINT MALL, SG(528833)","blk_no":"3","road_name":"SIMEI STREET 6","building":"MY FIRST SKOOL","building_name":"UNITY By FairPrice (EPT)","building_type":"PHARMACY","address":"3 SIMEI STREET 6 MY FIRST SKOOL SINGAPORE 528833","postal":"528833"}},{"type":"Feature","geometry":{"type":"Point","coordinates":[103.879472337592,1.37571530699875]},"properties":{"searchval":"1, HOUGANG STREET 91, #02-01, HOUGANG 1, SG(538692)","blk_no":"1","road_name":"HOUGANG STREET 91","building":"HOUGANG 1","building_name":"UNITY By FairPrice (HGPT)","building_type":"PHARMACY","address":"1 HOUGANG STREET 91 HOUGANG 1 SINGAPORE 538692","postal":"538692"}},{"type":"Feature","geometry":{"type":"Point","coordinates":[103.879300017907,1.37584998164921]},"properties":{"searchval":"1, HOUGANG STREET 91, #02-01, HOUGANG 1, SG(538692)","blk_no":"1","road_name":"HOUGANG STREET 91","building":"VILLAGE RESIDENCE HOUGANG","building_name":"UNITY By FairPrice (HGPT)","building_type":"PHARMACY","address":"1 HOUGANG STREET 91 VILLAGE RESIDENCE HOUGANG SINGAPORE 538692","postal":"538692"}},{"type":"Feature","geometry":{"type":"Point","coordinates":[103.705350996191,1.33931504032005]},"properties":{"searchval":"63, JURONG WEST CENTRAL 3, #03-01, JURONG POINT, SG(648331)","blk_no":"63","road_name":"JURONG WEST CENTRAL 3","building":"BOON LAY BUS INTERCHANGE","building_name":"UNITY By FairPrice (HJPT )Hyper Jurong Point","building_type":"PHARMACY","address":"63 JURONG WEST CENTRAL 3 BOON LAY BUS INTERCHANGE SINGAPORE 648331","postal":"648331"}},{"type":"Feature","geometry":{"type":"Point","coordinates":[103.705351000543,1.33931503949907]},"properties":{"searchval":"63, JURONG WEST CENTRAL 3, #03-01, JURONG POINT, SG(648331)","blk_no":"63","road_name":"JURONG WEST CENTRAL 3","building":"MY FIRST SKOOL","building_name":"UNITY By FairPrice (HJPT )Hyper Jurong Point","building_type":"PHARMACY","address":"63 JURONG WEST CENTRAL 3 MY FIRST SKOOL SINGAPORE 648331","postal":"648331"}},{"type":"Feature","geometry":{"type":"Point","coordinates":[103.872296143862,1.35076935257845]},"properties":{"searchval":"23, SERANGOON CENTRAL, #03-37/38, NEX, SG(556083)","blk_no":"23","road_name":"SERANGOON CENTRAL","building":"NEX","building_name":"UNITY By FairPrice (HNEX)","building_type":"PHARMACY","address":"23 SERANGOON CENTRAL NEX SINGAPORE 556083","postal":"556083"}},{"type":"Feature","geometry":{"type":"Point","coordinates":[103.872296143318,1.3507693523047]},"properties":{"searchval":"23, SERANGOON CENTRAL, #03-37/38, NEX, SG(556083)","blk_no":"23","road_name":"SERANGOON CENTRAL","building":"SERANGOON BUS INTERCHANGE","building_name":"UNITY By FairPrice (HNEX)","building_type":"PHARMACY","address":"23 SERANGOON CENTRAL SERANGOON BUS INTERCHANGE SINGAPORE 556083","postal":"556083"}},{"type":"Feature","geometry":{"type":"Point","coordinates":[103.872929470122,1.35031308387652]},"properties":{"searchval":"23, SERANGOON CENTRAL, #03-37/38, NEX, SG(556083)","blk_no":"23","road_name":"SERANGOON CENTRAL","building":"SERANGOON PUBLIC LIBRARY","building_name":"UNITY By FairPrice (HNEX)","building_type":"PHARMACY","address":"23 SERANGOON CENTRAL SERANGOON PUBLIC LIBRARY SINGAPORE 556083","postal":"556083"}},{"type":"Feature","geometry":{"type":"Point","coordinates":[103.872313208185,1.35073185391846]},"properties":{"searchval":"23, SERANGOON CENTRAL, #03-37/38, NEX, SG(556083)","blk_no":"23","road_name":"SERANGOON CENTRAL","building":"SHAW THEATRRES NEX","building_name":"UNITY By FairPrice (HNEX)","building_type":"PHARMACY","address":"23 SERANGOON CENTRAL SHAW THEATRRES NEX SINGAPORE 556083","postal":"556083"}},{"type":"Feature","geometry":{"type":"Point","coordinates":[103.87211567247,1.35088882151724]},"properties":{"searchval":"23, SERANGOON CENTRAL, #03-37/38, NEX, SG(556083)","blk_no":"23","road_name":"SERANGOON CENTRAL","building":"THE VETERINARY CLINIC PTE LTD (NEX MALL BRANCH)","building_name":"UNITY By FairPrice (HNEX)","building_type":"PHARMACY","address":"23 SERANGOON CENTRAL THE VETERINARY CLINIC PTE LTD (NEX MALL BRANCH) SINGAPORE 556083","postal":"556083"}},{"type":"Feature","geometry":{"type":"Point","coordinates":[103.835347787187,1.41696049844254]},"properties":{"searchval":"849, YISHUN RING ROAD, #01-3701/3703, KHATIB CENTRAL, SG(760849)","blk_no":"849","road_name":"YISHUN RING ROAD","building":"KHATIB CENTRAL","building_name":"UNITY By FairPrice (KTIB)","building_type":"PHARMACY","address":"849 YISHUN RING ROAD KHATIB CENTRAL SINGAPORE 760849","postal":"760849"}},{"type":"Feature","geometry":{"type":"Point","coordinates":[103.835218177871,1.4169831658118]},"properties":{"searchval":"849, YISHUN RING ROAD, #01-3701/3703, KHATIB CENTRAL, SG(760849)","blk_no":"849","road_name":"YISHUN RING ROAD","building":"MLC (YISHUN) PTE. LTD.","building_name":"UNITY By FairPrice (KTIB)","building_type":"PHARMACY","address":"849 YISHUN RING ROAD MLC (YISHUN) PTE. LTD. SINGAPORE 760849","postal":"760849"}},{"type":"Feature","geometry":{"type":"Point","coordinates":[103.745022476677,1.38493874036122]},"properties":{"searchval":"21, CHOA CHU KANG AVENUE 4, #B1-04/05, LOT ONE, SHOPPERS' MALL, SG(689812)","blk_no":"21","road_name":"CHOA CHU KANG AVENUE 4","building":"CHOA CHU KANG PUBLIC LIBRARY","building_name":"UNITY By FairPrice (LOT1)","building_type":"PHARMACY","address":"21 CHOA CHU KANG AVENUE 4 CHOA CHU KANG PUBLIC LIBRARY SINGAPORE 689812","postal":"689812"}},{"type":"Feature","geometry":{"type":"Point","coordinates":[103.745011766388,1.38497459672379]},"properties":{"searchval":"21, CHOA CHU KANG AVENUE 4, #B1-04/05, LOT ONE, SHOPPERS' MALL, SG(689812)","blk_no":"21","road_name":"CHOA CHU KANG AVENUE 4","building":"LOT ONE, SHOPPERS' MALL","building_name":"UNITY By FairPrice (LOT1)","building_type":"PHARMACY","address":"21 CHOA CHU KANG AVENUE 4 LOT ONE, SHOPPERS' MALL SINGAPORE 689812","postal":"689812"}},{"type":"Feature","geometry":{"type":"Point","coordinates":[103.745238868238,1.38506992325619]},"properties":{"searchval":"21, CHOA CHU KANG AVENUE 4, #B1-04/05, LOT ONE, SHOPPERS' MALL, SG(689812)","blk_no":"21","road_name":"CHOA CHU KANG AVENUE 4","building":"SHAW THEATRES LOT ONE","building_name":"UNITY By FairPrice (LOT1)","building_type":"PHARMACY","address":"21 CHOA CHU KANG AVENUE 4 SHAW THEATRES LOT ONE SINGAPORE 689812","postal":"689812"}},{"type":"Feature","geometry":{"type":"Point","coordinates":[103.907183612906,1.30134714783304]},"properties":{"searchval":"6, MARINE PARADE CENTRAL, #01-00, MARINE PARADE BRANCH LIBRARY, SG(449411)","blk_no":"6","road_name":"MARINE PARADE CENTRAL","building":"NIL","building_name":"UNITY By FairPrice (MP)","building_type":"PHARMACY","address":"6 MARINE PARADE CENTRAL SINGAPORE 449411","postal":"449411"}},{"type":"Feature","geometry":{"type":"Point","coordinates":[103.836324536111,1.42875460572994]},"properties":{"searchval":"1, NORTHPOINT DRIVE, #B2-103-107, NORTHPOINT CITY, SG(768019)","blk_no":"1","road_name":"NORTHPOINT DRIVE","building":"NEE SOON CENTRAL COMMUNITY CLUB","building_name":"UNITY By FairPrice (NPCT) North Point City","building_type":"PHARMACY","address":"1 NORTHPOINT DRIVE NEE SOON CENTRAL COMMUNITY CLUB SINGAPORE 768019","postal":"768019"}},{"type":"Feature","geometry":{"type":"Point","coordinates":[103.836177650973,1.42790288991304]},"properties":{"searchval":"1, NORTHPOINT DRIVE, #B2-103-107, NORTHPOINT CITY, SG(768019)","blk_no":"1","road_name":"NORTHPOINT DRIVE","building":"NORTHPOINT CITY","building_name":"UNITY By FairPrice (NPCT) North Point City","building_type":"PHARMACY","address":"1 NORTHPOINT DRIVE NORTHPOINT CITY SINGAPORE 768019","postal":"768019"}},{"type":"Feature","geometry":{"type":"Point","coordinates":[103.901558018666,1.38493202140034]},"properties":{"searchval":"118, RIVERVALE DRIVE, #01-16, RIVERVALE PLAZA, SG(540118)","blk_no":"118","road_name":"RIVERVALE DRIVE","building":"FC/MARKET","building_name":"UNITY By FairPrice (RVAL)","building_type":"PHARMACY","address":"118 RIVERVALE DRIVE FC/MARKET SINGAPORE 540118","postal":"540118"}},{"type":"Feature","geometry":{"type":"Point","coordinates":[103.901960668798,1.3855530969334]},"properties":{"searchval":"118, RIVERVALE DRIVE, #01-16, RIVERVALE PLAZA, SG(540118)","blk_no":"118","road_name":"RIVERVALE DRIVE","building":"HDB SENGKANG BRANCH","building_name":"UNITY By FairPrice (RVAL)","building_type":"PHARMACY","address":"118 RIVERVALE DRIVE HDB SENGKANG BRANCH SINGAPORE 540118","postal":"540118"}},{"type":"Feature","geometry":{"type":"Point","coordinates":[103.901841044122,1.38533736107771]},"properties":{"searchval":"118, RIVERVALE DRIVE, #01-16, RIVERVALE PLAZA, SG(540118)","blk_no":"118","road_name":"RIVERVALE DRIVE","building":"RIVERVALE PLAZA","building_name":"UNITY By FairPrice (RVAL)","building_type":"PHARMACY","address":"118 RIVERVALE DRIVE RIVERVALE PLAZA SINGAPORE 540118","postal":"540118"}},{"type":"Feature","geometry":{"type":"Point","coordinates":[103.842433449984,1.27568847511494]},"properties":{"searchval":"1, TANJONG PAGAR PLAZA, #01-01, SG(082001)","blk_no":"1","road_name":"TANJONG PAGAR PLAZA","building":"MULTI STOREY CAR PARK","building_name":"UNITY By FairPrice (TGP)","building_type":"PHARMACY","address":"1 TANJONG PAGAR PLAZA MULTI STOREY CAR PARK SINGAPORE 082001","postal":"082001"}},{"type":"Feature","geometry":{"type":"Point","coordinates":[103.842806838485,1.27627814563976]},"properties":{"searchval":"1, TANJONG PAGAR PLAZA, #01-01, SG(082001)","blk_no":"1","road_name":"TANJONG PAGAR PLAZA","building":"STAR LEARNERS @ TANJONG PAGAR PTE. LTD.","building_name":"UNITY By FairPrice (TGP)","building_type":"PHARMACY","address":"1 TANJONG PAGAR PLAZA STAR LEARNERS @ TANJONG PAGAR PTE. LTD. SINGAPORE 082001","postal":"082001"}},{"type":"Feature","geometry":{"type":"Point","coordinates":[103.842393163272,1.27515497722604]},"properties":{"searchval":"1, TANJONG PAGAR PLAZA, #01-01, SG(082001)","blk_no":"1","road_name":"TANJONG PAGAR PLAZA","building":"TANJONG PAGAR PLAZA","building_name":"UNITY By FairPrice (TGP)","building_type":"PHARMACY","address":"1 TANJONG PAGAR PLAZA TANJONG PAGAR PLAZA SINGAPORE 082001","postal":"082001"}},{"type":"Feature","geometry":{"type":"Point","coordinates":[103.842557338686,1.27487030960515]},"properties":{"searchval":"1, TANJONG PAGAR PLAZA, #01-01, SG(082001)","blk_no":"1","road_name":"TANJONG PAGAR PLAZA","building":"TANJONG PAGAR POST OFFICE","building_name":"UNITY By FairPrice (TGP)","building_type":"PHARMACY","address":"1 TANJONG PAGAR PLAZA TANJONG PAGAR POST OFFICE SINGAPORE 082001","postal":"082001"}},{"type":"Feature","geometry":{"type":"Point","coordinates":[103.801399416665,1.27414893629254]},"properties":{"searchval":"460, ALEXANDRA ROAD, #02-04/05/06, MTOWER, SG(119963)","blk_no":"460","road_name":"ALEXANDRA ROAD","building":"ALEXANDRA RETAIL CENTRE (ARC)","building_name":"UNITY By FairPrice (UARC)","building_type":"PHARMACY","address":"460 ALEXANDRA ROAD ALEXANDRA RETAIL CENTRE (ARC) SINGAPORE 119963","postal":"119963"}},{"type":"Feature","geometry":{"type":"Point","coordinates":[103.801126945544,1.27367658030259]},"properties":{"searchval":"460, ALEXANDRA ROAD, #02-04/05/06, MTOWER, SG(119963)","blk_no":"460","road_name":"ALEXANDRA ROAD","building":"EDUCAZION PTE. LTD.","building_name":"UNITY By FairPrice (UARC)","building_type":"PHARMACY","address":"460 ALEXANDRA ROAD EDUCAZION PTE. LTD. SINGAPORE 119963","postal":"119963"}},{"type":"Feature","geometry":{"type":"Point","coordinates":[103.801179385061,1.2737515493144]},"properties":{"searchval":"460, ALEXANDRA ROAD, #02-04/05/06, MTOWER, SG(119963)","blk_no":"460","road_name":"ALEXANDRA ROAD","building":"MARITIME AND PORT AUTHORITY OF SINGAPORE (MPA)","building_name":"UNITY By FairPrice (UARC)","building_type":"PHARMACY","address":"460 ALEXANDRA ROAD MARITIME AND PORT AUTHORITY OF SINGAPORE (MPA) SINGAPORE 119963","postal":"119963"}},{"type":"Feature","geometry":{"type":"Point","coordinates":[103.801205921006,1.27366653803058]},"properties":{"searchval":"460, ALEXANDRA ROAD, #02-04/05/06, MTOWER, SG(119963)","blk_no":"460","road_name":"ALEXANDRA ROAD","building":"MINISTRY OF TRANSPORT (MOT)","building_name":"UNITY By FairPrice (UARC)","building_type":"PHARMACY","address":"460 ALEXANDRA ROAD MINISTRY OF TRANSPORT (MOT) SINGAPORE 119963","postal":"119963"}},{"type":"Feature","geometry":{"type":"Point","coordinates":[103.801264139551,1.27398639988204]},"properties":{"searchval":"460, ALEXANDRA ROAD, #02-04/05/06, MTOWER, SG(119963)","blk_no":"460","road_name":"ALEXANDRA ROAD","building":"MTOWER","building_name":"UNITY By FairPrice (UARC)","building_type":"PHARMACY","address":"460 ALEXANDRA ROAD MTOWER SINGAPORE 119963","postal":"119963"}},{"type":"Feature","geometry":{"type":"Point","coordinates":[103.801377578258,1.27360823012092]},"properties":{"searchval":"460, ALEXANDRA ROAD, #02-04/05/06, MTOWER, SG(119963)","blk_no":"460","road_name":"ALEXANDRA ROAD","building":"PSA BUILDING (N.K.A MTOWER)","building_name":"UNITY By FairPrice (UARC)","building_type":"PHARMACY","address":"460 ALEXANDRA ROAD PSA BUILDING (N.K.A MTOWER) SINGAPORE 119963","postal":"119963"}},{"type":"Feature","geometry":{"type":"Point","coordinates":[103.801326484491,1.2735730917457]},"properties":{"searchval":"460, ALEXANDRA ROAD, #02-04/05/06, MTOWER, SG(119963)","blk_no":"460","road_name":"ALEXANDRA ROAD","building":"PUBLIC TRANSPORT COUNCIL (PTC)","building_name":"UNITY By FairPrice (UARC)","building_type":"PHARMACY","address":"460 ALEXANDRA ROAD PUBLIC TRANSPORT COUNCIL (PTC) SINGAPORE 119963","postal":"119963"}},{"type":"Feature","geometry":{"type":"Point","coordinates":[103.801200917801,1.27371612196427]},"properties":{"searchval":"460, ALEXANDRA ROAD, #02-04/05/06, MTOWER, SG(119963)","blk_no":"460","road_name":"ALEXANDRA ROAD","building":"SHIPPING DIVISION","building_name":"UNITY By FairPrice (UARC)","building_type":"PHARMACY","address":"460 ALEXANDRA ROAD SHIPPING DIVISION SINGAPORE 119963","postal":"119963"}},{"type":"Feature","geometry":{"type":"Point","coordinates":[103.817667202598,1.28309262574973]},"properties":{"searchval":"166, BUKIT MERAH CENTRAL, #01-3531, BUKIT MERAH AREA OFFICE, SG(150166)","blk_no":"166","road_name":"BUKIT MERAH CENTRAL","building":"NIL","building_name":"UNITY By FairPrice (UBMC)","building_type":"PHARMACY","address":"166 BUKIT MERAH CENTRAL SINGAPORE 150166","postal":"150166"}},{"type":"Feature","geometry":{"type":"Point","coordinates":[103.764357180314,1.37992045176243]},"properties":{"searchval":"1, JELEBU ROAD, #01-06, BUKIT PANJANG PLAZA, SG(677743)","blk_no":"1","road_name":"JELEBU ROAD","building":"BUKIT PANJANG PLAZA","building_name":"UNITY By FairPrice (UBPP)","building_type":"PHARMACY","address":"1 JELEBU ROAD BUKIT PANJANG PLAZA SINGAPORE 677743","postal":"677743"}},{"type":"Feature","geometry":{"type":"Point","coordinates":[103.764594965051,1.37948804026655]},"properties":{"searchval":"1, JELEBU ROAD, #01-06, BUKIT PANJANG PLAZA, SG(677743)","blk_no":"1","road_name":"JELEBU ROAD","building":"BUKIT PANJANG PUBLIC LIBRARY","building_name":"UNITY By FairPrice (UBPP)","building_type":"PHARMACY","address":"1 JELEBU ROAD BUKIT PANJANG PUBLIC LIBRARY SINGAPORE 677743","postal":"677743"}},{"type":"Feature","geometry":{"type":"Point","coordinates":[103.764004651432,1.38050296962711]},"properties":{"searchval":"1, JELEBU ROAD, #01-06, BUKIT PANJANG PLAZA, SG(677743)","blk_no":"1","road_name":"JELEBU ROAD","building":"E-BRIDGE PRE-SCHOOL PTE. LTD.","building_name":"UNITY By FairPrice (UBPP)","building_type":"PHARMACY","address":"1 JELEBU ROAD E-BRIDGE PRE-SCHOOL PTE. LTD. SINGAPORE 677743","postal":"677743"}},{"type":"Feature","geometry":{"type":"Point","coordinates":[103.820240071395,1.26336541525215]},"properties":{"searchval":"1, MARITIME SQUARE, #02-118/119, HARBOURFRONT CENTRE, SG(099253)","blk_no":"1","road_name":"MARITIME SQUARE","building":"SINGAPORE CRUISE CENTRE","building_name":"UNITY By FairPrice (UHBF)","building_type":"PHARMACY","address":"1 MARITIME SQUARE SINGAPORE CRUISE CENTRE SINGAPORE 099253","postal":"099253"}},{"type":"Feature","geometry":{"type":"Point","coordinates":[103.893883460466,1.37253315637342]},"properties":{"searchval":"90, HOUGANG AVENUE 10, #B1-35/36, HOUGANG MALL, SG(538766)","blk_no":"90","road_name":"HOUGANG AVENUE 10","building":"CHENG SAN PUBLIC LIBRARY","building_name":"UNITY By FairPrice (UHLC)","building_type":"PHARMACY","address":"90 HOUGANG AVENUE 10 CHENG SAN PUBLIC LIBRARY SINGAPORE 538766","postal":"538766"}},{"type":"Feature","geometry":{"type":"Point","coordinates":[103.893746323326,1.37265167160403]},"properties":{"searchval":"90, HOUGANG AVENUE 10, #B1-35/36, HOUGANG MALL, SG(538766)","blk_no":"90","road_name":"HOUGANG AVENUE 10","building":"HOUGANG CENTRAL POST OFFICE","building_name":"UNITY By FairPrice (UHLC)","building_type":"PHARMACY","address":"90 HOUGANG AVENUE 10 HOUGANG CENTRAL POST OFFICE SINGAPORE 538766","postal":"538766"}},{"type":"Feature","geometry":{"type":"Point","coordinates":[103.893774066625,1.37249118635803]},"properties":{"searchval":"90, HOUGANG AVENUE 10, #B1-35/36, HOUGANG MALL, SG(538766)","blk_no":"90","road_name":"HOUGANG AVENUE 10","building":"HOUGANG MALL","building_name":"UNITY By FairPrice (UHLC)","building_type":"PHARMACY","address":"90 HOUGANG AVENUE 10 HOUGANG MALL SINGAPORE 538766","postal":"538766"}},{"type":"Feature","geometry":{"type":"Point","coordinates":[103.893661609307,1.37231186447501]},"properties":{"searchval":"90, HOUGANG AVENUE 10, #B1-35/36, HOUGANG MALL, SG(538766)","blk_no":"90","road_name":"HOUGANG AVENUE 10","building":"SUNFLOWER PRESCHOOL @ HOUGANG (PTE. LTD.)","building_name":"UNITY By FairPrice (UHLC)","building_type":"PHARMACY","address":"90 HOUGANG AVENUE 10 SUNFLOWER PRESCHOOL @ HOUGANG (PTE. LTD.) SINGAPORE 538766","postal":"538766"}},{"type":"Feature","geometry":{"type":"Point","coordinates":[103.762842789877,1.37843100800213]},"properties":{"searchval":"17, PETIR ROAD, #B2-64/65, HILLION MALL, SG(678278)","blk_no":"17","road_name":"PETIR ROAD","building":"BUKIT PANJANG INTEGRATED TRANSPORT HUB","building_name":"UNITY By FairPrice (UHLM)","building_type":"PHARMACY","address":"17 PETIR ROAD BUKIT PANJANG INTEGRATED TRANSPORT HUB SINGAPORE 678278","postal":"678278"}},{"type":"Feature","geometry":{"type":"Point","coordinates":[103.762842789877,1.37843100827586]},"properties":{"searchval":"17, PETIR ROAD, #B2-64/65, HILLION MALL, SG(678278)","blk_no":"17","road_name":"PETIR ROAD","building":"HILLION MALL","building_name":"UNITY By FairPrice (UHLM)","building_type":"PHARMACY","address":"17 PETIR ROAD HILLION MALL SINGAPORE 678278","postal":"678278"}},{"type":"Feature","geometry":{"type":"Point","coordinates":[103.76274117487,1.37834972034942]},"properties":{"searchval":"17, PETIR ROAD, #B2-64/65, HILLION MALL, SG(678278)","blk_no":"17","road_name":"PETIR ROAD","building":"PCF SPARKLETOTS PRESCHOOL @ CASHEW (CC)","building_name":"UNITY By FairPrice (UHLM)","building_type":"PHARMACY","address":"17 PETIR ROAD PCF SPARKLETOTS PRESCHOOL @ CASHEW (CC) SINGAPORE 678278","postal":"678278"}},{"type":"Feature","geometry":{"type":"Point","coordinates":[103.848826189269,1.35042215656701]},"properties":{"searchval":"9, BISHAN PLACE, #B1-16, JUNCTION 8, SG(579837)","blk_no":"9","road_name":"BISHAN PLACE","building":"GOLDEN VILLAGE (GV BISHAN)","building_name":"UNITY By FairPrice (UJX8)","building_type":"PHARMACY","address":"9 BISHAN PLACE GOLDEN VILLAGE (GV BISHAN) SINGAPORE 579837","postal":"579837"}},{"type":"Feature","geometry":{"type":"Point","coordinates":[103.848760473211,1.3504812534505]},"properties":{"searchval":"9, BISHAN PLACE, #B1-16, JUNCTION 8, SG(579837)","blk_no":"9","road_name":"BISHAN PLACE","building":"JUNCTION 8","building_name":"UNITY By FairPrice (UJX8)","building_type":"PHARMACY","address":"9 BISHAN PLACE JUNCTION 8 SINGAPORE 579837","postal":"579837"}},{"type":"Feature","geometry":{"type":"Point","coordinates":[103.845067272666,1.30082071769235]},"properties":{"searchval":"68, ORCHARD ROAD, #B2-20A, PLAZA SINGAPURA, SG(238839)","blk_no":"68","road_name":"ORCHARD ROAD","building":"GOLDEN VILLAGE (GV PLAZA)","building_name":"UNITY By FairPrice (UPSG)","building_type":"PHARMACY","address":"68 ORCHARD ROAD GOLDEN VILLAGE (GV PLAZA) SINGAPORE 238839","postal":"238839"}},{"type":"Feature","geometry":{"type":"Point","coordinates":[103.845047573431,1.30074770963916]},"properties":{"searchval":"68, ORCHARD ROAD, #B2-20A, PLAZA SINGAPURA, SG(238839)","blk_no":"68","road_name":"ORCHARD ROAD","building":"PLAZA SINGAPURA","building_name":"UNITY By FairPrice (UPSG)","building_type":"PHARMACY","address":"68 ORCHARD ROAD PLAZA SINGAPURA SINGAPORE 238839","postal":"238839"}},{"type":"Feature","geometry":{"type":"Point","coordinates":[103.876085067727,1.39130622992517]},"properties":{"searchval":"33, SENGKANG WEST AVENUE, #B2-16/17/18, THE SELETAR MALL, SG(797653)","blk_no":"33","road_name":"SENGKANG WEST AVENUE","building":"SHAW THEATRES SELETAR","building_name":"UNITY By FairPrice (USMA)","building_type":"PHARMACY","address":"33 SENGKANG WEST AVENUE SHAW THEATRES SELETAR SINGAPORE 797653","postal":"797653"}},{"type":"Feature","geometry":{"type":"Point","coordinates":[103.876125507257,1.39147015374628]},"properties":{"searchval":"33, SENGKANG WEST AVENUE, #B2-16/17/18, THE SELETAR MALL, SG(797653)","blk_no":"33","road_name":"SENGKANG WEST AVENUE","building":"THE SELETAR MALL","building_name":"UNITY By FairPrice (USMA)","building_type":"PHARMACY","address":"33 SENGKANG WEST AVENUE THE SELETAR MALL SINGAPORE 797653","postal":"797653"}},{"type":"Feature","geometry":{"type":"Point","coordinates":[103.847502198048,1.33262928096888]},"properties":{"searchval":"510, LORONG 6 TOA PAYOH, #B1-02, TOA PAYOH MRT STATION, SG(319398)","blk_no":"510","road_name":"LORONG 6 TOA PAYOH","building":"TOA PAYOH MRT STATION (NS19)","building_name":"UNITY By FairPrice (UTP2)","building_type":"PHARMACY","address":"510 LORONG 6 TOA PAYOH TOA PAYOH MRT STATION (NS19) SINGAPORE 319398","postal":"319398"}},{"type":"Feature","geometry":{"type":"Point","coordinates":[103.742586014944,1.33402529481694]},"properties":{"searchval":"3, GATEWAY DRIVE, #B1-21, WESTGATE, SG(608532)","blk_no":"3","road_name":"GATEWAY DRIVE","building":"MY FIRST SKOOL","building_name":"UNITY By FairPrice (UWGA)","building_type":"PHARMACY","address":"3 GATEWAY DRIVE MY FIRST SKOOL SINGAPORE 608532","postal":"608532"}},{"type":"Feature","geometry":{"type":"Point","coordinates":[103.742766484424,1.33415767556867]},"properties":{"searchval":"3, GATEWAY DRIVE, #B1-21, WESTGATE, SG(608532)","blk_no":"3","road_name":"GATEWAY DRIVE","building":"WESTGATE","building_name":"UNITY By FairPrice (UWGA)","building_type":"PHARMACY","address":"3 GATEWAY DRIVE WESTGATE SINGAPORE 608532","postal":"608532"}},{"type":"Feature","geometry":{"type":"Point","coordinates":[103.949763493981,1.3724564071358]},"properties":{"searchval":"1, PASIR RIS CENTRAL STREET 3, #B1-02, SG(518457)","blk_no":"1","road_name":"PASIR RIS CENTRAL STREET 3","building":"PASIR RIS PUBLIC LIBRARY","building_name":"UNITY By FairPrice (UWSA)","building_type":"PHARMACY","address":"1 PASIR RIS CENTRAL STREET 3 PASIR RIS PUBLIC LIBRARY SINGAPORE 518457","postal":"518457"}},{"type":"Feature","geometry":{"type":"Point","coordinates":[103.949715694737,1.37244981663527]},"properties":{"searchval":"1, PASIR RIS CENTRAL STREET 3, #B1-02, SG(518457)","blk_no":"1","road_name":"PASIR RIS CENTRAL STREET 3","building":"WHITE SANDS","building_name":"UNITY By FairPrice (UWSA)","building_type":"PHARMACY","address":"1 PASIR RIS CENTRAL STREET 3 WHITE SANDS SINGAPORE 518457","postal":"518457"}},{"type":"Feature","geometry":{"type":"Point","coordinates":[103.902130352627,1.40640964880099]},"properties":{"searchval":"83, PUNGGOL CENTRAL, #B2-26, WATERWAY POINT, SG(828761)","blk_no":"83","road_name":"PUNGGOL CENTRAL","building":"MY FIRST SKOOL","building_name":"UNITY By FairPrice (UWWP)","building_type":"PHARMACY","address":"83 PUNGGOL CENTRAL MY FIRST SKOOL SINGAPORE 828761","postal":"828761"}},{"type":"Feature","geometry":{"type":"Point","coordinates":[103.90198817171,1.40653611690554]},"properties":{"searchval":"83, PUNGGOL CENTRAL, #B2-26, WATERWAY POINT, SG(828761)","blk_no":"83","road_name":"PUNGGOL CENTRAL","building":"SHAW THEATRES WATERWAY POINT","building_name":"UNITY By FairPrice (UWWP)","building_type":"PHARMACY","address":"83 PUNGGOL CENTRAL SHAW THEATRES WATERWAY POINT SINGAPORE 828761","postal":"828761"}},{"type":"Feature","geometry":{"type":"Point","coordinates":[103.902105680785,1.40648462132006]},"properties":{"searchval":"83, PUNGGOL CENTRAL, #B2-26, WATERWAY POINT, SG(828761)","blk_no":"83","road_name":"PUNGGOL CENTRAL","building":"WATERWAY POINT","building_name":"UNITY By FairPrice (UWWP)","building_type":"PHARMACY","address":"83 PUNGGOL CENTRAL WATERWAY POINT SINGAPORE 828761","postal":"828761"}},{"type":"Feature","geometry":{"type":"Point","coordinates":[103.764270467593,1.31496652285558]},"properties":{"searchval":"3155, COMMONWEALTH AVENUE WEST, #B1-11, THE CLEMENTI MALL, SG(129588)","blk_no":"3155","road_name":"COMMONWEALTH AVENUE WEST","building":"CLEMENTI BUS INTERCHANGE","building_name":"UNITY By Fairprice (CLML)","building_type":"PHARMACY","address":"3155 COMMONWEALTH AVENUE WEST CLEMENTI BUS INTERCHANGE SINGAPORE 129588","postal":"129588"}},{"type":"Feature","geometry":{"type":"Point","coordinates":[103.764724680775,1.31498672954653]},"properties":{"searchval":"3155, COMMONWEALTH AVENUE WEST, #B1-11, THE CLEMENTI MALL, SG(129588)","blk_no":"3155","road_name":"COMMONWEALTH AVENUE WEST","building":"CLEMENTI PUBLIC LIBRARY","building_name":"UNITY By Fairprice (CLML)","building_type":"PHARMACY","address":"3155 COMMONWEALTH AVENUE WEST CLEMENTI PUBLIC LIBRARY SINGAPORE 129588","postal":"129588"}},{"type":"Feature","geometry":{"type":"Point","coordinates":[103.764423054189,1.31489619639366]},"properties":{"searchval":"3155, COMMONWEALTH AVENUE WEST, #B1-11, THE CLEMENTI MALL, SG(129588)","blk_no":"3155","road_name":"COMMONWEALTH AVENUE WEST","building":"THE CLEMENTI MALL","building_name":"UNITY By Fairprice (CLML)","building_type":"PHARMACY","address":"3155 COMMONWEALTH AVENUE WEST THE CLEMENTI MALL SINGAPORE 129588","postal":"129588"}},{"type":"Feature","geometry":{"type":"Point","coordinates":[103.746443198224,1.39696992267974]},"properties":{"searchval":"21, CHOA CHU KANG NORTH 6, #B1-08/09, YEWTEE POINT, SG(689578)","blk_no":"21","road_name":"CHOA CHU KANG NORTH 6","building":"YEWTEE POINT","building_name":"UNITY By Fairprice (YTP)","building_type":"PHARMACY","address":"21 CHOA CHU KANG NORTH 6 YEWTEE POINT SINGAPORE 689578","postal":"689578"}},{"type":"Feature","geometry":{"type":"Point","coordinates":[103.873149707591,1.30307515150401]},"properties":{"searchval":"1, STADIUM PLACE, #01-29, SG(397628)","blk_no":"1","road_name":"STADIUM PLACE","building":"KALLANG WAVE MALL","building_name":"Unity By FairPrice (HSPH) Sports Hub","building_type":"PHARMACY","address":"1 STADIUM PLACE KALLANG WAVE MALL SINGAPORE 397628","postal":"397628"}},{"type":"Feature","geometry":{"type":"Point","coordinates":[103.837317132796,1.30020625685959]},"properties":{"searchval":"111, SOMERSET ROAD, #01-01/02, 21-30, 111 SOMERSET, SG(238164)","blk_no":"111","road_name":"SOMERSET ROAD","building":"111 SOMERSET","building_name":"Unity By Fairprice (111S) Tripleone Somerset","building_type":"PHARMACY","address":"111 SOMERSET ROAD 111 SOMERSET SINGAPORE 238164","postal":"238164"}},{"type":"Feature","geometry":{"type":"Point","coordinates":[103.837286475638,1.30021292832854]},"properties":{"searchval":"111, SOMERSET ROAD, #01-01/02, 21-30, 111 SOMERSET, SG(238164)","blk_no":"111","road_name":"SOMERSET ROAD","building":"EMBASSY OF SWEDEN","building_name":"Unity By Fairprice (111S) Tripleone Somerset","building_type":"PHARMACY","address":"111 SOMERSET ROAD EMBASSY OF SWEDEN SINGAPORE 238164","postal":"238164"}},{"type":"Feature","geometry":{"type":"Point","coordinates":[103.837312465913,1.30030012346783]},"properties":{"searchval":"111, SOMERSET ROAD, #01-01/02, 21-30, 111 SOMERSET, SG(238164)","blk_no":"111","road_name":"SOMERSET ROAD","building":"SWEDISH SUPPLEMENTARY EDUCATION SCHOOL","building_name":"Unity By Fairprice (111S) Tripleone Somerset","building_type":"PHARMACY","address":"111 SOMERSET ROAD SWEDISH SUPPLEMENTARY EDUCATION SCHOOL SINGAPORE 238164","postal":"238164"}},{"type":"Feature","geometry":{"type":"Point","coordinates":[103.848693181185,1.36923561405404]},"properties":{"searchval":"53, ANG MO KIO AVENUE 3, #B2-40, AMK HUB, SG(569933)","blk_no":"53","road_name":"ANG MO KIO AVENUE 3","building":"ABUNDANT LIFE FAMILY CHURCH","building_name":"Unity By Fairprice (HAMK) AMK HUB","building_type":"PHARMACY","address":"53 ANG MO KIO AVENUE 3 ABUNDANT LIFE FAMILY CHURCH SINGAPORE 569933","postal":"569933"}},{"type":"Feature","geometry":{"type":"Point","coordinates":[103.84847796594,1.36938922690344]},"properties":{"searchval":"53, ANG MO KIO AVENUE 3, #B2-40, AMK HUB, SG(569933)","blk_no":"53","road_name":"ANG MO KIO AVENUE 3","building":"AMK HUB","building_name":"Unity By Fairprice (HAMK) AMK HUB","building_type":"PHARMACY","address":"53 ANG MO KIO AVENUE 3 AMK HUB SINGAPORE 569933","postal":"569933"}},{"type":"Feature","geometry":{"type":"Point","coordinates":[103.848399225762,1.36924891743034]},"properties":{"searchval":"53, ANG MO KIO AVENUE 3, #B2-40, AMK HUB, SG(569933)","blk_no":"53","road_name":"ANG MO KIO AVENUE 3","building":"THE LITTLE SKOOL-HOUSE INTERNATIONAL PTE LTD","building_name":"Unity By Fairprice (HAMK) AMK HUB","building_type":"PHARMACY","address":"53 ANG MO KIO AVENUE 3 THE LITTLE SKOOL-HOUSE INTERNATIONAL PTE LTD SINGAPORE 569933","postal":"569933"}},{"type":"Feature","geometry":{"type":"Point","coordinates":[103.905505005847,1.301041960873]},"properties":{"searchval":"80, MARINE PARADE ROAD, #03-28, PARKWAY PARADE, SG(449269)","blk_no":"80","road_name":"MARINE PARADE ROAD","building":"MARINE PARADE POST OFFICE","building_name":"Unity By Fairprice (HPWP) Hyper Parkway Parade","building_type":"PHARMACY","address":"80 MARINE PARADE ROAD MARINE PARADE POST OFFICE SINGAPORE 449269","postal":"449269"}},{"type":"Feature","geometry":{"type":"Point","coordinates":[103.905113590527,1.30119131468839]},"properties":{"searchval":"80, MARINE PARADE ROAD, #03-28, PARKWAY PARADE, SG(449269)","blk_no":"80","road_name":"MARINE PARADE ROAD","building":"MY FIRST SKOOL","building_name":"Unity By Fairprice (HPWP) Hyper Parkway Parade","building_type":"PHARMACY","address":"80 MARINE PARADE ROAD MY FIRST SKOOL SINGAPORE 449269","postal":"449269"}},{"type":"Feature","geometry":{"type":"Point","coordinates":[103.905279491524,1.30106975506311]},"properties":{"searchval":"80, MARINE PARADE ROAD, #03-28, PARKWAY PARADE, SG(449269)","blk_no":"80","road_name":"MARINE PARADE ROAD","building":"PARKWAY PARADE","building_name":"Unity By Fairprice (HPWP) Hyper Parkway Parade","building_type":"PHARMACY","address":"80 MARINE PARADE ROAD PARKWAY PARADE SINGAPORE 449269","postal":"449269"}},{"type":"Feature","geometry":{"type":"Point","coordinates":[103.800720711621,1.43974951798078]},"properties":{"searchval":"676, WOODLANDS DRIVE 71, #B1-02, SG(730676)","blk_no":"676","road_name":"WOODLANDS DRIVE 71","building":"KAMPUNG ADMIRALTY","building_name":"Unity By Fairprice (KADM) Kampung Admiralty","building_type":"PHARMACY","address":"676 WOODLANDS DRIVE 71 KAMPUNG ADMIRALTY SINGAPORE 730676","postal":"730676"}},{"type":"Feature","geometry":{"type":"Point","coordinates":[103.800701203964,1.43991608263415]},"properties":{"searchval":"676, WOODLANDS DRIVE 71, #B1-02, SG(730676)","blk_no":"676","road_name":"WOODLANDS DRIVE 71","building":"KAMPUNG ADMIRALTY HAWKER CENTRE","building_name":"Unity By Fairprice (KADM) Kampung Admiralty","building_type":"PHARMACY","address":"676 WOODLANDS DRIVE 71 KAMPUNG ADMIRALTY HAWKER CENTRE SINGAPORE 730676","postal":"730676"}},{"type":"Feature","geometry":{"type":"Point","coordinates":[103.800573459822,1.43977701476241]},"properties":{"searchval":"676, WOODLANDS DRIVE 71, #B1-02, SG(730676)","blk_no":"676","road_name":"WOODLANDS DRIVE 71","building":"SEMBAWANG TOWN COUNCIL (KAMPUNG ADMIRALTY COLLECTION CENTRE)","building_name":"Unity By Fairprice (KADM) Kampung Admiralty","building_type":"PHARMACY","address":"676 WOODLANDS DRIVE 71 SEMBAWANG TOWN COUNCIL (KAMPUNG ADMIRALTY COLLECTION CENTRE) SINGAPORE 730676","postal":"730676"}},{"type":"Feature","geometry":{"type":"Point","coordinates":[103.800583328692,1.43986616140927]},"properties":{"searchval":"676, WOODLANDS DRIVE 71, #B1-02, SG(730676)","blk_no":"676","road_name":"WOODLANDS DRIVE 71","building":"URGENT CARE CENTRE @ ADMIRALTY","building_name":"Unity By Fairprice (KADM) Kampung Admiralty","building_type":"PHARMACY","address":"676 WOODLANDS DRIVE 71 URGENT CARE CENTRE @ ADMIRALTY SINGAPORE 730676","postal":"730676"}},{"type":"Feature","geometry":{"type":"Point","coordinates":[103.894482925602,1.31893132637472]},"properties":{"searchval":"10, EUNOS ROAD 8, #B1-101 TO 107, SINGAPORE POST CENTRE, SG(408600)","blk_no":"10","road_name":"EUNOS ROAD 8","building":"GENERAL POST OFFICE","building_name":"Unity By Fairprice (SINGPOST) SingPost Centre","building_type":"PHARMACY","address":"10 EUNOS ROAD 8 GENERAL POST OFFICE SINGAPORE 408600","postal":"408600"}},{"type":"Feature","geometry":{"type":"Point","coordinates":[103.894939952004,1.31894037394558]},"properties":{"searchval":"10, EUNOS ROAD 8, #B1-101 TO 107, SINGAPORE POST CENTRE, SG(408600)","blk_no":"10","road_name":"EUNOS ROAD 8","building":"GETHSEMANE BIBLE PRESBYTERIAN CHURCH","building_name":"Unity By Fairprice (SINGPOST) SingPost Centre","building_type":"PHARMACY","address":"10 EUNOS ROAD 8 GETHSEMANE BIBLE PRESBYTERIAN CHURCH SINGAPORE 408600","postal":"408600"}},{"type":"Feature","geometry":{"type":"Point","coordinates":[103.89406715568,1.31885611019401]},"properties":{"searchval":"10, EUNOS ROAD 8, #B1-101 TO 107, SINGAPORE POST CENTRE, SG(408600)","blk_no":"10","road_name":"EUNOS ROAD 8","building":"GOLDEN VILLAGE (GV PAYA LEBAR)","building_name":"Unity By Fairprice (SINGPOST) SingPost Centre","building_type":"PHARMACY","address":"10 EUNOS ROAD 8 GOLDEN VILLAGE (GV PAYA LEBAR) SINGAPORE 408600","postal":"408600"}},{"type":"Feature","geometry":{"type":"Point","coordinates":[103.894731348343,1.31886940788468]},"properties":{"searchval":"10, EUNOS ROAD 8, #B1-101 TO 107, SINGAPORE POST CENTRE, SG(408600)","blk_no":"10","road_name":"EUNOS ROAD 8","building":"HEART OF GOD CHURCH","building_name":"Unity By Fairprice (SINGPOST) SingPost Centre","building_type":"PHARMACY","address":"10 EUNOS ROAD 8 HEART OF GOD CHURCH SINGAPORE 408600","postal":"408600"}},{"type":"Feature","geometry":{"type":"Point","coordinates":[103.894894915962,1.31899666903663]},"properties":{"searchval":"10, EUNOS ROAD 8, #B1-101 TO 107, SINGAPORE POST CENTRE, SG(408600)","blk_no":"10","road_name":"EUNOS ROAD 8","building":"SINGAPORE POST CENTRE","building_name":"Unity By Fairprice (SINGPOST) SingPost Centre","building_type":"PHARMACY","address":"10 EUNOS ROAD 8 SINGAPORE POST CENTRE SINGAPORE 408600","postal":"408600"}},{"type":"Feature","geometry":{"type":"Point","coordinates":[103.944682574769,1.35250468330971]},"properties":{"searchval":"4, TAMPINES CENTRAL 5, #B1-12, TAMPINES MALL, SG(529510)","blk_no":"4","road_name":"TAMPINES CENTRAL 5","building":"GOLDEN VILLAGE (GV TAMPINES)","building_name":"Unity By Fairprice (TAML) Tampines Mall","building_type":"PHARMACY","address":"4 TAMPINES CENTRAL 5 GOLDEN VILLAGE (GV TAMPINES) SINGAPORE 529510","postal":"529510"}},{"type":"Feature","geometry":{"type":"Point","coordinates":[103.944698751072,1.35252737278519]},"properties":{"searchval":"4, TAMPINES CENTRAL 5, #B1-12, TAMPINES MALL, SG(529510)","blk_no":"4","road_name":"TAMPINES CENTRAL 5","building":"TAMPINES MALL","building_name":"Unity By Fairprice (TAML) Tampines Mall","building_type":"PHARMACY","address":"4 TAMPINES CENTRAL 5 TAMPINES MALL SINGAPORE 529510","postal":"529510"}},{"type":"Feature","geometry":{"type":"Point","coordinates":[103.72026802061,1.3350420286067]},"properties":{"searchval":"399, YUNG SHENG ROAD, #01-35, TAMAN JURONG SHOPPING CENTRE, SG(610399)","blk_no":"399","road_name":"YUNG SHENG ROAD","building":"IMAN CHILDCARE (JURONG) PTE. LTD.","building_name":"Unity By Fairprice (TMJR) Taman Jurong Shopping Centre","building_type":"PHARMACY","address":"399 YUNG SHENG ROAD IMAN CHILDCARE (JURONG) PTE. LTD. SINGAPORE 610399","postal":"610399"}},{"type":"Feature","geometry":{"type":"Point","coordinates":[103.720685511067,1.3346654460572]},"properties":{"searchval":"399, YUNG SHENG ROAD, #01-35, TAMAN JURONG SHOPPING CENTRE, SG(610399)","blk_no":"399","road_name":"YUNG SHENG ROAD","building":"JURONG-CLEMENTI TOWN COUNCIL (TAMAN JURONG COLLECTION & SERVICE CENTRE)","building_name":"Unity By Fairprice (TMJR) Taman Jurong Shopping Centre","building_type":"PHARMACY","address":"399 YUNG SHENG ROAD JURONG-CLEMENTI TOWN COUNCIL (TAMAN JURONG COLLECTION & SERVICE CENTRE) SINGAPORE 610399","postal":"610399"}},{"type":"Feature","geometry":{"type":"Point","coordinates":[103.72026802061,1.3350420286067]},"properties":{"searchval":"399, YUNG SHENG ROAD, #01-35, TAMAN JURONG SHOPPING CENTRE, SG(610399)","blk_no":"399","road_name":"YUNG SHENG ROAD","building":"JUST KIDS @ TAMAN JURONG PTE. LTD.","building_name":"Unity By Fairprice (TMJR) Taman Jurong Shopping Centre","building_type":"PHARMACY","address":"399 YUNG SHENG ROAD JUST KIDS @ TAMAN JURONG PTE. LTD. SINGAPORE 610399","postal":"610399"}},{"type":"Feature","geometry":{"type":"Point","coordinates":[103.720462024278,1.33484487416514]},"properties":{"searchval":"399, YUNG SHENG ROAD, #01-35, TAMAN JURONG SHOPPING CENTRE, SG(610399)","blk_no":"399","road_name":"YUNG SHENG ROAD","building":"TAMAN JURONG SHOPPING CENTRE","building_name":"Unity By Fairprice (TMJR) Taman Jurong Shopping Centre","building_type":"PHARMACY","address":"399 YUNG SHENG ROAD TAMAN JURONG SHOPPING CENTRE SINGAPORE 610399","postal":"610399"}},{"type":"Feature","geometry":{"type":"Point","coordinates":[103.856624019991,1.31142103107683]},"properties":{"searchval":"180, KITCHENER ROAD, #B2-25, CITY SQUARE MALL, SG(208539)","blk_no":"180","road_name":"KITCHENER ROAD","building":"CITY SQUARE MALL","building_name":"Unity By Fairprice (UCSQ) City Square Mall","building_type":"PHARMACY","address":"180 KITCHENER ROAD CITY SQUARE MALL SINGAPORE 208539","postal":"208539"}},{"type":"Feature","geometry":{"type":"Point","coordinates":[103.856648251388,1.31127324736075]},"properties":{"searchval":"180, KITCHENER ROAD, #B2-25, CITY SQUARE MALL, SG(208539)","blk_no":"180","road_name":"KITCHENER ROAD","building":"CITY SQUARE POST OFFICE","building_name":"Unity By Fairprice (UCSQ) City Square Mall","building_type":"PHARMACY","address":"180 KITCHENER ROAD CITY SQUARE POST OFFICE SINGAPORE 208539","postal":"208539"}},{"type":"Feature","geometry":{"type":"Point","coordinates":[103.856421771626,1.3113051711141]},"properties":{"searchval":"180, KITCHENER ROAD, #B2-25, CITY SQUARE MALL, SG(208539)","blk_no":"180","road_name":"KITCHENER ROAD","building":"GOLDEN VILLAGE (GV CITY SQUARE)","building_name":"Unity By Fairprice (UCSQ) City Square Mall","building_type":"PHARMACY","address":"180 KITCHENER ROAD GOLDEN VILLAGE (GV CITY SQUARE) SINGAPORE 208539","postal":"208539"}},{"type":"Feature","geometry":{"type":"Point","coordinates":[103.856487111691,1.31139349427341]},"properties":{"searchval":"180, KITCHENER ROAD, #B2-25, CITY SQUARE MALL, SG(208539)","blk_no":"180","road_name":"KITCHENER ROAD","building":"LEAP SCHOOLHOUSE @ CITY SQUARE MALL PTE LTD","building_name":"Unity By Fairprice (UCSQ) City Square Mall","building_type":"PHARMACY","address":"180 KITCHENER ROAD LEAP SCHOOLHOUSE @ CITY SQUARE MALL PTE LTD SINGAPORE 208539","postal":"208539"}},{"type":"Feature","geometry":{"type":"Point","coordinates":[103.856487111691,1.31139349427341]},"properties":{"searchval":"180, KITCHENER ROAD, #B2-25, CITY SQUARE MALL, SG(208539)","blk_no":"180","road_name":"KITCHENER ROAD","building":"MINDCHAMPS PRESCHOOL @ CITY SQUARE PTE. LTD","building_name":"Unity By Fairprice (UCSQ) City Square Mall","building_type":"PHARMACY","address":"180 KITCHENER ROAD MINDCHAMPS PRESCHOOL @ CITY SQUARE PTE. LTD SINGAPORE 208539","postal":"208539"}},{"type":"Feature","geometry":{"type":"Point","coordinates":[103.785981524253,1.4360700650803]},"properties":{"searchval":"1, WOODLANDS SQUARE, #01-33, CAUSEWAY POINT, SG(738099)","blk_no":"1","road_name":"WOODLANDS SQUARE","building":"CAUSEWAY POINT","building_name":"Unity By Fairprice (UCWP) Causeway Point","building_type":"PHARMACY","address":"1 WOODLANDS SQUARE CAUSEWAY POINT SINGAPORE 738099","postal":"738099"}},{"type":"Feature","geometry":{"type":"Point","coordinates":[103.746894773008,1.33487526118006]},"properties":{"searchval":"2, JURONG EAST STREET 21, #01-57, IMM BUILDING, SG(609601)","blk_no":"2","road_name":"JURONG EAST STREET 21","building":"IMM BUILDING","building_name":"Unity By Fairprice (UIMM) IMM Mall (The International Merchandising Mart Mall)","building_type":"PHARMACY","address":"2 JURONG EAST STREET 21 IMM BUILDING SINGAPORE 609601","postal":"609601"}},{"type":"Feature","geometry":{"type":"Point","coordinates":[103.706685012926,1.3394520043632]},"properties":{"searchval":"1, JURONG WEST CENTRAL 2, #01-26A, JURONG POINT, SG(648886)","blk_no":"1","road_name":"JURONG WEST CENTRAL 2","building":"GOLDEN VILLAGE (GV JURONG POINT)","building_name":"Unity By Fairprice (UJPO) Jurong Point","building_type":"PHARMACY","address":"1 JURONG WEST CENTRAL 2 GOLDEN VILLAGE (GV JURONG POINT) SINGAPORE 648886","postal":"648886"}},{"type":"Feature","geometry":{"type":"Point","coordinates":[103.70668501289,1.33945271661445]},"properties":{"searchval":"1, JURONG WEST CENTRAL 2, #01-26A, JURONG POINT, SG(648886)","blk_no":"1","road_name":"JURONG WEST CENTRAL 2","building":"JURONG POINT","building_name":"Unity By Fairprice (UJPO) Jurong Point","building_type":"PHARMACY","address":"1 JURONG WEST CENTRAL 2 JURONG POINT SINGAPORE 648886","postal":"648886"}},{"type":"Feature","geometry":{"type":"Point","coordinates":[103.70667405856,1.3404003800375]},"properties":{"searchval":"1, JURONG WEST CENTRAL 2, #01-26A, JURONG POINT, SG(648886)","blk_no":"1","road_name":"JURONG WEST CENTRAL 2","building":"JURONG POINT FOODCOURT","building_name":"Unity By Fairprice (UJPO) Jurong Point","building_type":"PHARMACY","address":"1 JURONG WEST CENTRAL 2 JURONG POINT FOODCOURT SINGAPORE 648886","postal":"648886"}},{"type":"Feature","geometry":{"type":"Point","coordinates":[103.706460883294,1.33983015787723]},"properties":{"searchval":"1, JURONG WEST CENTRAL 2, #01-26A, JURONG POINT, SG(648886)","blk_no":"1","road_name":"JURONG WEST CENTRAL 2","building":"JURONG POINT POST OFFICE","building_name":"Unity By Fairprice (UJPO) Jurong Point","building_type":"PHARMACY","address":"1 JURONG WEST CENTRAL 2 JURONG POINT POST OFFICE SINGAPORE 648886","postal":"648886"}},{"type":"Feature","geometry":{"type":"Point","coordinates":[103.706789553588,1.33973886612177]},"properties":{"searchval":"1, JURONG WEST CENTRAL 2, #01-26A, JURONG POINT, SG(648886)","blk_no":"1","road_name":"JURONG WEST CENTRAL 2","building":"NEW HORIZON CENTRE (JURONG POINT)","building_name":"Unity By Fairprice (UJPO) Jurong Point","building_type":"PHARMACY","address":"1 JURONG WEST CENTRAL 2 NEW HORIZON CENTRE (JURONG POINT) SINGAPORE 648886","postal":"648886"}},{"type":"Feature","geometry":{"type":"Point","coordinates":[103.843850630993,1.31996748439185]},"properties":{"searchval":"238, THOMSON ROAD, #01-11, NOVENA SQUARE, SG(307683)","blk_no":"238","road_name":"THOMSON ROAD","building":"NOVENA SQUARE","building_name":"Unity By Fairprice (UNVS) Novena Square","building_type":"PHARMACY","address":"238 THOMSON ROAD NOVENA SQUARE SINGAPORE 307683","postal":"307683"}},{"type":"Feature","geometry":{"type":"Point","coordinates":[103.844033569199,1.31978949204523]},"properties":{"searchval":"238, THOMSON ROAD, #01-11, NOVENA SQUARE, SG(307683)","blk_no":"238","road_name":"THOMSON ROAD","building":"VELOCITY @ NOVENA SQUARE","building_name":"Unity By Fairprice (UNVS) Novena Square","building_type":"PHARMACY","address":"238 THOMSON ROAD VELOCITY @ NOVENA SQUARE SINGAPORE 307683","postal":"307683"}},{"type":"Feature","geometry":{"type":"Point","coordinates":[103.910831439652,1.41471059297026]},"properties":{"searchval":"88, PUNGGOL WAY, #01-114 - 115, SG(829913)","blk_no":"88","road_name":"PUNGGOL WAY","building":"PUNGGOL COAST MALL","building_name":"Unity By Fairprice (UPDD) Punggol Digital District","building_type":"PHARMACY","address":"88 PUNGGOL WAY PUNGGOL COAST MALL SINGAPORE 829913","postal":"829913"}},{"type":"Feature","geometry":{"type":"Point","coordinates":[103.910614292409,1.41477353491381]},"properties":{"searchval":"88, PUNGGOL WAY, #01-114 - 115, SG(829913)","blk_no":"88","road_name":"PUNGGOL WAY","building":"PUNGGOL COAST MALL (TOWER 7)","building_name":"Unity By Fairprice (UPDD) Punggol Digital District","building_type":"PHARMACY","address":"88 PUNGGOL WAY PUNGGOL COAST MALL (TOWER 7) SINGAPORE 829913","postal":"829913"}},{"type":"Feature","geometry":{"type":"Point","coordinates":[103.948748873616,1.37382437779468]},"properties":{"searchval":"7, PASIR RIS CENTRAL, #B1-27, SG(519612)","blk_no":"7","road_name":"PASIR RIS CENTRAL","building":"PASIR RIS MALL","building_name":"Unity By Fairprice (UPRM ) Pasir Ris Mall","building_type":"PHARMACY","address":"7 PASIR RIS CENTRAL PASIR RIS MALL SINGAPORE 519612","postal":"519612"}},{"type":"Feature","geometry":{"type":"Point","coordinates":[103.988939665328,1.35525176294219]},"properties":{"searchval":"60, AIRPORT BOULEVARD, #02-192, CHANGI AIRPORT TERMINAL 2, SG(819643)","blk_no":"60","road_name":"AIRPORT BOULEVARD","building":"METEOROLOGICAL SERVICE SINGAPORE","building_name":"Unity By Fairprice (UT2S) Changi Airport T2 South","building_type":"PHARMACY","address":"60 AIRPORT BOULEVARD METEOROLOGICAL SERVICE SINGAPORE SINGAPORE 819643","postal":"819643"}},{"type":"Feature","geometry":{"type":"Point","coordinates":[103.823852794772,1.30484344196915]},"properties":{"searchval":"163, TANGLIN ROAD, #B1-112, TANGLIN MALL, SG(247933)","blk_no":"163","road_name":"TANGLIN ROAD","building":"TANGLIN MALL","building_name":"Unity By Fairprice (UTLM) Tanglin Mall","building_type":"PHARMACY","address":"163 TANGLIN ROAD TANGLIN MALL SINGAPORE 247933","postal":"247933"}},{"type":"Feature","geometry":{"type":"Point","coordinates":[103.945071748027,1.35425637962115]},"properties":{"searchval":"10, TAMPINES CENTRAL 1, #01-51, TAMPINES ONE, SG(529536)","blk_no":"10","road_name":"TAMPINES CENTRAL 1","building":"TAMPINES ONE","building_name":"Unity By Fairprice (UTPN) Tampines One","building_type":"PHARMACY","address":"10 TAMPINES CENTRAL 1 TAMPINES ONE SINGAPORE 529536","postal":"529536"}},{"type":"Feature","geometry":{"type":"Point","coordinates":[103.82207343835,1.26431382492761]},"properties":{"searchval":"1, HARBOURFRONT WALK, #01-23, VIVO CITY, SG(098585)","blk_no":"1","road_name":"HARBOURFRONT WALK","building":"GOLDEN VILLAGE (GV VIVOCITY)","building_name":"Unity By Fairprice (UVVO) Vivo City","building_type":"PHARMACY","address":"1 HARBOURFRONT WALK GOLDEN VILLAGE (GV VIVOCITY) SINGAPORE 098585","postal":"098585"}},{"type":"Feature","geometry":{"type":"Point","coordinates":[103.821589247996,1.26389581240004]},"properties":{"searchval":"1, HARBOURFRONT WALK, #01-23, VIVO CITY, SG(098585)","blk_no":"1","road_name":"HARBOURFRONT WALK","building":"LIBRARY@HARBOURFRONT","building_name":"Unity By Fairprice (UVVO) Vivo City","building_type":"PHARMACY","address":"1 HARBOURFRONT WALK LIBRARY@HARBOURFRONT SINGAPORE 098585","postal":"098585"}},{"type":"Feature","geometry":{"type":"Point","coordinates":[103.822596222416,1.26427434061441]},"properties":{"searchval":"1, HARBOURFRONT WALK, #01-23, VIVO CITY, SG(098585)","blk_no":"1","road_name":"HARBOURFRONT WALK","building":"MORIAH ASSEMBLY OF GOD","building_name":"Unity By Fairprice (UVVO) Vivo City","building_type":"PHARMACY","address":"1 HARBOURFRONT WALK MORIAH ASSEMBLY OF GOD SINGAPORE 098585","postal":"098585"}},{"type":"Feature","geometry":{"type":"Point","coordinates":[103.82230469365,1.26429316783973]},"properties":{"searchval":"1, HARBOURFRONT WALK, #01-23, VIVO CITY, SG(098585)","blk_no":"1","road_name":"HARBOURFRONT WALK","building":"VIVOCITY","building_name":"Unity By Fairprice (UVVO) Vivo City","building_type":"PHARMACY","address":"1 HARBOURFRONT WALK VIVOCITY SINGAPORE 098585","postal":"098585"}},{"type":"Feature","geometry":{"type":"Point","coordinates":[103.871750105256,1.33869419209869]},"properties":{"searchval":"11, BIDADARI PARK DRIVE, #B1-28, THE WOODLEIGH MALL, SG(367803)","blk_no":"11","road_name":"BIDADARI PARK DRIVE","building":"BIDADARI COMMUNITY CENTRE","building_name":"Unity by Fairprice (UWLM) Woodleigh Mall","building_type":"PHARMACY","address":"11 BIDADARI PARK DRIVE BIDADARI COMMUNITY CENTRE SINGAPORE 367803","postal":"367803"}},{"type":"Feature","geometry":{"type":"Point","coordinates":[103.871670008192,1.33873066388191]},"properties":{"searchval":"11, BIDADARI PARK DRIVE, #B1-28, THE WOODLEIGH MALL, SG(367803)","blk_no":"11","road_name":"BIDADARI PARK DRIVE","building":"THE WOODLEIGH MALL","building_name":"Unity by Fairprice (UWLM) Woodleigh Mall","building_type":"PHARMACY","address":"11 BIDADARI PARK DRIVE THE WOODLEIGH MALL SINGAPORE 367803","postal":"367803"}},{"type":"Feature","geometry":{"type":"Point","coordinates":[103.830919782333,1.35466902496424]},"properties":{"searchval":"301, UPPER THOMSON ROAD, #01-100/101, THOMSON PLAZA, SG(574408)","blk_no":"301","road_name":"UPPER THOMSON ROAD","building":"THOMSON PLAZA","building_name":"Unity by Fairprice Thomson Plaza (UTSZ)","building_type":"PHARMACY","address":"301 UPPER THOMSON ROAD THOMSON PLAZA SINGAPORE 574408","postal":"574408"}},{"type":"Feature","geometry":{"type":"Point","coordinates":[103.84543599252,1.28424930326813]},"properties":{"searchval":"91, UPPER CROSS STREET, #B1-02, CHINATOWN MRT STATION, SG(058362)","blk_no":"91","road_name":"UPPER CROSS STREET","building":"NIL","building_name":"Vivahealth Pharmacy Pte Ltd","building_type":"PHARMACY","address":"91 UPPER CROSS STREET SINGAPORE 058362","postal":"058362"}},{"type":"Feature","geometry":{"type":"Point","coordinates":[103.902130352627,1.40640964880099]},"properties":{"searchval":"83, PUNGGOL CENTRAL, #B1-31 TO 32, WATERWAY POINT, SG(828761)","blk_no":"83","road_name":"PUNGGOL CENTRAL","building":"MY FIRST SKOOL","building_name":"WATSON'S PERSONAL CARE STORES PTE LTD (WATERWAY POINT)","building_type":"PHARMACY","address":"83 PUNGGOL CENTRAL MY FIRST SKOOL SINGAPORE 828761","postal":"828761"}},{"type":"Feature","geometry":{"type":"Point","coordinates":[103.90198817171,1.40653611690554]},"properties":{"searchval":"83, PUNGGOL CENTRAL, #B1-31 TO 32, WATERWAY POINT, SG(828761)","blk_no":"83","road_name":"PUNGGOL CENTRAL","building":"SHAW THEATRES WATERWAY POINT","building_name":"WATSON'S PERSONAL CARE STORES PTE LTD (WATERWAY POINT)","building_type":"PHARMACY","address":"83 PUNGGOL CENTRAL SHAW THEATRES WATERWAY POINT SINGAPORE 828761","postal":"828761"}},{"type":"Feature","geometry":{"type":"Point","coordinates":[103.902105680785,1.40648462132006]},"properties":{"searchval":"83, PUNGGOL CENTRAL, #B1-31 TO 32, WATERWAY POINT, SG(828761)","blk_no":"83","road_name":"PUNGGOL CENTRAL","building":"WATERWAY POINT","building_name":"WATSON'S PERSONAL CARE STORES PTE LTD (WATERWAY POINT)","building_type":"PHARMACY","address":"83 PUNGGOL CENTRAL WATERWAY POINT SINGAPORE 828761","postal":"828761"}},{"type":"Feature","geometry":{"type":"Point","coordinates":[103.826935079694,1.28646345355064]},"properties":{"searchval":"302, TIONG BAHRU ROAD, #01-131 TO 132, TIONG BAHRU PLAZA, SG(168732)","blk_no":"302","road_name":"TIONG BAHRU ROAD","building":"GOLDEN VILLAGE (GV TIONG BAHRU)","building_name":"WATSONS PERSONAL CARE STORES (TIONG BAHRU PLAZA)","building_type":"PHARMACY","address":"302 TIONG BAHRU ROAD GOLDEN VILLAGE (GV TIONG BAHRU) SINGAPORE 168732","postal":"168732"}},{"type":"Feature","geometry":{"type":"Point","coordinates":[103.827015256194,1.28645889472825]},"properties":{"searchval":"302, TIONG BAHRU ROAD, #01-131 TO 132, TIONG BAHRU PLAZA, SG(168732)","blk_no":"302","road_name":"TIONG BAHRU ROAD","building":"TIONG BAHRU PLAZA","building_name":"WATSONS PERSONAL CARE STORES (TIONG BAHRU PLAZA)","building_type":"PHARMACY","address":"302 TIONG BAHRU ROAD TIONG BAHRU PLAZA SINGAPORE 168732","postal":"168732"}},{"type":"Feature","geometry":{"type":"Point","coordinates":[103.848693181185,1.36923561405404]},"properties":{"searchval":"53, ANG MO KIO AVENUE 3, #B1-29, AMK HUB, SG(569933)","blk_no":"53","road_name":"ANG MO KIO AVENUE 3","building":"ABUNDANT LIFE FAMILY CHURCH","building_name":"Watson's Personal Care Stores Pte Ltd (Ang Mo Kio Hub 2)","building_type":"PHARMACY","address":"53 ANG MO KIO AVENUE 3 ABUNDANT LIFE FAMILY CHURCH SINGAPORE 569933","postal":"569933"}},{"type":"Feature","geometry":{"type":"Point","coordinates":[103.84847796594,1.36938922690344]},"properties":{"searchval":"53, ANG MO KIO AVENUE 3, #B1-29, AMK HUB, SG(569933)","blk_no":"53","road_name":"ANG MO KIO AVENUE 3","building":"AMK HUB","building_name":"Watson's Personal Care Stores Pte Ltd (Ang Mo Kio Hub 2)","building_type":"PHARMACY","address":"53 ANG MO KIO AVENUE 3 AMK HUB SINGAPORE 569933","postal":"569933"}},{"type":"Feature","geometry":{"type":"Point","coordinates":[103.848399225762,1.36924891743034]},"properties":{"searchval":"53, ANG MO KIO AVENUE 3, #B1-29, AMK HUB, SG(569933)","blk_no":"53","road_name":"ANG MO KIO AVENUE 3","building":"THE LITTLE SKOOL-HOUSE INTERNATIONAL PTE LTD","building_name":"Watson's Personal Care Stores Pte Ltd (Ang Mo Kio Hub 2)","building_type":"PHARMACY","address":"53 ANG MO KIO AVENUE 3 THE LITTLE SKOOL-HOUSE INTERNATIONAL PTE LTD SINGAPORE 569933","postal":"569933"}},{"type":"Feature","geometry":{"type":"Point","coordinates":[103.929256259726,1.32473632812103]},"properties":{"searchval":"311, NEW UPPER CHANGI ROAD, #B2-12/13, BEDOK MALL, SG(467360)","blk_no":"311","road_name":"NEW UPPER CHANGI ROAD","building":"BEDOK INTEGRATED TRANSPORT HUB","building_name":"Watson's Personal Care Stores Pte Ltd (Bedok Mall)","building_type":"PHARMACY","address":"311 NEW UPPER CHANGI ROAD BEDOK INTEGRATED TRANSPORT HUB SINGAPORE 467360","postal":"467360"}},{"type":"Feature","geometry":{"type":"Point","coordinates":[103.929256259998,1.32473632784728]},"properties":{"searchval":"311, NEW UPPER CHANGI ROAD, #B2-12/13, BEDOK MALL, SG(467360)","blk_no":"311","road_name":"NEW UPPER CHANGI ROAD","building":"BEDOK MALL","building_name":"Watson's Personal Care Stores Pte Ltd (Bedok Mall)","building_type":"PHARMACY","address":"311 NEW UPPER CHANGI ROAD BEDOK MALL SINGAPORE 467360","postal":"467360"}},{"type":"Feature","geometry":{"type":"Point","coordinates":[103.855411173758,1.29911287475873]},"properties":{"searchval":"200, VICTORIA STREET, #02-29 TO 33/33A, BUGIS JUNCTION, SG(188021)","blk_no":"200","road_name":"VICTORIA STREET","building":"BUGIS JUNCTION","building_name":"Watson's Personal Care Stores Pte Ltd (Bugis Junction)","building_type":"PHARMACY","address":"200 VICTORIA STREET BUGIS JUNCTION SINGAPORE 188021","postal":"188021"}},{"type":"Feature","geometry":{"type":"Point","coordinates":[103.785981524253,1.4360700650803]},"properties":{"searchval":"1, WOODLANDS SQUARE, #B1-14/15, CAUSEWAY POINT, SG(738099)","blk_no":"1","road_name":"WOODLANDS SQUARE","building":"CAUSEWAY POINT","building_name":"Watson's Personal Care Stores Pte Ltd (Causeway Point)","building_type":"PHARMACY","address":"1 WOODLANDS SQUARE CAUSEWAY POINT SINGAPORE 738099","postal":"738099"}},{"type":"Feature","geometry":{"type":"Point","coordinates":[103.856624019991,1.31142103107683]},"properties":{"searchval":"180, KITCHENER ROAD, #B1-11, CITY SQUARE MALL, SG(208539)","blk_no":"180","road_name":"KITCHENER ROAD","building":"CITY SQUARE MALL","building_name":"Watson's Personal Care Stores Pte Ltd (City Square Mall)","building_type":"PHARMACY","address":"180 KITCHENER ROAD CITY SQUARE MALL SINGAPORE 208539","postal":"208539"}},{"type":"Feature","geometry":{"type":"Point","coordinates":[103.856648251388,1.31127324736075]},"properties":{"searchval":"180, KITCHENER ROAD, #B1-11, CITY SQUARE MALL, SG(208539)","blk_no":"180","road_name":"KITCHENER ROAD","building":"CITY SQUARE POST OFFICE","building_name":"Watson's Personal Care Stores Pte Ltd (City Square Mall)","building_type":"PHARMACY","address":"180 KITCHENER ROAD CITY SQUARE POST OFFICE SINGAPORE 208539","postal":"208539"}},{"type":"Feature","geometry":{"type":"Point","coordinates":[103.856421771626,1.3113051711141]},"properties":{"searchval":"180, KITCHENER ROAD, #B1-11, CITY SQUARE MALL, SG(208539)","blk_no":"180","road_name":"KITCHENER ROAD","building":"GOLDEN VILLAGE (GV CITY SQUARE)","building_name":"Watson's Personal Care Stores Pte Ltd (City Square Mall)","building_type":"PHARMACY","address":"180 KITCHENER ROAD GOLDEN VILLAGE (GV CITY SQUARE) SINGAPORE 208539","postal":"208539"}},{"type":"Feature","geometry":{"type":"Point","coordinates":[103.856487111691,1.31139349427341]},"properties":{"searchval":"180, KITCHENER ROAD, #B1-11, CITY SQUARE MALL, SG(208539)","blk_no":"180","road_name":"KITCHENER ROAD","building":"LEAP SCHOOLHOUSE @ CITY SQUARE MALL PTE LTD","building_name":"Watson's Personal Care Stores Pte Ltd (City Square Mall)","building_type":"PHARMACY","address":"180 KITCHENER ROAD LEAP SCHOOLHOUSE @ CITY SQUARE MALL PTE LTD SINGAPORE 208539","postal":"208539"}},{"type":"Feature","geometry":{"type":"Point","coordinates":[103.856487111691,1.31139349427341]},"properties":{"searchval":"180, KITCHENER ROAD, #B1-11, CITY SQUARE MALL, SG(208539)","blk_no":"180","road_name":"KITCHENER ROAD","building":"MINDCHAMPS PRESCHOOL @ CITY SQUARE PTE. LTD","building_name":"Watson's Personal Care Stores Pte Ltd (City Square Mall)","building_type":"PHARMACY","address":"180 KITCHENER ROAD MINDCHAMPS PRESCHOOL @ CITY SQUARE PTE. LTD SINGAPORE 208539","postal":"208539"}},{"type":"Feature","geometry":{"type":"Point","coordinates":[103.764270467593,1.31496652285558]},"properties":{"searchval":"3155, COMMONWEALTH AVENUE WEST, #B1-37/38/39, THE CLEMENTI MALL, SG(129588)","blk_no":"3155","road_name":"COMMONWEALTH AVENUE WEST","building":"CLEMENTI BUS INTERCHANGE","building_name":"Watson's Personal Care Stores Pte Ltd (Clementi Mall)","building_type":"PHARMACY","address":"3155 COMMONWEALTH AVENUE WEST CLEMENTI BUS INTERCHANGE SINGAPORE 129588","postal":"129588"}},{"type":"Feature","geometry":{"type":"Point","coordinates":[103.764724680775,1.31498672954653]},"properties":{"searchval":"3155, COMMONWEALTH AVENUE WEST, #B1-37/38/39, THE CLEMENTI MALL, SG(129588)","blk_no":"3155","road_name":"COMMONWEALTH AVENUE WEST","building":"CLEMENTI PUBLIC LIBRARY","building_name":"Watson's Personal Care Stores Pte Ltd (Clementi Mall)","building_type":"PHARMACY","address":"3155 COMMONWEALTH AVENUE WEST CLEMENTI PUBLIC LIBRARY SINGAPORE 129588","postal":"129588"}},{"type":"Feature","geometry":{"type":"Point","coordinates":[103.764423054189,1.31489619639366]},"properties":{"searchval":"3155, COMMONWEALTH AVENUE WEST, #B1-37/38/39, THE CLEMENTI MALL, SG(129588)","blk_no":"3155","road_name":"COMMONWEALTH AVENUE WEST","building":"THE CLEMENTI MALL","building_name":"Watson's Personal Care Stores Pte Ltd (Clementi Mall)","building_type":"PHARMACY","address":"3155 COMMONWEALTH AVENUE WEST THE CLEMENTI MALL SINGAPORE 129588","postal":"129588"}},{"type":"Feature","geometry":{"type":"Point","coordinates":[103.89507054384,1.39205314156706]},"properties":{"searchval":"1, SENGKANG SQUARE, #02-09, COMPASS ONE, SG(545078)","blk_no":"1","road_name":"SENGKANG SQUARE","building":"COMPASS ONE","building_name":"Watson's Personal Care Stores Pte Ltd (Compass One)","building_type":"PHARMACY","address":"1 SENGKANG SQUARE COMPASS ONE SINGAPORE 545078","postal":"545078"}},{"type":"Feature","geometry":{"type":"Point","coordinates":[103.895026387256,1.39193355469474]},"properties":{"searchval":"1, SENGKANG SQUARE, #02-09, COMPASS ONE, SG(545078)","blk_no":"1","road_name":"SENGKANG SQUARE","building":"SENGKANG PUBLIC LIBRARY","building_name":"Watson's Personal Care Stores Pte Ltd (Compass One)","building_type":"PHARMACY","address":"1 SENGKANG SQUARE SENGKANG PUBLIC LIBRARY SINGAPORE 545078","postal":"545078"}},{"type":"Feature","geometry":{"type":"Point","coordinates":[103.831757911057,1.29380235105066]},"properties":{"searchval":"1, KIM SENG PROMENADE, #B1-118 TO 121, GREAT WORLD CITY, SG(237994)","blk_no":"1","road_name":"KIM SENG PROMENADE","building":"BRIGHTON MONTESSORI CENTRES PTE. LTD.","building_name":"Watson's Personal Care Stores Pte Ltd (Great World City)","building_type":"PHARMACY","address":"1 KIM SENG PROMENADE BRIGHTON MONTESSORI CENTRES PTE. LTD. SINGAPORE 237994","postal":"237994"}},{"type":"Feature","geometry":{"type":"Point","coordinates":[103.831852569632,1.29341062822852]},"properties":{"searchval":"1, KIM SENG PROMENADE, #B1-118 TO 121, GREAT WORLD CITY, SG(237994)","blk_no":"1","road_name":"KIM SENG PROMENADE","building":"EMBASSY OF THE REPUBLIC OF KAZAKHSTAN","building_name":"Watson's Personal Care Stores Pte Ltd (Great World City)","building_type":"PHARMACY","address":"1 KIM SENG PROMENADE EMBASSY OF THE REPUBLIC OF KAZAKHSTAN SINGAPORE 237994","postal":"237994"}},{"type":"Feature","geometry":{"type":"Point","coordinates":[103.832095275633,1.29317220444774]},"properties":{"searchval":"1, KIM SENG PROMENADE, #B1-118 TO 121, GREAT WORLD CITY, SG(237994)","blk_no":"1","road_name":"KIM SENG PROMENADE","building":"GOLDEN VILLAGE (GV GRAND)","building_name":"Watson's Personal Care Stores Pte Ltd (Great World City)","building_type":"PHARMACY","address":"1 KIM SENG PROMENADE GOLDEN VILLAGE (GV GRAND) SINGAPORE 237994","postal":"237994"}},{"type":"Feature","geometry":{"type":"Point","coordinates":[103.832022146655,1.29342272650003]},"properties":{"searchval":"1, KIM SENG PROMENADE, #B1-118 TO 121, GREAT WORLD CITY, SG(237994)","blk_no":"1","road_name":"KIM SENG PROMENADE","building":"GREAT WORLD CITY","building_name":"Watson's Personal Care Stores Pte Ltd (Great World City)","building_type":"PHARMACY","address":"1 KIM SENG PROMENADE GREAT WORLD CITY SINGAPORE 237994","postal":"237994"}},{"type":"Feature","geometry":{"type":"Point","coordinates":[103.931806159881,1.32662388643563]},"properties":{"searchval":"11, BEDOK NORTH STREET 1, #01-09 TO 10, HEARTBEAT @ BEDOK, SG(469662)","blk_no":"11","road_name":"BEDOK NORTH STREET 1","building":"BEDOK PUBLIC LIBRARY","building_name":"Watson's Personal Care Stores Pte Ltd (Heartbeat@bedok)","building_type":"PHARMACY","address":"11 BEDOK NORTH STREET 1 BEDOK PUBLIC LIBRARY SINGAPORE 469662","postal":"469662"}},{"type":"Feature","geometry":{"type":"Point","coordinates":[103.932289297803,1.32714145116687]},"properties":{"searchval":"11, BEDOK NORTH STREET 1, #01-09 TO 10, HEARTBEAT @ BEDOK, SG(469662)","blk_no":"11","road_name":"BEDOK NORTH STREET 1","building":"BEDOK SWIMMING COMPLEX","building_name":"Watson's Personal Care Stores Pte Ltd (Heartbeat@bedok)","building_type":"PHARMACY","address":"11 BEDOK NORTH STREET 1 BEDOK SWIMMING COMPLEX SINGAPORE 469662","postal":"469662"}},{"type":"Feature","geometry":{"type":"Point","coordinates":[103.932129515964,1.32686438553509]},"properties":{"searchval":"11, BEDOK NORTH STREET 1, #01-09 TO 10, HEARTBEAT @ BEDOK, SG(469662)","blk_no":"11","road_name":"BEDOK NORTH STREET 1","building":"HEARTBEAT @ BEDOK","building_name":"Watson's Personal Care Stores Pte Ltd (Heartbeat@bedok)","building_type":"PHARMACY","address":"11 BEDOK NORTH STREET 1 HEARTBEAT @ BEDOK SINGAPORE 469662","postal":"469662"}},{"type":"Feature","geometry":{"type":"Point","coordinates":[103.932394011989,1.32704197090859]},"properties":{"searchval":"11, BEDOK NORTH STREET 1, #01-09 TO 10, HEARTBEAT @ BEDOK, SG(469662)","blk_no":"11","road_name":"BEDOK NORTH STREET 1","building":"HEARTBEAT @ BEDOK ACTIVESG SPORT CENTRE","building_name":"Watson's Personal Care Stores Pte Ltd (Heartbeat@bedok)","building_type":"PHARMACY","address":"11 BEDOK NORTH STREET 1 HEARTBEAT @ BEDOK ACTIVESG SPORT CENTRE SINGAPORE 469662","postal":"469662"}},{"type":"Feature","geometry":{"type":"Point","coordinates":[103.931620621005,1.32698499168096]},"properties":{"searchval":"11, BEDOK NORTH STREET 1, #01-09 TO 10, HEARTBEAT @ BEDOK, SG(469662)","blk_no":"11","road_name":"BEDOK NORTH STREET 1","building":"KAMPONG CHAI CHEE COMMUNITY CENTRE","building_name":"Watson's Personal Care Stores Pte Ltd (Heartbeat@bedok)","building_type":"PHARMACY","address":"11 BEDOK NORTH STREET 1 KAMPONG CHAI CHEE COMMUNITY CENTRE SINGAPORE 469662","postal":"469662"}},{"type":"Feature","geometry":{"type":"Point","coordinates":[103.932029527683,1.32671219591036]},"properties":{"searchval":"11, BEDOK NORTH STREET 1, #01-09 TO 10, HEARTBEAT @ BEDOK, SG(469662)","blk_no":"11","road_name":"BEDOK NORTH STREET 1","building":"SINGHEALTH POLYCLINICS (BEDOK POLYCLINIC)","building_name":"Watson's Personal Care Stores Pte Ltd (Heartbeat@bedok)","building_type":"PHARMACY","address":"11 BEDOK NORTH STREET 1 SINGHEALTH POLYCLINICS (BEDOK POLYCLINIC) SINGAPORE 469662","postal":"469662"}},{"type":"Feature","geometry":{"type":"Point","coordinates":[103.845703218601,1.27573568143134]},"properties":{"searchval":"10, ANSON ROAD, #01-62-67, INTERNATIONAL PLAZA, SG(079903)","blk_no":"10","road_name":"ANSON ROAD","building":"CONSULATE-GENERAL OF THE REPUBLIC OF MALTA","building_name":"Watson's Personal Care Stores Pte Ltd (International Plaza)","building_type":"PHARMACY","address":"10 ANSON ROAD CONSULATE-GENERAL OF THE REPUBLIC OF MALTA SINGAPORE 079903","postal":"079903"}},{"type":"Feature","geometry":{"type":"Point","coordinates":[103.845923793168,1.27588674266836]},"properties":{"searchval":"10, ANSON ROAD, #01-62-67, INTERNATIONAL PLAZA, SG(079903)","blk_no":"10","road_name":"ANSON ROAD","building":"INTERNATIONAL PLAZA","building_name":"Watson's Personal Care Stores Pte Ltd (International Plaza)","building_type":"PHARMACY","address":"10 ANSON ROAD INTERNATIONAL PLAZA SINGAPORE 079903","postal":"079903"}},{"type":"Feature","geometry":{"type":"Point","coordinates":[103.845909290669,1.27571263511544]},"properties":{"searchval":"10, ANSON ROAD, #01-62-67, INTERNATIONAL PLAZA, SG(079903)","blk_no":"10","road_name":"ANSON ROAD","building":"REGISTRY OF COMPANIES AND BUSINESS","building_name":"Watson's Personal Care Stores Pte Ltd (International Plaza)","building_type":"PHARMACY","address":"10 ANSON ROAD REGISTRY OF COMPANIES AND BUSINESS SINGAPORE 079903","postal":"079903"}},{"type":"Feature","geometry":{"type":"Point","coordinates":[103.743278742341,1.33329334473462]},"properties":{"searchval":"50, JURONG GATEWAY ROAD, #B1-07, JEM, SG(608549)","blk_no":"50","road_name":"JURONG GATEWAY ROAD","building":"JEM","building_name":"Watson's Personal Care Stores Pte Ltd (Jem)","building_type":"PHARMACY","address":"50 JURONG GATEWAY ROAD JEM SINGAPORE 608549","postal":"608549"}},{"type":"Feature","geometry":{"type":"Point","coordinates":[103.990002942162,1.35993782064432]},"properties":{"searchval":"78, AIRPORT BOULEVARD, #B2-217/218, JEWEL CHANGI AIRPORT, SG(819666)","blk_no":"78","road_name":"AIRPORT BOULEVARD","building":"YOTELAIR SINGAPORE CHANGI AIRPORT","building_name":"Watson's Personal Care Stores Pte Ltd (Jewel Changi Airport)","building_type":"PHARMACY","address":"78 AIRPORT BOULEVARD YOTELAIR SINGAPORE CHANGI AIRPORT SINGAPORE 819666","postal":"819666"}},{"type":"Feature","geometry":{"type":"Point","coordinates":[103.848826189269,1.35042215656701]},"properties":{"searchval":"9, BISHAN PLACE, #02-45/46, JUNCTION 8 SHOPPING CENTRE, SG(579837)","blk_no":"9","road_name":"BISHAN PLACE","building":"GOLDEN VILLAGE (GV BISHAN)","building_name":"Watson's Personal Care Stores Pte Ltd (Junction 8)","building_type":"PHARMACY","address":"9 BISHAN PLACE GOLDEN VILLAGE (GV BISHAN) SINGAPORE 579837","postal":"579837"}},{"type":"Feature","geometry":{"type":"Point","coordinates":[103.848760473211,1.3504812534505]},"properties":{"searchval":"9, BISHAN PLACE, #02-45/46, JUNCTION 8 SHOPPING CENTRE, SG(579837)","blk_no":"9","road_name":"BISHAN PLACE","building":"JUNCTION 8","building_name":"Watson's Personal Care Stores Pte Ltd (Junction 8)","building_type":"PHARMACY","address":"9 BISHAN PLACE JUNCTION 8 SINGAPORE 579837","postal":"579837"}},{"type":"Feature","geometry":{"type":"Point","coordinates":[103.706685012926,1.3394520043632]},"properties":{"searchval":"1, JURONG WEST CENTRAL 2, #B1-12/13/14, JURONG POINT, SG(648886)","blk_no":"1","road_name":"JURONG WEST CENTRAL 2","building":"GOLDEN VILLAGE (GV JURONG POINT)","building_name":"Watson's Personal Care Stores Pte Ltd (Jurong Point)","building_type":"PHARMACY","address":"1 JURONG WEST CENTRAL 2 GOLDEN VILLAGE (GV JURONG POINT) SINGAPORE 648886","postal":"648886"}},{"type":"Feature","geometry":{"type":"Point","coordinates":[103.70668501289,1.33945271661445]},"properties":{"searchval":"1, JURONG WEST CENTRAL 2, #B1-12/13/14, JURONG POINT, SG(648886)","blk_no":"1","road_name":"JURONG WEST CENTRAL 2","building":"JURONG POINT","building_name":"Watson's Personal Care Stores Pte Ltd (Jurong Point)","building_type":"PHARMACY","address":"1 JURONG WEST CENTRAL 2 JURONG POINT SINGAPORE 648886","postal":"648886"}},{"type":"Feature","geometry":{"type":"Point","coordinates":[103.70667405856,1.3404003800375]},"properties":{"searchval":"1, JURONG WEST CENTRAL 2, #B1-12/13/14, JURONG POINT, SG(648886)","blk_no":"1","road_name":"JURONG WEST CENTRAL 2","building":"JURONG POINT FOODCOURT","building_name":"Watson's Personal Care Stores Pte Ltd (Jurong Point)","building_type":"PHARMACY","address":"1 JURONG WEST CENTRAL 2 JURONG POINT FOODCOURT SINGAPORE 648886","postal":"648886"}},{"type":"Feature","geometry":{"type":"Point","coordinates":[103.706460883294,1.33983015787723]},"properties":{"searchval":"1, JURONG WEST CENTRAL 2, #B1-12/13/14, JURONG POINT, SG(648886)","blk_no":"1","road_name":"JURONG WEST CENTRAL 2","building":"JURONG POINT POST OFFICE","building_name":"Watson's Personal Care Stores Pte Ltd (Jurong Point)","building_type":"PHARMACY","address":"1 JURONG WEST CENTRAL 2 JURONG POINT POST OFFICE SINGAPORE 648886","postal":"648886"}},{"type":"Feature","geometry":{"type":"Point","coordinates":[103.706789553588,1.33973886612177]},"properties":{"searchval":"1, JURONG WEST CENTRAL 2, #B1-12/13/14, JURONG POINT, SG(648886)","blk_no":"1","road_name":"JURONG WEST CENTRAL 2","building":"NEW HORIZON CENTRE (JURONG POINT)","building_name":"Watson's Personal Care Stores Pte Ltd (Jurong Point)","building_type":"PHARMACY","address":"1 JURONG WEST CENTRAL 2 NEW HORIZON CENTRE (JURONG POINT) SINGAPORE 648886","postal":"648886"}},{"type":"Feature","geometry":{"type":"Point","coordinates":[103.854773147641,1.27992126239604]},"properties":{"searchval":"8A, MARINA BOULEVARD, #B2-57/58/59, MARINA BAY LINK MALL, SG(018984)","blk_no":"8A","road_name":"MARINA BOULEVARD","building":"GROUND PLAZA (MARINA BAY LINK MALL)","building_name":"Watson's Personal Care Stores Pte Ltd (Marina Bay Financial Centre)","building_type":"PHARMACY","address":"8A MARINA BOULEVARD GROUND PLAZA (MARINA BAY LINK MALL) SINGAPORE 018984","postal":"018984"}},{"type":"Feature","geometry":{"type":"Point","coordinates":[103.853369662547,1.28023825446086]},"properties":{"searchval":"8A, MARINA BOULEVARD, #B2-57/58/59, MARINA BAY LINK MALL, SG(018984)","blk_no":"8A","road_name":"MARINA BOULEVARD","building":"MARINA BAY LINK MALL","building_name":"Watson's Personal Care Stores Pte Ltd (Marina Bay Financial Centre)","building_type":"PHARMACY","address":"8A MARINA BOULEVARD MARINA BAY LINK MALL SINGAPORE 018984","postal":"018984"}},{"type":"Feature","geometry":{"type":"Point","coordinates":[103.857629111139,1.28332249857386]},"properties":{"searchval":"2, BAYFRONT AVENUE, #B2-01B, MARINA BAY SANDS, SG(018972)","blk_no":"2","road_name":"BAYFRONT AVENUE","building":"CRYSTAL PAVILION SOUTH","building_name":"Watson's Personal Care Stores Pte Ltd (Marina Bay Sands)","building_type":"PHARMACY","address":"2 BAYFRONT AVENUE CRYSTAL PAVILION SOUTH SINGAPORE 018972","postal":"018972"}},{"type":"Feature","geometry":{"type":"Point","coordinates":[103.858982282698,1.28423496027027]},"properties":{"searchval":"2, BAYFRONT AVENUE, #B2-01B, MARINA BAY SANDS, SG(018972)","blk_no":"2","road_name":"BAYFRONT AVENUE","building":"THE SHOPPES AT MARINA BAY SANDS","building_name":"Watson's Personal Care Stores Pte Ltd (Marina Bay Sands)","building_type":"PHARMACY","address":"2 BAYFRONT AVENUE THE SHOPPES AT MARINA BAY SANDS SINGAPORE 018972","postal":"018972"}},{"type":"Feature","geometry":{"type":"Point","coordinates":[103.860720977246,1.28360346911488]},"properties":{"searchval":"2, BAYFRONT AVENUE, #B2-01B, MARINA BAY SANDS, SG(018972)","blk_no":"1","road_name":"BAYFRONT AVENUE","building":"TOWER 2 (MARINA BAY SANDS SINGAPORE)","building_name":"Watson's Personal Care Stores Pte Ltd (Marina Bay Sands)","building_type":"PHARMACY","address":"1 BAYFRONT AVENUE TOWER 2 (MARINA BAY SANDS SINGAPORE) SINGAPORE 018971","postal":"018971"}},{"type":"Feature","geometry":{"type":"Point","coordinates":[103.872296143862,1.35076935257845]},"properties":{"searchval":"23, SERANGOON CENTRAL, #02-57, NEX, SG(556083)","blk_no":"23","road_name":"SERANGOON CENTRAL","building":"NEX","building_name":"Watson's Personal Care Stores Pte Ltd (NEX)","building_type":"PHARMACY","address":"23 SERANGOON CENTRAL NEX SINGAPORE 556083","postal":"556083"}},{"type":"Feature","geometry":{"type":"Point","coordinates":[103.872296143318,1.3507693523047]},"properties":{"searchval":"23, SERANGOON CENTRAL, #02-57, NEX, SG(556083)","blk_no":"23","road_name":"SERANGOON CENTRAL","building":"SERANGOON BUS INTERCHANGE","building_name":"Watson's Personal Care Stores Pte Ltd (NEX)","building_type":"PHARMACY","address":"23 SERANGOON CENTRAL SERANGOON BUS INTERCHANGE SINGAPORE 556083","postal":"556083"}},{"type":"Feature","geometry":{"type":"Point","coordinates":[103.872929470122,1.35031308387652]},"properties":{"searchval":"23, SERANGOON CENTRAL, #02-57, NEX, SG(556083)","blk_no":"23","road_name":"SERANGOON CENTRAL","building":"SERANGOON PUBLIC LIBRARY","building_name":"Watson's Personal Care Stores Pte Ltd (NEX)","building_type":"PHARMACY","address":"23 SERANGOON CENTRAL SERANGOON PUBLIC LIBRARY SINGAPORE 556083","postal":"556083"}},{"type":"Feature","geometry":{"type":"Point","coordinates":[103.872313208185,1.35073185391846]},"properties":{"searchval":"23, SERANGOON CENTRAL, #02-57, NEX, SG(556083)","blk_no":"23","road_name":"SERANGOON CENTRAL","building":"SHAW THEATRRES NEX","building_name":"Watson's Personal Care Stores Pte Ltd (NEX)","building_type":"PHARMACY","address":"23 SERANGOON CENTRAL SHAW THEATRRES NEX SINGAPORE 556083","postal":"556083"}},{"type":"Feature","geometry":{"type":"Point","coordinates":[103.87211567247,1.35088882151724]},"properties":{"searchval":"23, SERANGOON CENTRAL, #02-57, NEX, SG(556083)","blk_no":"23","road_name":"SERANGOON CENTRAL","building":"THE VETERINARY CLINIC PTE LTD (NEX MALL BRANCH)","building_name":"Watson's Personal Care Stores Pte Ltd (NEX)","building_type":"PHARMACY","address":"23 SERANGOON CENTRAL THE VETERINARY CLINIC PTE LTD (NEX MALL BRANCH) SINGAPORE 556083","postal":"556083"}},{"type":"Feature","geometry":{"type":"Point","coordinates":[103.835181912297,1.30224168528687]},"properties":{"searchval":"391, ORCHARD ROAD, #B2-06-10, NGEE ANN CITY, SG(238872)","blk_no":"391","road_name":"ORCHARD ROAD","building":"NGEE ANN CITY","building_name":"Watson's Personal Care Stores Pte Ltd (Ngee Ann City)","building_type":"PHARMACY","address":"391 ORCHARD ROAD NGEE ANN CITY SINGAPORE 238872","postal":"238872"}},{"type":"Feature","geometry":{"type":"Point","coordinates":[103.834749804244,1.30230881694097]},"properties":{"searchval":"391, ORCHARD ROAD, #B2-06-10, NGEE ANN CITY, SG(238872)","blk_no":"391","road_name":"ORCHARD ROAD","building":"TAKASHIMAYA SHOPPING CENTRE","building_name":"Watson's Personal Care Stores Pte Ltd (Ngee Ann City)","building_type":"PHARMACY","address":"391 ORCHARD ROAD TAKASHIMAYA SHOPPING CENTRE SINGAPORE 238872","postal":"238872"}},{"type":"Feature","geometry":{"type":"Point","coordinates":[103.836324536111,1.42875460572994]},"properties":{"searchval":"1, NORTHPOINT DRIVE, #B1-160-165, NORTHPOINT CITY, SG(768019)","blk_no":"1","road_name":"NORTHPOINT DRIVE","building":"NEE SOON CENTRAL COMMUNITY CLUB","building_name":"Watson's Personal Care Stores Pte Ltd (North Point)","building_type":"PHARMACY","address":"1 NORTHPOINT DRIVE NEE SOON CENTRAL COMMUNITY CLUB SINGAPORE 768019","postal":"768019"}},{"type":"Feature","geometry":{"type":"Point","coordinates":[103.836177650973,1.42790288991304]},"properties":{"searchval":"1, NORTHPOINT DRIVE, #B1-160-165, NORTHPOINT CITY, SG(768019)","blk_no":"1","road_name":"NORTHPOINT DRIVE","building":"NORTHPOINT CITY","building_name":"Watson's Personal Care Stores Pte Ltd (North Point)","building_type":"PHARMACY","address":"1 NORTHPOINT DRIVE NORTHPOINT CITY SINGAPORE 768019","postal":"768019"}},{"type":"Feature","geometry":{"type":"Point","coordinates":[103.843850630993,1.31996748439185]},"properties":{"searchval":"238, THOMSON ROAD, #02-05 TO 09, NOVENA SQUARE, SG(307683)","blk_no":"238","road_name":"THOMSON ROAD","building":"NOVENA SQUARE","building_name":"Watson's Personal Care Stores Pte Ltd (Novena Square)","building_type":"PHARMACY","address":"238 THOMSON ROAD NOVENA SQUARE SINGAPORE 307683","postal":"307683"}},{"type":"Feature","geometry":{"type":"Point","coordinates":[103.844033569199,1.31978949204523]},"properties":{"searchval":"238, THOMSON ROAD, #02-05 TO 09, NOVENA SQUARE, SG(307683)","blk_no":"238","road_name":"THOMSON ROAD","building":"VELOCITY @ NOVENA SQUARE","building_name":"Watson's Personal Care Stores Pte Ltd (Novena Square)","building_type":"PHARMACY","address":"238 THOMSON ROAD VELOCITY @ NOVENA SQUARE SINGAPORE 307683","postal":"307683"}},{"type":"Feature","geometry":{"type":"Point","coordinates":[103.83524031199,1.30372322368856]},"properties":{"searchval":"290, ORCHARD ROAD, #B1-27/27A, THE PARAGON, SG(238859)","blk_no":"290","road_name":"ORCHARD ROAD","building":"MINDCHAMPS PRESCHOOL @ PARAGON PTE. LIMITED","building_name":"Watson's Personal Care Stores Pte Ltd (Paragon)","building_type":"PHARMACY","address":"290 ORCHARD ROAD MINDCHAMPS PRESCHOOL @ PARAGON PTE. LIMITED SINGAPORE 238859","postal":"238859"}},{"type":"Feature","geometry":{"type":"Point","coordinates":[103.835940962553,1.30418212572574]},"properties":{"searchval":"290, ORCHARD ROAD, #B1-27/27A, THE PARAGON, SG(238859)","blk_no":"290","road_name":"ORCHARD ROAD","building":"PARAGON MEDICAL","building_name":"Watson's Personal Care Stores Pte Ltd (Paragon)","building_type":"PHARMACY","address":"290 ORCHARD ROAD PARAGON MEDICAL SINGAPORE 238859","postal":"238859"}},{"type":"Feature","geometry":{"type":"Point","coordinates":[103.835857545469,1.30387230879994]},"properties":{"searchval":"290, ORCHARD ROAD, #B1-27/27A, THE PARAGON, SG(238859)","blk_no":"290","road_name":"ORCHARD ROAD","building":"THE PARAGON","building_name":"Watson's Personal Care Stores Pte Ltd (Paragon)","building_type":"PHARMACY","address":"290 ORCHARD ROAD THE PARAGON SINGAPORE 238859","postal":"238859"}},{"type":"Feature","geometry":{"type":"Point","coordinates":[103.905505005847,1.301041960873]},"properties":{"searchval":"80, MARINE PARADE ROAD, #B1-14/15/16, PARKWAY PARADE, SG(449269)","blk_no":"80","road_name":"MARINE PARADE ROAD","building":"MARINE PARADE POST OFFICE","building_name":"Watson's Personal Care Stores Pte Ltd (Parkway Parade)","building_type":"PHARMACY","address":"80 MARINE PARADE ROAD MARINE PARADE POST OFFICE SINGAPORE 449269","postal":"449269"}},{"type":"Feature","geometry":{"type":"Point","coordinates":[103.905113590527,1.30119131468839]},"properties":{"searchval":"80, MARINE PARADE ROAD, #B1-14/15/16, PARKWAY PARADE, SG(449269)","blk_no":"80","road_name":"MARINE PARADE ROAD","building":"MY FIRST SKOOL","building_name":"Watson's Personal Care Stores Pte Ltd (Parkway Parade)","building_type":"PHARMACY","address":"80 MARINE PARADE ROAD MY FIRST SKOOL SINGAPORE 449269","postal":"449269"}},{"type":"Feature","geometry":{"type":"Point","coordinates":[103.905279491524,1.30106975506311]},"properties":{"searchval":"80, MARINE PARADE ROAD, #B1-14/15/16, PARKWAY PARADE, SG(449269)","blk_no":"80","road_name":"MARINE PARADE ROAD","building":"PARKWAY PARADE","building_name":"Watson's Personal Care Stores Pte Ltd (Parkway Parade)","building_type":"PHARMACY","address":"80 MARINE PARADE ROAD PARKWAY PARADE SINGAPORE 449269","postal":"449269"}},{"type":"Feature","geometry":{"type":"Point","coordinates":[103.893414663597,1.31770886898996]},"properties":{"searchval":"10, PAYA LEBAR ROAD, #02-19, SG(409057)","blk_no":"10","road_name":"PAYA LEBAR ROAD","building":"PAYA LEBAR QUARTER","building_name":"Watson's Personal Care Stores Pte Ltd (Paya Lebar Quarter)","building_type":"PHARMACY","address":"10 PAYA LEBAR ROAD PAYA LEBAR QUARTER SINGAPORE 409057","postal":"409057"}},{"type":"Feature","geometry":{"type":"Point","coordinates":[103.892836694432,1.31756115921]},"properties":{"searchval":"10, PAYA LEBAR ROAD, #02-19, SG(409057)","blk_no":"10","road_name":"PAYA LEBAR ROAD","building":"PLQ MALL","building_name":"Watson's Personal Care Stores Pte Ltd (Paya Lebar Quarter)","building_type":"PHARMACY","address":"10 PAYA LEBAR ROAD PLQ MALL SINGAPORE 409057","postal":"409057"}},{"type":"Feature","geometry":{"type":"Point","coordinates":[103.892724428994,1.31752384637596]},"properties":{"searchval":"10, PAYA LEBAR ROAD, #02-19, SG(409057)","blk_no":"10","road_name":"PAYA LEBAR ROAD","building":"SHAW THEATRES PAYA LEBAR QUARTER","building_name":"Watson's Personal Care Stores Pte Ltd (Paya Lebar Quarter)","building_type":"PHARMACY","address":"10 PAYA LEBAR ROAD SHAW THEATRES PAYA LEBAR QUARTER SINGAPORE 409057","postal":"409057"}},{"type":"Feature","geometry":{"type":"Point","coordinates":[103.845067272666,1.30082071769235]},"properties":{"searchval":"68, ORCHARD ROAD, #B2-06-07, PLAZA SINGAPURA, SG(238839)","blk_no":"68","road_name":"ORCHARD ROAD","building":"GOLDEN VILLAGE (GV PLAZA)","building_name":"Watson's Personal Care Stores Pte Ltd (Plaza Singapura)","building_type":"PHARMACY","address":"68 ORCHARD ROAD GOLDEN VILLAGE (GV PLAZA) SINGAPORE 238839","postal":"238839"}},{"type":"Feature","geometry":{"type":"Point","coordinates":[103.845047573431,1.30074770963916]},"properties":{"searchval":"68, ORCHARD ROAD, #B2-06-07, PLAZA SINGAPURA, SG(238839)","blk_no":"68","road_name":"ORCHARD ROAD","building":"PLAZA SINGAPURA","building_name":"Watson's Personal Care Stores Pte Ltd (Plaza Singapura)","building_type":"PHARMACY","address":"68 ORCHARD ROAD PLAZA SINGAPURA SINGAPORE 238839","postal":"238839"}},{"type":"Feature","geometry":{"type":"Point","coordinates":[103.853119904656,1.29389357863312]},"properties":{"searchval":"252, NORTH BRIDGE ROAD, #B1-42, RAFFLES CITY SHOPPING CENTRE, SG(179103)","blk_no":"252","road_name":"NORTH BRIDGE ROAD","building":"RAFFLES CITY SHOPPING CENTRE","building_name":"Watson's Personal Care Stores Pte Ltd (Raffles City)","building_type":"PHARMACY","address":"252 NORTH BRIDGE ROAD RAFFLES CITY SHOPPING CENTRE SINGAPORE 179103","postal":"179103"}},{"type":"Feature","geometry":{"type":"Point","coordinates":[103.853331827088,1.29407644483073]},"properties":{"searchval":"252, NORTH BRIDGE ROAD, #B1-42, RAFFLES CITY SHOPPING CENTRE, SG(179103)","blk_no":"252","road_name":"NORTH BRIDGE ROAD","building":"RAFFLES CITY TOWER","building_name":"Watson's Personal Care Stores Pte Ltd (Raffles City)","building_type":"PHARMACY","address":"252 NORTH BRIDGE ROAD RAFFLES CITY TOWER SINGAPORE 179103","postal":"179103"}},{"type":"Feature","geometry":{"type":"Point","coordinates":[103.860333693777,1.29485990186642]},"properties":{"searchval":"3, TEMASEK BOULEVARD, #02-420/421/422/423, SUNTEC CITY MALL, SG(038983)","blk_no":"3","road_name":"TEMASEK BOULEVARD","building":"GOLDEN VILLAGE (GV SUNTEC CITY)","building_name":"Watson's Personal Care Stores Pte Ltd (Suntec City)","building_type":"PHARMACY","address":"3 TEMASEK BOULEVARD GOLDEN VILLAGE (GV SUNTEC CITY) SINGAPORE 038983","postal":"038983"}},{"type":"Feature","geometry":{"type":"Point","coordinates":[103.857761676467,1.29501962804526]},"properties":{"searchval":"3, TEMASEK BOULEVARD, #02-420/421/422/423, SUNTEC CITY MALL, SG(038983)","blk_no":"3","road_name":"TEMASEK BOULEVARD","building":"JOSIAH MONTESSORI : CITY CHILDCARE CENTRE","building_name":"Watson's Personal Care Stores Pte Ltd (Suntec City)","building_type":"PHARMACY","address":"3 TEMASEK BOULEVARD JOSIAH MONTESSORI : CITY CHILDCARE CENTRE SINGAPORE 038983","postal":"038983"}},{"type":"Feature","geometry":{"type":"Point","coordinates":[103.859014406736,1.29593189477195]},"properties":{"searchval":"3, TEMASEK BOULEVARD, #02-420/421/422/423, SUNTEC CITY MALL, SG(038983)","blk_no":"3","road_name":"TEMASEK BOULEVARD","building":"SUNTEC CITY MALL","building_name":"Watson's Personal Care Stores Pte Ltd (Suntec City)","building_type":"PHARMACY","address":"3 TEMASEK BOULEVARD SUNTEC CITY MALL SINGAPORE 038983","postal":"038983"}},{"type":"Feature","geometry":{"type":"Point","coordinates":[103.944682574769,1.35250468330971]},"properties":{"searchval":"4, TAMPINES CENTRAL 5, #B1-07/08/09, TAMPINES MALL, SG(529510)","blk_no":"4","road_name":"TAMPINES CENTRAL 5","building":"GOLDEN VILLAGE (GV TAMPINES)","building_name":"Watson's Personal Care Stores Pte Ltd (Tampines Mall)","building_type":"PHARMACY","address":"4 TAMPINES CENTRAL 5 GOLDEN VILLAGE (GV TAMPINES) SINGAPORE 529510","postal":"529510"}},{"type":"Feature","geometry":{"type":"Point","coordinates":[103.944698751072,1.35252737278519]},"properties":{"searchval":"4, TAMPINES CENTRAL 5, #B1-07/08/09, TAMPINES MALL, SG(529510)","blk_no":"4","road_name":"TAMPINES CENTRAL 5","building":"TAMPINES MALL","building_name":"Watson's Personal Care Stores Pte Ltd (Tampines Mall)","building_type":"PHARMACY","address":"4 TAMPINES CENTRAL 5 TAMPINES MALL SINGAPORE 529510","postal":"529510"}},{"type":"Feature","geometry":{"type":"Point","coordinates":[103.848832062985,1.33297850244995]},"properties":{"searchval":"190, LORONG 6 TOA PAYOH, #01-510, SG(310190)","blk_no":"190","road_name":"LORONG 6 TOA PAYOH","building":"CARE 24-HR MEDICAL CENTRE","building_name":"Watson's Personal Care Stores Pte Ltd (Toa Payoh HDB Hub)","building_type":"PHARMACY","address":"190 LORONG 6 TOA PAYOH CARE 24-HR MEDICAL CENTRE SINGAPORE 310190","postal":"310190"}},{"type":"Feature","geometry":{"type":"Point","coordinates":[103.848761042692,1.33297850289872]},"properties":{"searchval":"190, LORONG 6 TOA PAYOH, #01-510, SG(310190)","blk_no":"190","road_name":"LORONG 6 TOA PAYOH","building":"HDB TOA PAYOH BRANCH","building_name":"Watson's Personal Care Stores Pte Ltd (Toa Payoh HDB Hub)","building_type":"PHARMACY","address":"190 LORONG 6 TOA PAYOH HDB TOA PAYOH BRANCH SINGAPORE 310190","postal":"310190"}},{"type":"Feature","geometry":{"type":"Point","coordinates":[103.848704963894,1.33297913475343]},"properties":{"searchval":"190, LORONG 6 TOA PAYOH, #01-510, SG(310190)","blk_no":"190","road_name":"LORONG 6 TOA PAYOH","building":"TOA PAYOH CENTRAL","building_name":"Watson's Personal Care Stores Pte Ltd (Toa Payoh HDB Hub)","building_type":"PHARMACY","address":"190 LORONG 6 TOA PAYOH TOA PAYOH CENTRAL SINGAPORE 310190","postal":"310190"}},{"type":"Feature","geometry":{"type":"Point","coordinates":[103.843670754851,1.31742800767635]},"properties":{"searchval":"101, THOMSON ROAD, #B1-53, UNITED SQUARE, SG(307591)","blk_no":"101","road_name":"THOMSON ROAD","building":"CONSULATE OF THE REPUBLIC OF VANUATU","building_name":"Watson's Personal Care Stores Pte Ltd (United Square)","building_type":"PHARMACY","address":"101 THOMSON ROAD CONSULATE OF THE REPUBLIC OF VANUATU SINGAPORE 307591","postal":"307591"}},{"type":"Feature","geometry":{"type":"Point","coordinates":[103.843773665257,1.31717838140911]},"properties":{"searchval":"101, THOMSON ROAD, #B1-53, UNITED SQUARE, SG(307591)","blk_no":"101","road_name":"THOMSON ROAD","building":"EMBASSY OF FINLAND","building_name":"Watson's Personal Care Stores Pte Ltd (United Square)","building_type":"PHARMACY","address":"101 THOMSON ROAD EMBASSY OF FINLAND SINGAPORE 307591","postal":"307591"}},{"type":"Feature","geometry":{"type":"Point","coordinates":[103.843483874437,1.31717838261386]},"properties":{"searchval":"101, THOMSON ROAD, #B1-53, UNITED SQUARE, SG(307591)","blk_no":"101","road_name":"THOMSON ROAD","building":"EMBASSY OF ITALY","building_name":"Watson's Personal Care Stores Pte Ltd (United Square)","building_type":"PHARMACY","address":"101 THOMSON ROAD EMBASSY OF ITALY SINGAPORE 307591","postal":"307591"}},{"type":"Feature","geometry":{"type":"Point","coordinates":[103.84359772147,1.31733463164923]},"properties":{"searchval":"101, THOMSON ROAD, #B1-53, UNITED SQUARE, SG(307591)","blk_no":"101","road_name":"THOMSON ROAD","building":"EMBASSY OF THE FEDERATIVE REPUBLIC OF BRAZIL","building_name":"Watson's Personal Care Stores Pte Ltd (United Square)","building_type":"PHARMACY","address":"101 THOMSON ROAD EMBASSY OF THE FEDERATIVE REPUBLIC OF BRAZIL SINGAPORE 307591","postal":"307591"}},{"type":"Feature","geometry":{"type":"Point","coordinates":[103.843467873787,1.3174681648649]},"properties":{"searchval":"101, THOMSON ROAD, #B1-53, UNITED SQUARE, SG(307591)","blk_no":"101","road_name":"THOMSON ROAD","building":"EMBASSY OF THE REPUBLIC OF MALDIVES","building_name":"Watson's Personal Care Stores Pte Ltd (United Square)","building_type":"PHARMACY","address":"101 THOMSON ROAD EMBASSY OF THE REPUBLIC OF MALDIVES SINGAPORE 307591","postal":"307591"}},{"type":"Feature","geometry":{"type":"Point","coordinates":[103.843463184971,1.31733464260511]},"properties":{"searchval":"101, THOMSON ROAD, #B1-53, UNITED SQUARE, SG(307591)","blk_no":"101","road_name":"THOMSON ROAD","building":"GUG THE KINDERGARTEN","building_name":"Watson's Personal Care Stores Pte Ltd (United Square)","building_type":"PHARMACY","address":"101 THOMSON ROAD GUG THE KINDERGARTEN SINGAPORE 307591","postal":"307591"}},{"type":"Feature","geometry":{"type":"Point","coordinates":[103.843866811519,1.31699088160901]},"properties":{"searchval":"101, THOMSON ROAD, #B1-53, UNITED SQUARE, SG(307591)","blk_no":"101","road_name":"THOMSON ROAD","building":"ITALIAN SUPPLEMENTARY SCHOOL (EMBASSY OF ITALY)","building_name":"Watson's Personal Care Stores Pte Ltd (United Square)","building_type":"PHARMACY","address":"101 THOMSON ROAD ITALIAN SUPPLEMENTARY SCHOOL (EMBASSY OF ITALY) SINGAPORE 307591","postal":"307591"}},{"type":"Feature","geometry":{"type":"Point","coordinates":[103.843463175724,1.31733463220331]},"properties":{"searchval":"101, THOMSON ROAD, #B1-53, UNITED SQUARE, SG(307591)","blk_no":"101","road_name":"THOMSON ROAD","building":"ROYAL DANISH EMBASSY","building_name":"Watson's Personal Care Stores Pte Ltd (United Square)","building_type":"PHARMACY","address":"101 THOMSON ROAD ROYAL DANISH EMBASSY SINGAPORE 307591","postal":"307591"}},{"type":"Feature","geometry":{"type":"Point","coordinates":[103.843611443038,1.31719450988559]},"properties":{"searchval":"101, THOMSON ROAD, #B1-53, UNITED SQUARE, SG(307591)","blk_no":"101","road_name":"THOMSON ROAD","building":"UNITED SQUARE","building_name":"Watson's Personal Care Stores Pte Ltd (United Square)","building_type":"PHARMACY","address":"101 THOMSON ROAD UNITED SQUARE SINGAPORE 307591","postal":"307591"}},{"type":"Feature","geometry":{"type":"Point","coordinates":[103.82207343835,1.26431382492761]},"properties":{"searchval":"1, HARBOURFRONT WALK, #B2-15-17, VIVO CITY, SG(098585)","blk_no":"1","road_name":"HARBOURFRONT WALK","building":"GOLDEN VILLAGE (GV VIVOCITY)","building_name":"Watson's Personal Care Stores Pte Ltd (Vivo City)","building_type":"PHARMACY","address":"1 HARBOURFRONT WALK GOLDEN VILLAGE (GV VIVOCITY) SINGAPORE 098585","postal":"098585"}},{"type":"Feature","geometry":{"type":"Point","coordinates":[103.821589247996,1.26389581240004]},"properties":{"searchval":"1, HARBOURFRONT WALK, #B2-15-17, VIVO CITY, SG(098585)","blk_no":"1","road_name":"HARBOURFRONT WALK","building":"LIBRARY@HARBOURFRONT","building_name":"Watson's Personal Care Stores Pte Ltd (Vivo City)","building_type":"PHARMACY","address":"1 HARBOURFRONT WALK LIBRARY@HARBOURFRONT SINGAPORE 098585","postal":"098585"}},{"type":"Feature","geometry":{"type":"Point","coordinates":[103.822596222416,1.26427434061441]},"properties":{"searchval":"1, HARBOURFRONT WALK, #B2-15-17, VIVO CITY, SG(098585)","blk_no":"1","road_name":"HARBOURFRONT WALK","building":"MORIAH ASSEMBLY OF GOD","building_name":"Watson's Personal Care Stores Pte Ltd (Vivo City)","building_type":"PHARMACY","address":"1 HARBOURFRONT WALK MORIAH ASSEMBLY OF GOD SINGAPORE 098585","postal":"098585"}},{"type":"Feature","geometry":{"type":"Point","coordinates":[103.82230469365,1.26429316783973]},"properties":{"searchval":"1, HARBOURFRONT WALK, #B2-15-17, VIVO CITY, SG(098585)","blk_no":"1","road_name":"HARBOURFRONT WALK","building":"VIVOCITY","building_name":"Watson's Personal Care Stores Pte Ltd (Vivo City)","building_type":"PHARMACY","address":"1 HARBOURFRONT WALK VIVOCITY SINGAPORE 098585","postal":"098585"}},{"type":"Feature","geometry":{"type":"Point","coordinates":[103.832032328465,1.30397974144505]},"properties":{"searchval":"2, ORCHARD TURN, #B4-12, ION ORCHARD, SG(238801)","blk_no":"2","road_name":"ORCHARD TURN","building":"ION ORCHARD","building_name":"Watson's Personal Care Stores Pte Ltd Ion Orchard","building_type":"PHARMACY","address":"2 ORCHARD TURN ION ORCHARD SINGAPORE 238801","postal":"238801"}},{"type":"Feature","geometry":{"type":"Point","coordinates":[103.832251902468,1.30409785787899]},"properties":{"searchval":"2, ORCHARD TURN, #B4-12, ION ORCHARD, SG(238801)","blk_no":"2","road_name":"ORCHARD TURN","building":"ORCHARD ROAD","building_name":"Watson's Personal Care Stores Pte Ltd Ion Orchard","building_type":"PHARMACY","address":"2 ORCHARD TURN ORCHARD ROAD SINGAPORE 238801","postal":"238801"}},{"type":"Feature","geometry":{"type":"Point","coordinates":[103.831395129573,1.30403577910118]},"properties":{"searchval":"2, ORCHARD TURN, #B4-12, ION ORCHARD, SG(238801)","blk_no":"2","road_name":"ORCHARD TURN","building":"ORCHARD ROAD POST OFFICE","building_name":"Watson's Personal Care Stores Pte Ltd Ion Orchard","building_type":"PHARMACY","address":"2 ORCHARD TURN ORCHARD ROAD POST OFFICE SINGAPORE 238801","postal":"238801"}},{"type":"Feature","geometry":{"type":"Point","coordinates":[103.794743820819,1.42468138298223]},"properties":{"searchval":"17, WOODLANDS DRIVE 17, #B1-00, SG(737628)","blk_no":"17","road_name":"WOODLANDS DRIVE 17","building":"WOODLANDS HEALTH CAMPUS","building_name":"Woodlands Health Medical Centre Pharmacy","building_type":"PHARMACY","address":"17 WOODLANDS DRIVE 17 WOODLANDS HEALTH CAMPUS SINGAPORE 737628","postal":"737628"}},{"type":"Feature","geometry":{"type":"Point","coordinates":[103.846539300434,1.2888437073917]},"properties":{"searchval":"10, EU TONG SEN STREET, #B1-05, CLARKE QUAY MRT STATION, SG(059815)","blk_no":"10","road_name":"EU TONG SEN STREET","building":"SINGAPORE RIVER: HISTORY AND CULTURAL TOURS","building_name":"Woods Pharmacy Pte ltd","building_type":"PHARMACY","address":"10 EU TONG SEN STREET SINGAPORE RIVER: HISTORY AND CULTURAL TOURS SINGAPORE 059815","postal":"059815"}},{"type":"Feature","geometry":{"type":"Point","coordinates":[103.841150144584,1.30125729409965]},"properties":{"searchval":"150, ORCHARD ROAD, #04-06, ORCHARD PLAZA, SG(238841)","blk_no":"150","road_name":"ORCHARD ROAD","building":"ORCHARD PLAZA","building_name":"A.M. Pharmacy Pte Ltd","building_type":"PHARMACY","address":"150 ORCHARD ROAD ORCHARD PLAZA SINGAPORE 238841","postal":"238841"}},{"type":"Feature","geometry":{"type":"Point","coordinates":[103.98363570815,1.3381452163383]},"properties":{"searchval":"10, AIRPORT BOULEVARD, #02-55/56, CHANGI AIRPORT TERMINAL 4, SG(819665)","blk_no":"10","road_name":"AIRPORT BOULEVARD","building":"CHANGI AIRPORT TERMINAL 4","building_name":"AIRPORT PHARMACY T4 South","building_type":"PHARMACY","address":"10 AIRPORT BOULEVARD CHANGI AIRPORT TERMINAL 4 SINGAPORE 819665","postal":"819665"}},{"type":"Feature","geometry":{"type":"Point","coordinates":[103.964632225014,1.36707357525622]},"properties":{"searchval":"258, PASIR RIS STREET 21, #01-14, LOYANG POINT, SG(510258)","blk_no":"258","road_name":"PASIR RIS STREET 21","building":"LOYANG POINT","building_name":"Alchemy Pharmacy","building_type":"PHARMACY","address":"258 PASIR RIS STREET 21 LOYANG POINT SINGAPORE 510258","postal":"510258"}},{"type":"Feature","geometry":{"type":"Point","coordinates":[103.800180925466,1.28548113039313]},"properties":{"searchval":"378, ALEXANDRA ROAD, #01-00, ALEXANDRA HOSPITAL, SG(159964)","blk_no":"378","road_name":"ALEXANDRA ROAD","building":"ALEXANDRA HOSPITAL","building_name":"Alexandra Hospital Retail Pharmacy","building_type":"PHARMACY","address":"378 ALEXANDRA ROAD ALEXANDRA HOSPITAL SINGAPORE 159964","postal":"159964"}},{"type":"Feature","geometry":{"type":"Point","coordinates":[103.799444845234,1.28812221600156]},"properties":{"searchval":"378, ALEXANDRA ROAD, #01-00, ALEXANDRA HOSPITAL, SG(159964)","blk_no":"378","road_name":"ALEXANDRA ROAD","building":"THE LITTLE SKOOL-HOUSE INTERNATIONAL PTE LTD","building_name":"Alexandra Hospital Retail Pharmacy","building_type":"PHARMACY","address":"378 ALEXANDRA ROAD THE LITTLE SKOOL-HOUSE INTERNATIONAL PTE LTD SINGAPORE 159964","postal":"159964"}},{"type":"Feature","geometry":{"type":"Point","coordinates":[103.853346252887,1.31359478963956]},"properties":{"searchval":"96, OWEN ROAD, #01-01, SG(218908)","blk_no":"96","road_name":"OWEN ROAD","building":"NIL","building_name":"Amber Compounding Pharmacy","building_type":"PHARMACY","address":"96 OWEN ROAD SINGAPORE 218908","postal":"218908"}},{"type":"Feature","geometry":{"type":"Point","coordinates":[103.949633084403,1.34053138453855]},"properties":{"searchval":"2, SIMEI STREET 3, CHANGI GENERAL HOSPITAL, SG(529889)","blk_no":"2","road_name":"SIMEI STREET 3","building":"SINGAPORE CHUNG HWA MEDICAL INSTITUTION","building_name":"CGH Pharmacy B","building_type":"PHARMACY","address":"2 SIMEI STREET 3 SINGAPORE CHUNG HWA MEDICAL INSTITUTION SINGAPORE 529889","postal":"529889"}},{"type":"Feature","geometry":{"type":"Point","coordinates":[103.838346361748,1.27960538581892]},"properties":{"searchval":"3, SECOND HOSPITAL AVENUE, #03-01, HEALTH PROMOTION BOARD, SG(168937)","blk_no":"3","road_name":"SECOND HOSPITAL AVENUE","building":"HEALTH PROMOTION BOARD","building_name":"Child Guidance Clinic, Health Promotion Board","building_type":"PHARMACY","address":"3 SECOND HOSPITAL AVENUE HEALTH PROMOTION BOARD SINGAPORE 168937","postal":"168937"}},{"type":"Feature","geometry":{"type":"Point","coordinates":[103.838603797881,1.27977021446725]},"properties":{"searchval":"3, SECOND HOSPITAL AVENUE, #03-01, HEALTH PROMOTION BOARD, SG(168937)","blk_no":"3","road_name":"SECOND HOSPITAL AVENUE","building":"HEALTH PROMOTION BOARD (HPB)","building_name":"Child Guidance Clinic, Health Promotion Board","building_type":"PHARMACY","address":"3 SECOND HOSPITAL AVENUE HEALTH PROMOTION BOARD (HPB) SINGAPORE 168937","postal":"168937"}},{"type":"Feature","geometry":{"type":"Point","coordinates":[103.838315044771,1.27933146807597]},"properties":{"searchval":"3, SECOND HOSPITAL AVENUE, #03-01, HEALTH PROMOTION BOARD, SG(168937)","blk_no":"3","road_name":"SECOND HOSPITAL AVENUE","building":"HEALTH ZONE","building_name":"Child Guidance Clinic, Health Promotion Board","building_type":"PHARMACY","address":"3 SECOND HOSPITAL AVENUE HEALTH ZONE SINGAPORE 168937","postal":"168937"}},{"type":"Feature","geometry":{"type":"Point","coordinates":[103.838561110496,1.27982057048404]},"properties":{"searchval":"3, SECOND HOSPITAL AVENUE, #03-01, HEALTH PROMOTION BOARD, SG(168937)","blk_no":"3","road_name":"SECOND HOSPITAL AVENUE","building":"NATIONAL REGISTRY OF DISEASES OFFICE","building_name":"Child Guidance Clinic, Health Promotion Board","building_type":"PHARMACY","address":"3 SECOND HOSPITAL AVENUE NATIONAL REGISTRY OF DISEASES OFFICE SINGAPORE 168937","postal":"168937"}},{"type":"Feature","geometry":{"type":"Point","coordinates":[103.838387502631,1.27937281065482]},"properties":{"searchval":"3, SECOND HOSPITAL AVENUE, #03-01, HEALTH PROMOTION BOARD, SG(168937)","blk_no":"3","road_name":"SECOND HOSPITAL AVENUE","building":"SINGHEALTH POLYCLINICS (OUTRAM POLYCLINIC)","building_name":"Child Guidance Clinic, Health Promotion Board","building_type":"PHARMACY","address":"3 SECOND HOSPITAL AVENUE SINGHEALTH POLYCLINICS (OUTRAM POLYCLINIC) SINGAPORE 168937","postal":"168937"}},{"type":"Feature","geometry":{"type":"Point","coordinates":[103.885209972539,1.38159451793256]},"properties":{"searchval":"10, BUANGKOK VIEW, #01-BLK 1, INSTITUTE OF MENTAL HEALTH, SG(539747)","blk_no":"10","road_name":"BUANGKOK VIEW","building":"BUANGKOK GREEN MEDICAL PARK","building_name":"Clinic B Pharmacy","building_type":"PHARMACY","address":"10 BUANGKOK VIEW BUANGKOK GREEN MEDICAL PARK SINGAPORE 539747","postal":"539747"}},{"type":"Feature","geometry":{"type":"Point","coordinates":[103.88568945779,1.38108234663561]},"properties":{"searchval":"10, BUANGKOK VIEW, #01-BLK 1, INSTITUTE OF MENTAL HEALTH, SG(539747)","blk_no":"10","road_name":"BUANGKOK VIEW","building":"BUANGKOK GREEN MEDICAL PARK (ADMIN BLDG)","building_name":"Clinic B Pharmacy","building_type":"PHARMACY","address":"10 BUANGKOK VIEW BUANGKOK GREEN MEDICAL PARK (ADMIN BLDG) SINGAPORE 539747","postal":"539747"}},{"type":"Feature","geometry":{"type":"Point","coordinates":[103.884323802695,1.38168746675049]},"properties":{"searchval":"10, BUANGKOK VIEW, #01-BLK 1, INSTITUTE OF MENTAL HEALTH, SG(539747)","blk_no":"10","road_name":"BUANGKOK VIEW","building":"BUANGKOK GREEN MEDICAL PARK (BLOCK 1)","building_name":"Clinic B Pharmacy","building_type":"PHARMACY","address":"10 BUANGKOK VIEW BUANGKOK GREEN MEDICAL PARK (BLOCK 1) SINGAPORE 539747","postal":"539747"}},{"type":"Feature","geometry":{"type":"Point","coordinates":[103.883470654296,1.3817340839087]},"properties":{"searchval":"10, BUANGKOK VIEW, #01-BLK 1, INSTITUTE OF MENTAL HEALTH, SG(539747)","blk_no":"10","road_name":"BUANGKOK VIEW","building":"BUANGKOK GREEN MEDICAL PARK (BLOCK 2)","building_name":"Clinic B Pharmacy","building_type":"PHARMACY","address":"10 BUANGKOK VIEW BUANGKOK GREEN MEDICAL PARK (BLOCK 2) SINGAPORE 539747","postal":"539747"}},{"type":"Feature","geometry":{"type":"Point","coordinates":[103.88410871261,1.38236042570774]},"properties":{"searchval":"10, BUANGKOK VIEW, #01-BLK 1, INSTITUTE OF MENTAL HEALTH, SG(539747)","blk_no":"10","road_name":"BUANGKOK VIEW","building":"BUANGKOK GREEN MEDICAL PARK (BLOCK 3)","building_name":"Clinic B Pharmacy","building_type":"PHARMACY","address":"10 BUANGKOK VIEW BUANGKOK GREEN MEDICAL PARK (BLOCK 3) SINGAPORE 539747","postal":"539747"}},{"type":"Feature","geometry":{"type":"Point","coordinates":[103.884123538418,1.38342963789469]},"properties":{"searchval":"10, BUANGKOK VIEW, #01-BLK 1, INSTITUTE OF MENTAL HEALTH, SG(539747)","blk_no":"10","road_name":"BUANGKOK VIEW","building":"BUANGKOK GREEN MEDICAL PARK (BLOCK 5)","building_name":"Clinic B Pharmacy","building_type":"PHARMACY","address":"10 BUANGKOK VIEW BUANGKOK GREEN MEDICAL PARK (BLOCK 5) SINGAPORE 539747","postal":"539747"}},{"type":"Feature","geometry":{"type":"Point","coordinates":[103.884614268895,1.38398813421503]},"properties":{"searchval":"10, BUANGKOK VIEW, #01-BLK 1, INSTITUTE OF MENTAL HEALTH, SG(539747)","blk_no":"10","road_name":"BUANGKOK VIEW","building":"BUANGKOK GREEN MEDICAL PARK (BLOCK 6)","building_name":"Clinic B Pharmacy","building_type":"PHARMACY","address":"10 BUANGKOK VIEW BUANGKOK GREEN MEDICAL PARK (BLOCK 6) SINGAPORE 539747","postal":"539747"}},{"type":"Feature","geometry":{"type":"Point","coordinates":[103.886304487358,1.38281314718304]},"properties":{"searchval":"10, BUANGKOK VIEW, #01-BLK 1, INSTITUTE OF MENTAL HEALTH, SG(539747)","blk_no":"10","road_name":"BUANGKOK VIEW","building":"BUANGKOK GREEN MEDICAL PARK (BLOCK 7)","building_name":"Clinic B Pharmacy","building_type":"PHARMACY","address":"10 BUANGKOK VIEW BUANGKOK GREEN MEDICAL PARK (BLOCK 7) SINGAPORE 539747","postal":"539747"}},{"type":"Feature","geometry":{"type":"Point","coordinates":[103.88334879509,1.38158955644741]},"properties":{"searchval":"10, BUANGKOK VIEW, #01-BLK 1, INSTITUTE OF MENTAL HEALTH, SG(539747)","blk_no":"10","road_name":"BUANGKOK VIEW","building":"CENTRE FOR MENTAL HEALTH EDUCATION","building_name":"Clinic B Pharmacy","building_type":"PHARMACY","address":"10 BUANGKOK VIEW CENTRE FOR MENTAL HEALTH EDUCATION SINGAPORE 539747","postal":"539747"}},{"type":"Feature","geometry":{"type":"Point","coordinates":[103.884815635642,1.38211579491623]},"properties":{"searchval":"10, BUANGKOK VIEW, #01-BLK 1, INSTITUTE OF MENTAL HEALTH, SG(539747)","blk_no":"10","road_name":"BUANGKOK VIEW","building":"INSTITUTE OF MENTAL HEALTH","building_name":"Clinic B Pharmacy","building_type":"PHARMACY","address":"10 BUANGKOK VIEW INSTITUTE OF MENTAL HEALTH SINGAPORE 539747","postal":"539747"}},{"type":"Feature","geometry":{"type":"Point","coordinates":[103.800957796297,1.29847547391978]},"properties":{"searchval":"580, STIRLING ROAD, #04-00, QUEENSTOWN POLYCLINIC, SG(148958)","blk_no":"580","road_name":"STIRLING ROAD","building":"NATIONAL UNIVERSITY POLYCLINICS (QUEENSTOWN POLYCLINIC)","building_name":"Community Wellness Clinic Queenstown Pharmacy","building_type":"PHARMACY","address":"580 STIRLING ROAD NATIONAL UNIVERSITY POLYCLINICS (QUEENSTOWN POLYCLINIC) SINGAPORE 148958","postal":"148958"}},{"type":"Feature","geometry":{"type":"Point","coordinates":[103.801017702348,1.2984730688522]},"properties":{"searchval":"580, STIRLING ROAD, #04-00, QUEENSTOWN POLYCLINIC, SG(148958)","blk_no":"580","road_name":"STIRLING ROAD","building":"QUEENSTOWN POLYCLINIC","building_name":"Community Wellness Clinic Queenstown Pharmacy","building_type":"PHARMACY","address":"580 STIRLING ROAD QUEENSTOWN POLYCLINIC SINGAPORE 148958","postal":"148958"}},{"type":"Feature","geometry":{"type":"Point","coordinates":[103.843851997218,1.28549527021288]},"properties":{"searchval":"101, UPPER CROSS STREET, #01-23, PEOPLE'S PARK CENTRE, SG(058357)","blk_no":"101","road_name":"UPPER CROSS STREET","building":"CHINATOWN POST OFFICE","building_name":"Essentials Pharmacy","building_type":"PHARMACY","address":"101 UPPER CROSS STREET CHINATOWN POST OFFICE SINGAPORE 058357","postal":"058357"}},{"type":"Feature","geometry":{"type":"Point","coordinates":[103.843980122838,1.28577009981805]},"properties":{"searchval":"101, UPPER CROSS STREET, #01-23, PEOPLE'S PARK CENTRE, SG(058357)","blk_no":"101","road_name":"UPPER CROSS STREET","building":"PEOPLE'S PARK CENTRE","building_name":"Essentials Pharmacy","building_type":"PHARMACY","address":"101 UPPER CROSS STREET PEOPLE'S PARK CENTRE SINGAPORE 058357","postal":"058357"}},{"type":"Feature","geometry":{"type":"Point","coordinates":[103.853929522508,1.31247326486217]},"properties":{"searchval":"1, FARRER PARK STATION ROAD, #01-03, CONNEXION, SG(217562)","blk_no":"1","road_name":"FARRER PARK STATION ROAD","building":"CONNEXION","building_name":"Farrer Park Pharmacy","building_type":"PHARMACY","address":"1 FARRER PARK STATION ROAD CONNEXION SINGAPORE 217562","postal":"217562"}},{"type":"Feature","geometry":{"type":"Point","coordinates":[103.853842188373,1.31275668101216]},"properties":{"searchval":"1, FARRER PARK STATION ROAD, #01-03, CONNEXION, SG(217562)","blk_no":"1","road_name":"FARRER PARK STATION ROAD","building":"FARRER PARK HOSPITAL","building_name":"Farrer Park Pharmacy","building_type":"PHARMACY","address":"1 FARRER PARK STATION ROAD FARRER PARK HOSPITAL SINGAPORE 217562","postal":"217562"}},{"type":"Feature","geometry":{"type":"Point","coordinates":[103.853919389699,1.31268266517513]},"properties":{"searchval":"1, FARRER PARK STATION ROAD, #01-03, CONNEXION, SG(217562)","blk_no":"1","road_name":"FARRER PARK STATION ROAD","building":"ONE FARRER HOTEL","building_name":"Farrer Park Pharmacy","building_type":"PHARMACY","address":"1 FARRER PARK STATION ROAD ONE FARRER HOTEL SINGAPORE 217562","postal":"217562"}},{"type":"Feature","geometry":{"type":"Point","coordinates":[103.819420889381,1.30736473510568]},"properties":{"searchval":"6A, NAPIER ROAD, #02-00, GLENEAGLES HOSPITAL, SG(258500)","blk_no":"6A","road_name":"NAPIER ROAD","building":"24-HOUR WALK-IN CLINIC (GLENEAGLES HOSPITAL)","building_name":"GLENEAGLES HOSPITAL","building_type":"PHARMACY","address":"6A NAPIER ROAD 24-HOUR WALK-IN CLINIC (GLENEAGLES HOSPITAL) SINGAPORE 258500","postal":"258500"}},{"type":"Feature","geometry":{"type":"Point","coordinates":[103.819605016421,1.30742793176078]},"properties":{"searchval":"6A, NAPIER ROAD, #02-00, GLENEAGLES HOSPITAL, SG(258500)","blk_no":"6A","road_name":"NAPIER ROAD","building":"GLENEAGLES HOSPITAL","building_name":"GLENEAGLES HOSPITAL","building_type":"PHARMACY","address":"6A NAPIER ROAD GLENEAGLES HOSPITAL SINGAPORE 258500","postal":"258500"}},{"type":"Feature","geometry":{"type":"Point","coordinates":[103.751535988573,1.34971147504309]},"properties":{"searchval":"634, BUKIT BATOK CENTRAL, #01-110, SG(650634)","blk_no":"634","road_name":"BUKIT BATOK CENTRAL","building":"NIL","building_name":"GRACE HEALTHCARE","building_type":"PHARMACY","address":"634 BUKIT BATOK CENTRAL SINGAPORE 650634","postal":"650634"}},{"type":"Feature","geometry":{"type":"Point","coordinates":[103.902130352627,1.40640964880099]},"properties":{"searchval":"83, PUNGGOL CENTRAL, #B1-04, WATERWAY POINT, SG(828761)","blk_no":"83","road_name":"PUNGGOL CENTRAL","building":"MY FIRST SKOOL","building_name":"Guardian Pharmacy ( Waterway Point)","building_type":"PHARMACY","address":"83 PUNGGOL CENTRAL MY FIRST SKOOL SINGAPORE 828761","postal":"828761"}},{"type":"Feature","geometry":{"type":"Point","coordinates":[103.90198817171,1.40653611690554]},"properties":{"searchval":"83, PUNGGOL CENTRAL, #B1-04, WATERWAY POINT, SG(828761)","blk_no":"83","road_name":"PUNGGOL CENTRAL","building":"SHAW THEATRES WATERWAY POINT","building_name":"Guardian Pharmacy ( Waterway Point)","building_type":"PHARMACY","address":"83 PUNGGOL CENTRAL SHAW THEATRES WATERWAY POINT SINGAPORE 828761","postal":"828761"}},{"type":"Feature","geometry":{"type":"Point","coordinates":[103.902105680785,1.40648462132006]},"properties":{"searchval":"83, PUNGGOL CENTRAL, #B1-04, WATERWAY POINT, SG(828761)","blk_no":"83","road_name":"PUNGGOL CENTRAL","building":"WATERWAY POINT","building_name":"Guardian Pharmacy ( Waterway Point)","building_type":"PHARMACY","address":"83 PUNGGOL CENTRAL WATERWAY POINT SINGAPORE 828761","postal":"828761"}},{"type":"Feature","geometry":{"type":"Point","coordinates":[103.801537354932,1.44036367556377]},"properties":{"searchval":"678A, WOODLANDS AVENUE 6, #01-13, ADMIRALTY PLACE, SG(731678)","blk_no":"678A","road_name":"WOODLANDS AVENUE 6","building":"ADMIRALTY WET MARKET & FOOD CENTRE","building_name":"Guardian Pharmacy (Admiralty Place)","building_type":"PHARMACY","address":"678A WOODLANDS AVENUE 6 ADMIRALTY WET MARKET & FOOD CENTRE SINGAPORE 731678","postal":"731678"}},{"type":"Feature","geometry":{"type":"Point","coordinates":[103.801759723219,1.44054545356313]},"properties":{"searchval":"678A, WOODLANDS AVENUE 6, #01-13, ADMIRALTY PLACE, SG(731678)","blk_no":"678A","road_name":"WOODLANDS AVENUE 6","building":"MULTI STOREY CAR PARK","building_name":"Guardian Pharmacy (Admiralty Place)","building_type":"PHARMACY","address":"678A WOODLANDS AVENUE 6 MULTI STOREY CAR PARK SINGAPORE 731678","postal":"731678"}},{"type":"Feature","geometry":{"type":"Point","coordinates":[103.848693181185,1.36923561405404]},"properties":{"searchval":"53, ANG MO KIO AVENUE 3, #B2-01/02, AMK HUB, SG(569933)","blk_no":"53","road_name":"ANG MO KIO AVENUE 3","building":"ABUNDANT LIFE FAMILY CHURCH","building_name":"Guardian Pharmacy (Ang Mo Kio Hub)","building_type":"PHARMACY","address":"53 ANG MO KIO AVENUE 3 ABUNDANT LIFE FAMILY CHURCH SINGAPORE 569933","postal":"569933"}},{"type":"Feature","geometry":{"type":"Point","coordinates":[103.84847796594,1.36938922690344]},"properties":{"searchval":"53, ANG MO KIO AVENUE 3, #B2-01/02, AMK HUB, SG(569933)","blk_no":"53","road_name":"ANG MO KIO AVENUE 3","building":"AMK HUB","building_name":"Guardian Pharmacy (Ang Mo Kio Hub)","building_type":"PHARMACY","address":"53 ANG MO KIO AVENUE 3 AMK HUB SINGAPORE 569933","postal":"569933"}},{"type":"Feature","geometry":{"type":"Point","coordinates":[103.848399225762,1.36924891743034]},"properties":{"searchval":"53, ANG MO KIO AVENUE 3, #B2-01/02, AMK HUB, SG(569933)","blk_no":"53","road_name":"ANG MO KIO AVENUE 3","building":"THE LITTLE SKOOL-HOUSE INTERNATIONAL PTE LTD","building_name":"Guardian Pharmacy (Ang Mo Kio Hub)","building_type":"PHARMACY","address":"53 ANG MO KIO AVENUE 3 THE LITTLE SKOOL-HOUSE INTERNATIONAL PTE LTD SINGAPORE 569933","postal":"569933"}},{"type":"Feature","geometry":{"type":"Point","coordinates":[103.931870597704,1.32459747425086]},"properties":{"searchval":"210, NEW UPPER CHANGI ROAD, #01-715, SG(460210)","blk_no":"210","road_name":"NEW UPPER CHANGI ROAD","building":"BEDOK TOWN CENTRE","building_name":"Guardian Pharmacy (Bedok Central)","building_type":"PHARMACY","address":"210 NEW UPPER CHANGI ROAD BEDOK TOWN CENTRE SINGAPORE 460210","postal":"460210"}},{"type":"Feature","geometry":{"type":"Point","coordinates":[103.929256259726,1.32473632812103]},"properties":{"searchval":"311, NEW UPPER CHANGI ROAD, #B2-45-47, BEDOK MALL, SG(467360)","blk_no":"311","road_name":"NEW UPPER CHANGI ROAD","building":"BEDOK INTEGRATED TRANSPORT HUB","building_name":"Guardian Pharmacy (Bedok Mall)","building_type":"PHARMACY","address":"311 NEW UPPER CHANGI ROAD BEDOK INTEGRATED TRANSPORT HUB SINGAPORE 467360","postal":"467360"}},{"type":"Feature","geometry":{"type":"Point","coordinates":[103.929256259998,1.32473632784728]},"properties":{"searchval":"311, NEW UPPER CHANGI ROAD, #B2-45-47, BEDOK MALL, SG(467360)","blk_no":"311","road_name":"NEW UPPER CHANGI ROAD","building":"BEDOK MALL","building_name":"Guardian Pharmacy (Bedok Mall)","building_type":"PHARMACY","address":"311 NEW UPPER CHANGI ROAD BEDOK MALL SINGAPORE 467360","postal":"467360"}},{"type":"Feature","geometry":{"type":"Point","coordinates":[103.848826189269,1.35042215656701]},"properties":{"searchval":"9, BISHAN PLACE, #B1-08, JUNCTION 8 SHOPPING CENTRE, SG(579837)","blk_no":"9","road_name":"BISHAN PLACE","building":"GOLDEN VILLAGE (GV BISHAN)","building_name":"Guardian Pharmacy (Bishan Place)","building_type":"PHARMACY","address":"9 BISHAN PLACE GOLDEN VILLAGE (GV BISHAN) SINGAPORE 579837","postal":"579837"}},{"type":"Feature","geometry":{"type":"Point","coordinates":[103.848760473211,1.3504812534505]},"properties":{"searchval":"9, BISHAN PLACE, #B1-08, JUNCTION 8 SHOPPING CENTRE, SG(579837)","blk_no":"9","road_name":"BISHAN PLACE","building":"JUNCTION 8","building_name":"Guardian Pharmacy (Bishan Place)","building_type":"PHARMACY","address":"9 BISHAN PLACE JUNCTION 8 SINGAPORE 579837","postal":"579837"}},{"type":"Feature","geometry":{"type":"Point","coordinates":[103.855411173758,1.29911287475873]},"properties":{"searchval":"200, VICTORIA STREET, #B1-20/21, BUGIS JUNCTION, SG(188021)","blk_no":"200","road_name":"VICTORIA STREET","building":"BUGIS JUNCTION","building_name":"Guardian Pharmacy (Bugis Junction 3)","building_type":"PHARMACY","address":"200 VICTORIA STREET BUGIS JUNCTION SINGAPORE 188021","postal":"188021"}},{"type":"Feature","geometry":{"type":"Point","coordinates":[103.764357180314,1.37992045176243]},"properties":{"searchval":"1, JELEBU ROAD, #01-01/02/03, BUKIT PANJANG PLAZA, SG(677743)","blk_no":"1","road_name":"JELEBU ROAD","building":"BUKIT PANJANG PLAZA","building_name":"Guardian Pharmacy (Bukit Panjang Plaza)","building_type":"PHARMACY","address":"1 JELEBU ROAD BUKIT PANJANG PLAZA SINGAPORE 677743","postal":"677743"}},{"type":"Feature","geometry":{"type":"Point","coordinates":[103.764594965051,1.37948804026655]},"properties":{"searchval":"1, JELEBU ROAD, #01-01/02/03, BUKIT PANJANG PLAZA, SG(677743)","blk_no":"1","road_name":"JELEBU ROAD","building":"BUKIT PANJANG PUBLIC LIBRARY","building_name":"Guardian Pharmacy (Bukit Panjang Plaza)","building_type":"PHARMACY","address":"1 JELEBU ROAD BUKIT PANJANG PUBLIC LIBRARY SINGAPORE 677743","postal":"677743"}},{"type":"Feature","geometry":{"type":"Point","coordinates":[103.764004651432,1.38050296962711]},"properties":{"searchval":"1, JELEBU ROAD, #01-01/02/03, BUKIT PANJANG PLAZA, SG(677743)","blk_no":"1","road_name":"JELEBU ROAD","building":"E-BRIDGE PRE-SCHOOL PTE. LTD.","building_name":"Guardian Pharmacy (Bukit Panjang Plaza)","building_type":"PHARMACY","address":"1 JELEBU ROAD E-BRIDGE PRE-SCHOOL PTE. LTD. SINGAPORE 677743","postal":"677743"}},{"type":"Feature","geometry":{"type":"Point","coordinates":[103.785981524253,1.4360700650803]},"properties":{"searchval":"1, WOODLANDS SQUARE, #B1-28-30, CAUSEWAY POINT, SG(738099)","blk_no":"1","road_name":"WOODLANDS SQUARE","building":"CAUSEWAY POINT","building_name":"Guardian Pharmacy (Causeway Point)","building_type":"PHARMACY","address":"1 WOODLANDS SQUARE CAUSEWAY POINT SINGAPORE 738099","postal":"738099"}},{"type":"Feature","geometry":{"type":"Point","coordinates":[103.990052390616,1.36217150661173]},"properties":{"searchval":"80, AIRPORT BOULEVARD, #02-69, CHANGI AIRPORT TERMINAL 1, SG(819642)","blk_no":"80","road_name":"AIRPORT BOULEVARD","building":"SINGAPORE CHANGI AIRPORT","building_name":"Guardian Pharmacy (Changi T1 Transit East)","building_type":"PHARMACY","address":"80 AIRPORT BOULEVARD SINGAPORE CHANGI AIRPORT SINGAPORE 819642","postal":"819642"}},{"type":"Feature","geometry":{"type":"Point","coordinates":[103.988939665328,1.35525176294219]},"properties":{"searchval":"60, AIRPORT BOULEVARD, #02-155, CHANGI AIRPORT TERMINAL 2, SG(819643)","blk_no":"60","road_name":"AIRPORT BOULEVARD","building":"METEOROLOGICAL SERVICE SINGAPORE","building_name":"Guardian Pharmacy (Changi T2 North)","building_type":"PHARMACY","address":"60 AIRPORT BOULEVARD METEOROLOGICAL SERVICE SINGAPORE SINGAPORE 819643","postal":"819643"}},{"type":"Feature","geometry":{"type":"Point","coordinates":[103.986211815854,1.35640628728788]},"properties":{"searchval":"65, AIRPORT BOULEVARD, #B2-24, CHANGI AIRPORT TERMINAL 3, SG(819663)","blk_no":"65","road_name":"AIRPORT BOULEVARD","building":"CHANGI AIRPORT BUS TERMINAL 3","building_name":"Guardian Pharmacy (Changi T3 Basement 2 North)","building_type":"PHARMACY","address":"65 AIRPORT BOULEVARD CHANGI AIRPORT BUS TERMINAL 3 SINGAPORE 819663","postal":"819663"}},{"type":"Feature","geometry":{"type":"Point","coordinates":[103.986562208495,1.35662609413487]},"properties":{"searchval":"65, AIRPORT BOULEVARD, #B2-24, CHANGI AIRPORT TERMINAL 3, SG(819663)","blk_no":"65","road_name":"AIRPORT BOULEVARD","building":"CHANGI AIRPORT TERMINAL 3 BUILDING","building_name":"Guardian Pharmacy (Changi T3 Basement 2 North)","building_type":"PHARMACY","address":"65 AIRPORT BOULEVARD CHANGI AIRPORT TERMINAL 3 BUILDING SINGAPORE 819663","postal":"819663"}},{"type":"Feature","geometry":{"type":"Point","coordinates":[103.986102024462,1.35622640396404]},"properties":{"searchval":"65, AIRPORT BOULEVARD, #B2-24, CHANGI AIRPORT TERMINAL 3, SG(819663)","blk_no":"65","road_name":"AIRPORT BOULEVARD","building":"RAFFLES MEDICAL 24-HR CLINIC (CHANGI AIRPORT)","building_name":"Guardian Pharmacy (Changi T3 Basement 2 North)","building_type":"PHARMACY","address":"65 AIRPORT BOULEVARD RAFFLES MEDICAL 24-HR CLINIC (CHANGI AIRPORT) SINGAPORE 819663","postal":"819663"}},{"type":"Feature","geometry":{"type":"Point","coordinates":[103.844697081142,1.28499882847401]},"properties":{"searchval":"133, NEW BRIDGE ROAD, #B1-34, CHINATOWN POINT, SG(059413)","blk_no":"133","road_name":"NEW BRIDGE ROAD","building":"CHINATOWN POINT","building_name":"Guardian Pharmacy (Chinatown Point 4)","building_type":"PHARMACY","address":"133 NEW BRIDGE ROAD CHINATOWN POINT SINGAPORE 059413","postal":"059413"}},{"type":"Feature","geometry":{"type":"Point","coordinates":[103.845037770312,1.28526967945116]},"properties":{"searchval":"133, NEW BRIDGE ROAD, #B1-34, CHINATOWN POINT, SG(059413)","blk_no":"133","road_name":"NEW BRIDGE ROAD","building":"LAWNET & CRIMSONLOGIC SERVICE BUREAU","building_name":"Guardian Pharmacy (Chinatown Point 4)","building_type":"PHARMACY","address":"133 NEW BRIDGE ROAD LAWNET & CRIMSONLOGIC SERVICE BUREAU SINGAPORE 059413","postal":"059413"}},{"type":"Feature","geometry":{"type":"Point","coordinates":[103.845015574621,1.28533894878838]},"properties":{"searchval":"133, NEW BRIDGE ROAD, #B1-34, CHINATOWN POINT, SG(059413)","blk_no":"133","road_name":"NEW BRIDGE ROAD","building":"LIBRARY@CHINATOWN","building_name":"Guardian Pharmacy (Chinatown Point 4)","building_type":"PHARMACY","address":"133 NEW BRIDGE ROAD LIBRARY@CHINATOWN SINGAPORE 059413","postal":"059413"}},{"type":"Feature","geometry":{"type":"Point","coordinates":[103.856624019991,1.31142103107683]},"properties":{"searchval":"180, KITCHENER ROAD, #B1-18/19, CITY SQUARE MALL, SG(208539)","blk_no":"180","road_name":"KITCHENER ROAD","building":"CITY SQUARE MALL","building_name":"Guardian Pharmacy (City Square Mall)","building_type":"PHARMACY","address":"180 KITCHENER ROAD CITY SQUARE MALL SINGAPORE 208539","postal":"208539"}},{"type":"Feature","geometry":{"type":"Point","coordinates":[103.856648251388,1.31127324736075]},"properties":{"searchval":"180, KITCHENER ROAD, #B1-18/19, CITY SQUARE MALL, SG(208539)","blk_no":"180","road_name":"KITCHENER ROAD","building":"CITY SQUARE POST OFFICE","building_name":"Guardian Pharmacy (City Square Mall)","building_type":"PHARMACY","address":"180 KITCHENER ROAD CITY SQUARE POST OFFICE SINGAPORE 208539","postal":"208539"}},{"type":"Feature","geometry":{"type":"Point","coordinates":[103.856421771626,1.3113051711141]},"properties":{"searchval":"180, KITCHENER ROAD, #B1-18/19, CITY SQUARE MALL, SG(208539)","blk_no":"180","road_name":"KITCHENER ROAD","building":"GOLDEN VILLAGE (GV CITY SQUARE)","building_name":"Guardian Pharmacy (City Square Mall)","building_type":"PHARMACY","address":"180 KITCHENER ROAD GOLDEN VILLAGE (GV CITY SQUARE) SINGAPORE 208539","postal":"208539"}},{"type":"Feature","geometry":{"type":"Point","coordinates":[103.856487111691,1.31139349427341]},"properties":{"searchval":"180, KITCHENER ROAD, #B1-18/19, CITY SQUARE MALL, SG(208539)","blk_no":"180","road_name":"KITCHENER ROAD","building":"LEAP SCHOOLHOUSE @ CITY SQUARE MALL PTE LTD","building_name":"Guardian Pharmacy (City Square Mall)","building_type":"PHARMACY","address":"180 KITCHENER ROAD LEAP SCHOOLHOUSE @ CITY SQUARE MALL PTE LTD SINGAPORE 208539","postal":"208539"}},{"type":"Feature","geometry":{"type":"Point","coordinates":[103.856487111691,1.31139349427341]},"properties":{"searchval":"180, KITCHENER ROAD, #B1-18/19, CITY SQUARE MALL, SG(208539)","blk_no":"180","road_name":"KITCHENER ROAD","building":"MINDCHAMPS PRESCHOOL @ CITY SQUARE PTE. LTD","building_name":"Guardian Pharmacy (City Square Mall)","building_type":"PHARMACY","address":"180 KITCHENER ROAD MINDCHAMPS PRESCHOOL @ CITY SQUARE PTE. LTD SINGAPORE 208539","postal":"208539"}},{"type":"Feature","geometry":{"type":"Point","coordinates":[103.764270467593,1.31496652285558]},"properties":{"searchval":"3155, COMMONWEALTH AVENUE WEST, #03-59/60/61, THE CLEMENTI MALL, SG(129588)","blk_no":"3155","road_name":"COMMONWEALTH AVENUE WEST","building":"CLEMENTI BUS INTERCHANGE","building_name":"Guardian Pharmacy (Clementi Mall)","building_type":"PHARMACY","address":"3155 COMMONWEALTH AVENUE WEST CLEMENTI BUS INTERCHANGE SINGAPORE 129588","postal":"129588"}},{"type":"Feature","geometry":{"type":"Point","coordinates":[103.764724680775,1.31498672954653]},"properties":{"searchval":"3155, COMMONWEALTH AVENUE WEST, #03-59/60/61, THE CLEMENTI MALL, SG(129588)","blk_no":"3155","road_name":"COMMONWEALTH AVENUE WEST","building":"CLEMENTI PUBLIC LIBRARY","building_name":"Guardian Pharmacy (Clementi Mall)","building_type":"PHARMACY","address":"3155 COMMONWEALTH AVENUE WEST CLEMENTI PUBLIC LIBRARY SINGAPORE 129588","postal":"129588"}},{"type":"Feature","geometry":{"type":"Point","coordinates":[103.764423054189,1.31489619639366]},"properties":{"searchval":"3155, COMMONWEALTH AVENUE WEST, #03-59/60/61, THE CLEMENTI MALL, SG(129588)","blk_no":"3155","road_name":"COMMONWEALTH AVENUE WEST","building":"THE CLEMENTI MALL","building_name":"Guardian Pharmacy (Clementi Mall)","building_type":"PHARMACY","address":"3155 COMMONWEALTH AVENUE WEST THE CLEMENTI MALL SINGAPORE 129588","postal":"129588"}},{"type":"Feature","geometry":{"type":"Point","coordinates":[103.89507054384,1.39205314156706]},"properties":{"searchval":"1, SENGKANG SQUARE, #B1-11, COMPASS ONE, SG(545078)","blk_no":"1","road_name":"SENGKANG SQUARE","building":"COMPASS ONE","building_name":"Guardian Pharmacy (Compass One)","building_type":"PHARMACY","address":"1 SENGKANG SQUARE COMPASS ONE SINGAPORE 545078","postal":"545078"}},{"type":"Feature","geometry":{"type":"Point","coordinates":[103.895026387256,1.39193355469474]},"properties":{"searchval":"1, SENGKANG SQUARE, #B1-11, COMPASS ONE, SG(545078)","blk_no":"1","road_name":"SENGKANG SQUARE","building":"SENGKANG PUBLIC LIBRARY","building_name":"Guardian Pharmacy (Compass One)","building_type":"PHARMACY","address":"1 SENGKANG SQUARE SENGKANG PUBLIC LIBRARY SINGAPORE 545078","postal":"545078"}},{"type":"Feature","geometry":{"type":"Point","coordinates":[103.986211815854,1.35640628728788]},"properties":{"searchval":"65, AIRPORT BOULEVARD, #02-29, CHANGI AIRPORT TERMINAL 3, SG(819663)","blk_no":"65","road_name":"AIRPORT BOULEVARD","building":"CHANGI AIRPORT BUS TERMINAL 3","building_name":"Guardian Pharmacy (Departure 3-South)","building_type":"PHARMACY","address":"65 AIRPORT BOULEVARD CHANGI AIRPORT BUS TERMINAL 3 SINGAPORE 819663","postal":"819663"}},{"type":"Feature","geometry":{"type":"Point","coordinates":[103.986562208495,1.35662609413487]},"properties":{"searchval":"65, AIRPORT BOULEVARD, #02-29, CHANGI AIRPORT TERMINAL 3, SG(819663)","blk_no":"65","road_name":"AIRPORT BOULEVARD","building":"CHANGI AIRPORT TERMINAL 3 BUILDING","building_name":"Guardian Pharmacy (Departure 3-South)","building_type":"PHARMACY","address":"65 AIRPORT BOULEVARD CHANGI AIRPORT TERMINAL 3 BUILDING SINGAPORE 819663","postal":"819663"}},{"type":"Feature","geometry":{"type":"Point","coordinates":[103.986102024462,1.35622640396404]},"properties":{"searchval":"65, AIRPORT BOULEVARD, #02-29, CHANGI AIRPORT TERMINAL 3, SG(819663)","blk_no":"65","road_name":"AIRPORT BOULEVARD","building":"RAFFLES MEDICAL 24-HR CLINIC (CHANGI AIRPORT)","building_name":"Guardian Pharmacy (Departure 3-South)","building_type":"PHARMACY","address":"65 AIRPORT BOULEVARD RAFFLES MEDICAL 24-HR CLINIC (CHANGI AIRPORT) SINGAPORE 819663","postal":"819663"}},{"type":"Feature","geometry":{"type":"Point","coordinates":[103.990052390616,1.36217150661173]},"properties":{"searchval":"80, AIRPORT BOULEVARD, #02-16, CHANGI AIRPORT TERMINAL 1, SG(819642)","blk_no":"80","road_name":"AIRPORT BOULEVARD","building":"SINGAPORE CHANGI AIRPORT","building_name":"Guardian Pharmacy (Departure Transit West T1)","building_type":"PHARMACY","address":"80 AIRPORT BOULEVARD SINGAPORE CHANGI AIRPORT SINGAPORE 819642","postal":"819642"}},{"type":"Feature","geometry":{"type":"Point","coordinates":[103.849989790085,1.29134759697794]},"properties":{"searchval":"107, NORTH BRIDGE ROAD, #B2-16, FUNAN, SG(179105)","blk_no":"107","road_name":"NORTH BRIDGE ROAD","building":"FUNAN","building_name":"Guardian Pharmacy (Funan Mall)","building_type":"PHARMACY","address":"107 NORTH BRIDGE ROAD FUNAN SINGAPORE 179105","postal":"179105"}},{"type":"Feature","geometry":{"type":"Point","coordinates":[103.850282483296,1.29137258384263]},"properties":{"searchval":"107, NORTH BRIDGE ROAD, #B2-16, FUNAN, SG(179105)","blk_no":"107","road_name":"NORTH BRIDGE ROAD","building":"FUNAN O1","building_name":"Guardian Pharmacy (Funan Mall)","building_type":"PHARMACY","address":"107 NORTH BRIDGE ROAD FUNAN O1 SINGAPORE 179105","postal":"179105"}},{"type":"Feature","geometry":{"type":"Point","coordinates":[103.849984790048,1.29124400604241]},"properties":{"searchval":"107, NORTH BRIDGE ROAD, #B2-16, FUNAN, SG(179105)","blk_no":"107","road_name":"NORTH BRIDGE ROAD","building":"GOLDEN VILLAGE (GV FUNAN)","building_name":"Guardian Pharmacy (Funan Mall)","building_type":"PHARMACY","address":"107 NORTH BRIDGE ROAD GOLDEN VILLAGE (GV FUNAN) SINGAPORE 179105","postal":"179105"}},{"type":"Feature","geometry":{"type":"Point","coordinates":[103.820124457043,1.30706156461195]},"properties":{"searchval":"6, NAPIER ROAD, #02-06-08, GLENEAGLES MEDICAL CENTRE, SG(258499)","blk_no":"6","road_name":"NAPIER ROAD","building":"GLENEAGLES MEDICAL CENTRE","building_name":"Guardian Pharmacy (Gleneagles)","building_type":"PHARMACY","address":"6 NAPIER ROAD GLENEAGLES MEDICAL CENTRE SINGAPORE 258499","postal":"258499"}},{"type":"Feature","geometry":{"type":"Point","coordinates":[103.831757911057,1.29380235105066]},"properties":{"searchval":"1, KIM SENG PROMENADE, #B1-122/123/124/125, GREAT WORLD CITY, SG(237994)","blk_no":"1","road_name":"KIM SENG PROMENADE","building":"BRIGHTON MONTESSORI CENTRES PTE. LTD.","building_name":"Guardian Pharmacy (Great World City)","building_type":"PHARMACY","address":"1 KIM SENG PROMENADE BRIGHTON MONTESSORI CENTRES PTE. LTD. SINGAPORE 237994","postal":"237994"}},{"type":"Feature","geometry":{"type":"Point","coordinates":[103.831852569632,1.29341062822852]},"properties":{"searchval":"1, KIM SENG PROMENADE, #B1-122/123/124/125, GREAT WORLD CITY, SG(237994)","blk_no":"1","road_name":"KIM SENG PROMENADE","building":"EMBASSY OF THE REPUBLIC OF KAZAKHSTAN","building_name":"Guardian Pharmacy (Great World City)","building_type":"PHARMACY","address":"1 KIM SENG PROMENADE EMBASSY OF THE REPUBLIC OF KAZAKHSTAN SINGAPORE 237994","postal":"237994"}},{"type":"Feature","geometry":{"type":"Point","coordinates":[103.832095275633,1.29317220444774]},"properties":{"searchval":"1, KIM SENG PROMENADE, #B1-122/123/124/125, GREAT WORLD CITY, SG(237994)","blk_no":"1","road_name":"KIM SENG PROMENADE","building":"GOLDEN VILLAGE (GV GRAND)","building_name":"Guardian Pharmacy (Great World City)","building_type":"PHARMACY","address":"1 KIM SENG PROMENADE GOLDEN VILLAGE (GV GRAND) SINGAPORE 237994","postal":"237994"}},{"type":"Feature","geometry":{"type":"Point","coordinates":[103.832022146655,1.29342272650003]},"properties":{"searchval":"1, KIM SENG PROMENADE, #B1-122/123/124/125, GREAT WORLD CITY, SG(237994)","blk_no":"1","road_name":"KIM SENG PROMENADE","building":"GREAT WORLD CITY","building_name":"Guardian Pharmacy (Great World City)","building_type":"PHARMACY","address":"1 KIM SENG PROMENADE GREAT WORLD CITY SINGAPORE 237994","postal":"237994"}},{"type":"Feature","geometry":{"type":"Point","coordinates":[103.885167372726,1.35954177325561]},"properties":{"searchval":"205, HOUGANG STREET 21, #01-129, HEARTLAND MALL- KOVAN, SG(530205)","blk_no":"205","road_name":"HOUGANG STREET 21","building":"HEARTLAND MALL-KOVAN","building_name":"Guardian Pharmacy (H205)","building_type":"PHARMACY","address":"205 HOUGANG STREET 21 HEARTLAND MALL-KOVAN SINGAPORE 530205","postal":"530205"}},{"type":"Feature","geometry":{"type":"Point","coordinates":[103.885079918915,1.3594966483839]},"properties":{"searchval":"205, HOUGANG STREET 21, #01-129, HEARTLAND MALL- KOVAN, SG(530205)","blk_no":"205","road_name":"HOUGANG STREET 21","building":"JUNIOR CHAMPS @ KOVAN PTE. LTD.","building_name":"Guardian Pharmacy (H205)","building_type":"PHARMACY","address":"205 HOUGANG STREET 21 JUNIOR CHAMPS @ KOVAN PTE. LTD. SINGAPORE 530205","postal":"530205"}},{"type":"Feature","geometry":{"type":"Point","coordinates":[103.820240071395,1.26336541525215]},"properties":{"searchval":"1, MARITIME SQUARE, #02-111/112, HARBOURFRONT CENTRE, SG(099253)","blk_no":"1","road_name":"MARITIME SQUARE","building":"SINGAPORE CRUISE CENTRE","building_name":"Guardian Pharmacy (Harbourfront Centre)","building_type":"PHARMACY","address":"1 MARITIME SQUARE SINGAPORE CRUISE CENTRE SINGAPORE 099253","postal":"099253"}},{"type":"Feature","geometry":{"type":"Point","coordinates":[103.795371163103,1.31027747574118]},"properties":{"searchval":"211, HOLLAND AVENUE, #01-10/11, HOLLAND ROAD SHOPPING CENTRE, SG(278967)","blk_no":"211","road_name":"HOLLAND AVENUE","building":"HOLLAND ROAD SHOPPING CENTRE","building_name":"Guardian Pharmacy (Holland Shopping Centre)","building_type":"PHARMACY","address":"211 HOLLAND AVENUE HOLLAND ROAD SHOPPING CENTRE SINGAPORE 278967","postal":"278967"}},{"type":"Feature","geometry":{"type":"Point","coordinates":[103.795350441035,1.31025542158588]},"properties":{"searchval":"211, HOLLAND AVENUE, #01-10/11, HOLLAND ROAD SHOPPING CENTRE, SG(278967)","blk_no":"211","road_name":"HOLLAND AVENUE","building":"MINDCHAMPS PRESCHOOL @ HOLLAND V PTE. LTD.","building_name":"Guardian Pharmacy (Holland Shopping Centre)","building_type":"PHARMACY","address":"211 HOLLAND AVENUE MINDCHAMPS PRESCHOOL @ HOLLAND V PTE. LTD. SINGAPORE 278967","postal":"278967"}},{"type":"Feature","geometry":{"type":"Point","coordinates":[103.893883460466,1.37253315637342]},"properties":{"searchval":"90, HOUGANG AVENUE 10, #B1-31, HOUGANG MALL, SG(538766)","blk_no":"90","road_name":"HOUGANG AVENUE 10","building":"CHENG SAN PUBLIC LIBRARY","building_name":"Guardian Pharmacy (Hougang Mall)","building_type":"PHARMACY","address":"90 HOUGANG AVENUE 10 CHENG SAN PUBLIC LIBRARY SINGAPORE 538766","postal":"538766"}},{"type":"Feature","geometry":{"type":"Point","coordinates":[103.893746323326,1.37265167160403]},"properties":{"searchval":"90, HOUGANG AVENUE 10, #B1-31, HOUGANG MALL, SG(538766)","blk_no":"90","road_name":"HOUGANG AVENUE 10","building":"HOUGANG CENTRAL POST OFFICE","building_name":"Guardian Pharmacy (Hougang Mall)","building_type":"PHARMACY","address":"90 HOUGANG AVENUE 10 HOUGANG CENTRAL POST OFFICE SINGAPORE 538766","postal":"538766"}},{"type":"Feature","geometry":{"type":"Point","coordinates":[103.893774066625,1.37249118635803]},"properties":{"searchval":"90, HOUGANG AVENUE 10, #B1-31, HOUGANG MALL, SG(538766)","blk_no":"90","road_name":"HOUGANG AVENUE 10","building":"HOUGANG MALL","building_name":"Guardian Pharmacy (Hougang Mall)","building_type":"PHARMACY","address":"90 HOUGANG AVENUE 10 HOUGANG MALL SINGAPORE 538766","postal":"538766"}},{"type":"Feature","geometry":{"type":"Point","coordinates":[103.893661609307,1.37231186447501]},"properties":{"searchval":"90, HOUGANG AVENUE 10, #B1-31, HOUGANG MALL, SG(538766)","blk_no":"90","road_name":"HOUGANG AVENUE 10","building":"SUNFLOWER PRESCHOOL @ HOUGANG (PTE. LTD.)","building_name":"Guardian Pharmacy (Hougang Mall)","building_type":"PHARMACY","address":"90 HOUGANG AVENUE 10 SUNFLOWER PRESCHOOL @ HOUGANG (PTE. LTD.) SINGAPORE 538766","postal":"538766"}},{"type":"Feature","geometry":{"type":"Point","coordinates":[103.746894773008,1.33487526118006]},"properties":{"searchval":"2, JURONG EAST STREET 21, #01-99, IMM BUILDING, SG(609601)","blk_no":"2","road_name":"JURONG EAST STREET 21","building":"IMM BUILDING","building_name":"Guardian Pharmacy (IMM Building)","building_type":"PHARMACY","address":"2 JURONG EAST STREET 21 IMM BUILDING SINGAPORE 609601","postal":"609601"}},{"type":"Feature","geometry":{"type":"Point","coordinates":[103.832032328465,1.30397974144505]},"properties":{"searchval":"2, ORCHARD TURN, #B4-02, ION ORCHARD, SG(238801)","blk_no":"2","road_name":"ORCHARD TURN","building":"ION ORCHARD","building_name":"Guardian Pharmacy (ION)","building_type":"PHARMACY","address":"2 ORCHARD TURN ION ORCHARD SINGAPORE 238801","postal":"238801"}},{"type":"Feature","geometry":{"type":"Point","coordinates":[103.832251902468,1.30409785787899]},"properties":{"searchval":"2, ORCHARD TURN, #B4-02, ION ORCHARD, SG(238801)","blk_no":"2","road_name":"ORCHARD TURN","building":"ORCHARD ROAD","building_name":"Guardian Pharmacy (ION)","building_type":"PHARMACY","address":"2 ORCHARD TURN ORCHARD ROAD SINGAPORE 238801","postal":"238801"}},{"type":"Feature","geometry":{"type":"Point","coordinates":[103.831395129573,1.30403577910118]},"properties":{"searchval":"2, ORCHARD TURN, #B4-02, ION ORCHARD, SG(238801)","blk_no":"2","road_name":"ORCHARD TURN","building":"ORCHARD ROAD POST OFFICE","building_name":"Guardian Pharmacy (ION)","building_type":"PHARMACY","address":"2 ORCHARD TURN ORCHARD ROAD POST OFFICE SINGAPORE 238801","postal":"238801"}},{"type":"Feature","geometry":{"type":"Point","coordinates":[103.852502853417,1.28424248541962]},"properties":{"searchval":"16, COLLYER QUAY, #01-11/12, COLLYER QUAY CENTRE, SG(049318)","blk_no":"16","road_name":"COLLYER QUAY","building":"COLLYER QUAY CENTRE","building_name":"Guardian Pharmacy (Income @ Raffles)","building_type":"PHARMACY","address":"16 COLLYER QUAY COLLYER QUAY CENTRE SINGAPORE 049318","postal":"049318"}},{"type":"Feature","geometry":{"type":"Point","coordinates":[103.743278742341,1.33329334473462]},"properties":{"searchval":"50, JURONG GATEWAY ROAD, #B1-16/17, JEM, SG(608549)","blk_no":"50","road_name":"JURONG GATEWAY ROAD","building":"JEM","building_name":"Guardian Pharmacy (JEM)","building_type":"PHARMACY","address":"50 JURONG GATEWAY ROAD JEM SINGAPORE 608549","postal":"608549"}},{"type":"Feature","geometry":{"type":"Point","coordinates":[103.785850542515,1.31754555939886]},"properties":{"searchval":"293, HOLLAND ROAD, #02-05/06/07, COLD STORAGE JELITA, SG(278628)","blk_no":"293","road_name":"HOLLAND ROAD","building":"JELITA MALL","building_name":"Guardian Pharmacy (Jelita Shopping Centre)","building_type":"PHARMACY","address":"293 HOLLAND ROAD JELITA MALL SINGAPORE 278628","postal":"278628"}},{"type":"Feature","geometry":{"type":"Point","coordinates":[103.705350996191,1.33931504032005]},"properties":{"searchval":"63, JURONG WEST CENTRAL 3, #B1-27/28, JURONG POINT, SG(648331)","blk_no":"63","road_name":"JURONG WEST CENTRAL 3","building":"BOON LAY BUS INTERCHANGE","building_name":"Guardian Pharmacy (Jurong Point 2)","building_type":"PHARMACY","address":"63 JURONG WEST CENTRAL 3 BOON LAY BUS INTERCHANGE SINGAPORE 648331","postal":"648331"}},{"type":"Feature","geometry":{"type":"Point","coordinates":[103.705351000543,1.33931503949907]},"properties":{"searchval":"63, JURONG WEST CENTRAL 3, #B1-27/28, JURONG POINT, SG(648331)","blk_no":"63","road_name":"JURONG WEST CENTRAL 3","building":"MY FIRST SKOOL","building_name":"Guardian Pharmacy (Jurong Point 2)","building_type":"PHARMACY","address":"63 JURONG WEST CENTRAL 3 MY FIRST SKOOL SINGAPORE 648331","postal":"648331"}},{"type":"Feature","geometry":{"type":"Point","coordinates":[103.745022476677,1.38493874036122]},"properties":{"searchval":"21, CHOA CHU KANG AVENUE 4, #B1-26/27, LOT ONE, SHOPPERS' MALL, SG(689812)","blk_no":"21","road_name":"CHOA CHU KANG AVENUE 4","building":"CHOA CHU KANG PUBLIC LIBRARY","building_name":"Guardian Pharmacy (LOT 1)","building_type":"PHARMACY","address":"21 CHOA CHU KANG AVENUE 4 CHOA CHU KANG PUBLIC LIBRARY SINGAPORE 689812","postal":"689812"}},{"type":"Feature","geometry":{"type":"Point","coordinates":[103.745011766388,1.38497459672379]},"properties":{"searchval":"21, CHOA CHU KANG AVENUE 4, #B1-26/27, LOT ONE, SHOPPERS' MALL, SG(689812)","blk_no":"21","road_name":"CHOA CHU KANG AVENUE 4","building":"LOT ONE, SHOPPERS' MALL","building_name":"Guardian Pharmacy (LOT 1)","building_type":"PHARMACY","address":"21 CHOA CHU KANG AVENUE 4 LOT ONE, SHOPPERS' MALL SINGAPORE 689812","postal":"689812"}},{"type":"Feature","geometry":{"type":"Point","coordinates":[103.745238868238,1.38506992325619]},"properties":{"searchval":"21, CHOA CHU KANG AVENUE 4, #B1-26/27, LOT ONE, SHOPPERS' MALL, SG(689812)","blk_no":"21","road_name":"CHOA CHU KANG AVENUE 4","building":"SHAW THEATRES LOT ONE","building_name":"Guardian Pharmacy (LOT 1)","building_type":"PHARMACY","address":"21 CHOA CHU KANG AVENUE 4 SHAW THEATRES LOT ONE SINGAPORE 689812","postal":"689812"}},{"type":"Feature","geometry":{"type":"Point","coordinates":[103.857629111139,1.28332249857386]},"properties":{"searchval":"2, BAYFRONT AVENUE, #B2-49, MARINA BAY SANDS, SG(018972)","blk_no":"2","road_name":"BAYFRONT AVENUE","building":"CRYSTAL PAVILION SOUTH","building_name":"Guardian Pharmacy (Marina Bay Sands)","building_type":"PHARMACY","address":"2 BAYFRONT AVENUE CRYSTAL PAVILION SOUTH SINGAPORE 018972","postal":"018972"}},{"type":"Feature","geometry":{"type":"Point","coordinates":[103.858982282698,1.28423496027027]},"properties":{"searchval":"2, BAYFRONT AVENUE, #B2-49, MARINA BAY SANDS, SG(018972)","blk_no":"2","road_name":"BAYFRONT AVENUE","building":"THE SHOPPES AT MARINA BAY SANDS","building_name":"Guardian Pharmacy (Marina Bay Sands)","building_type":"PHARMACY","address":"2 BAYFRONT AVENUE THE SHOPPES AT MARINA BAY SANDS SINGAPORE 018972","postal":"018972"}},{"type":"Feature","geometry":{"type":"Point","coordinates":[103.860720977246,1.28360346911488]},"properties":{"searchval":"2, BAYFRONT AVENUE, #B2-49, MARINA BAY SANDS, SG(018972)","blk_no":"1","road_name":"BAYFRONT AVENUE","building":"TOWER 2 (MARINA BAY SANDS SINGAPORE)","building_name":"Guardian Pharmacy (Marina Bay Sands)","building_type":"PHARMACY","address":"1 BAYFRONT AVENUE TOWER 2 (MARINA BAY SANDS SINGAPORE) SINGAPORE 018971","postal":"018971"}},{"type":"Feature","geometry":{"type":"Point","coordinates":[103.835473484678,1.30540799662074]},"properties":{"searchval":"3, MOUNT ELIZABETH, #03-K1, MOUNT ELIZABETH HOSPITAL, SG(228510)","blk_no":"3","road_name":"MOUNT ELIZABETH","building":"MOUNT ELIZABETH HOSPITAL","building_name":"Guardian Pharmacy (Mount Elizabeth Medical Level 3)","building_type":"PHARMACY","address":"3 MOUNT ELIZABETH MOUNT ELIZABETH HOSPITAL SINGAPORE 228510","postal":"228510"}},{"type":"Feature","geometry":{"type":"Point","coordinates":[103.835432938605,1.30515487138921]},"properties":{"searchval":"3, MOUNT ELIZABETH, #03-K1, MOUNT ELIZABETH HOSPITAL, SG(228510)","blk_no":"3","road_name":"MOUNT ELIZABETH","building":"MOUNT ELIZABETH HOSPITAL/MEDICAL CENTRE","building_name":"Guardian Pharmacy (Mount Elizabeth Medical Level 3)","building_type":"PHARMACY","address":"3 MOUNT ELIZABETH MOUNT ELIZABETH HOSPITAL/MEDICAL CENTRE SINGAPORE 228510","postal":"228510"}},{"type":"Feature","geometry":{"type":"Point","coordinates":[103.835473484678,1.30540799662074]},"properties":{"searchval":"3, MOUNT ELIZABETH, #03-K1, MOUNT ELIZABETH HOSPITAL, SG(228510)","blk_no":"3","road_name":"MOUNT ELIZABETH","building":"OUTPATIENT CLINIC (MOUNT ELIZABETH HOSPITAL)","building_name":"Guardian Pharmacy (Mount Elizabeth Medical Level 3)","building_type":"PHARMACY","address":"3 MOUNT ELIZABETH OUTPATIENT CLINIC (MOUNT ELIZABETH HOSPITAL) SINGAPORE 228510","postal":"228510"}},{"type":"Feature","geometry":{"type":"Point","coordinates":[103.845067272666,1.30082071769235]},"properties":{"searchval":"68, ORCHARD ROAD, #B2-15, PLAZA SINGAPURA, SG(238839)","blk_no":"68","road_name":"ORCHARD ROAD","building":"GOLDEN VILLAGE (GV PLAZA)","building_name":"Guardian Pharmacy (New Plaza Singapura )","building_type":"PHARMACY","address":"68 ORCHARD ROAD GOLDEN VILLAGE (GV PLAZA) SINGAPORE 238839","postal":"238839"}},{"type":"Feature","geometry":{"type":"Point","coordinates":[103.845047573431,1.30074770963916]},"properties":{"searchval":"68, ORCHARD ROAD, #B2-15, PLAZA SINGAPURA, SG(238839)","blk_no":"68","road_name":"ORCHARD ROAD","building":"PLAZA SINGAPURA","building_name":"Guardian Pharmacy (New Plaza Singapura )","building_type":"PHARMACY","address":"68 ORCHARD ROAD PLAZA SINGAPURA SINGAPORE 238839","postal":"238839"}},{"type":"Feature","geometry":{"type":"Point","coordinates":[103.860333693777,1.29485990186642]},"properties":{"searchval":"3, TEMASEK BOULEVARD, #02-705/707, SUNTEC CITY MALL, SG(038983)","blk_no":"3","road_name":"TEMASEK BOULEVARD","building":"GOLDEN VILLAGE (GV SUNTEC CITY)","building_name":"Guardian Pharmacy (New Suntec City)","building_type":"PHARMACY","address":"3 TEMASEK BOULEVARD GOLDEN VILLAGE (GV SUNTEC CITY) SINGAPORE 038983","postal":"038983"}},{"type":"Feature","geometry":{"type":"Point","coordinates":[103.857761676467,1.29501962804526]},"properties":{"searchval":"3, TEMASEK BOULEVARD, #02-705/707, SUNTEC CITY MALL, SG(038983)","blk_no":"3","road_name":"TEMASEK BOULEVARD","building":"JOSIAH MONTESSORI : CITY CHILDCARE CENTRE","building_name":"Guardian Pharmacy (New Suntec City)","building_type":"PHARMACY","address":"3 TEMASEK BOULEVARD JOSIAH MONTESSORI : CITY CHILDCARE CENTRE SINGAPORE 038983","postal":"038983"}},{"type":"Feature","geometry":{"type":"Point","coordinates":[103.859014406736,1.29593189477195]},"properties":{"searchval":"3, TEMASEK BOULEVARD, #02-705/707, SUNTEC CITY MALL, SG(038983)","blk_no":"3","road_name":"TEMASEK BOULEVARD","building":"SUNTEC CITY MALL","building_name":"Guardian Pharmacy (New Suntec City)","building_type":"PHARMACY","address":"3 TEMASEK BOULEVARD SUNTEC CITY MALL SINGAPORE 038983","postal":"038983"}},{"type":"Feature","geometry":{"type":"Point","coordinates":[103.835776491468,1.42969848626288]},"properties":{"searchval":"930, YISHUN AVENUE 2, #B1-02/03, SG(769098)","blk_no":"930","road_name":"YISHUN AVENUE 2","building":"NORTHPOINT CITY","building_name":"Guardian Pharmacy (Northpoint)","building_type":"PHARMACY","address":"930 YISHUN AVENUE 2 NORTHPOINT CITY SINGAPORE 769098","postal":"769098"}},{"type":"Feature","geometry":{"type":"Point","coordinates":[103.835790714459,1.42946660837667]},"properties":{"searchval":"930, YISHUN AVENUE 2, #B1-02/03, SG(769098)","blk_no":"930","road_name":"YISHUN AVENUE 2","building":"NORTHPOINT CITY (NORTH WING)","building_name":"Guardian Pharmacy (Northpoint)","building_type":"PHARMACY","address":"930 YISHUN AVENUE 2 NORTHPOINT CITY (NORTH WING) SINGAPORE 769098","postal":"769098"}},{"type":"Feature","geometry":{"type":"Point","coordinates":[103.836522953601,1.42931416080553]},"properties":{"searchval":"930, YISHUN AVENUE 2, #B1-02/03, SG(769098)","blk_no":"930","road_name":"YISHUN AVENUE 2","building":"YISHUN PUBLIC LIBRARY","building_name":"Guardian Pharmacy (Northpoint)","building_type":"PHARMACY","address":"930 YISHUN AVENUE 2 YISHUN PUBLIC LIBRARY SINGAPORE 769098","postal":"769098"}},{"type":"Feature","geometry":{"type":"Point","coordinates":[103.844317495607,1.32210979381602]},"properties":{"searchval":"38, IRRAWADDY ROAD, #01-08/09/10/11, SG(329563)","blk_no":"38","road_name":"IRRAWADDY ROAD","building":"24-HOUR WALK-IN CLINIC (MOUNT ELIZABETH NOVENA HOSPITAL)","building_name":"Guardian Pharmacy (Novena Hospital)","building_type":"PHARMACY","address":"38 IRRAWADDY ROAD 24-HOUR WALK-IN CLINIC (MOUNT ELIZABETH NOVENA HOSPITAL) SINGAPORE 329563","postal":"329563"}},{"type":"Feature","geometry":{"type":"Point","coordinates":[103.844212383833,1.32214005436305]},"properties":{"searchval":"38, IRRAWADDY ROAD, #01-08/09/10/11, SG(329563)","blk_no":"38","road_name":"IRRAWADDY ROAD","building":"MOUNT ELIZABETH NOVENA HOSPITAL","building_name":"Guardian Pharmacy (Novena Hospital)","building_type":"PHARMACY","address":"38 IRRAWADDY ROAD MOUNT ELIZABETH NOVENA HOSPITAL SINGAPORE 329563","postal":"329563"}},{"type":"Feature","geometry":{"type":"Point","coordinates":[103.843850630993,1.31996748439185]},"properties":{"searchval":"238, THOMSON ROAD, #01-31, NOVENA SQUARE, SG(307683)","blk_no":"238","road_name":"THOMSON ROAD","building":"NOVENA SQUARE","building_name":"Guardian Pharmacy (Novena Square)","building_type":"PHARMACY","address":"238 THOMSON ROAD NOVENA SQUARE SINGAPORE 307683","postal":"307683"}},{"type":"Feature","geometry":{"type":"Point","coordinates":[103.844033569199,1.31978949204523]},"properties":{"searchval":"238, THOMSON ROAD, #01-31, NOVENA SQUARE, SG(307683)","blk_no":"238","road_name":"THOMSON ROAD","building":"VELOCITY @ NOVENA SQUARE","building_name":"Guardian Pharmacy (Novena Square)","building_type":"PHARMACY","address":"238 THOMSON ROAD VELOCITY @ NOVENA SQUARE SINGAPORE 307683","postal":"307683"}},{"type":"Feature","geometry":{"type":"Point","coordinates":[103.912962428692,1.40259581502678]},"properties":{"searchval":"681, PUNGGOL DRIVE, #01-22/23/24/25, SG(820681)","blk_no":"681","road_name":"PUNGGOL DRIVE","building":"NKF DIALYSIS CENTRE","building_name":"Guardian Pharmacy (Oasis Terrace)","building_type":"PHARMACY","address":"681 PUNGGOL DRIVE NKF DIALYSIS CENTRE SINGAPORE 820681","postal":"820681"}},{"type":"Feature","geometry":{"type":"Point","coordinates":[103.913215101343,1.40278015725693]},"properties":{"searchval":"681, PUNGGOL DRIVE, #01-22/23/24/25, SG(820681)","blk_no":"681","road_name":"PUNGGOL DRIVE","building":"OASIS TERRACES","building_name":"Guardian Pharmacy (Oasis Terrace)","building_type":"PHARMACY","address":"681 PUNGGOL DRIVE OASIS TERRACES SINGAPORE 820681","postal":"820681"}},{"type":"Feature","geometry":{"type":"Point","coordinates":[103.913195741417,1.40287845827053]},"properties":{"searchval":"681, PUNGGOL DRIVE, #01-22/23/24/25, SG(820681)","blk_no":"681","road_name":"PUNGGOL DRIVE","building":"SINGHEALTH POLYCLINICS (PUNGGOL POLYCLINIC)","building_name":"Guardian Pharmacy (Oasis Terrace)","building_type":"PHARMACY","address":"681 PUNGGOL DRIVE SINGHEALTH POLYCLINICS (PUNGGOL POLYCLINIC) SINGAPORE 820681","postal":"820681"}},{"type":"Feature","geometry":{"type":"Point","coordinates":[103.940381104547,1.35354740485205]},"properties":{"searchval":"1, TAMPINES WALK, #B1-29, OUR TAMPINES HUB, SG(528523)","blk_no":"1","road_name":"TAMPINES WALK","building":"HAWKER CENTRE @ OUR TAMPINES HUB","building_name":"Guardian Pharmacy (Our Tampines Hub)","building_type":"PHARMACY","address":"1 TAMPINES WALK HAWKER CENTRE @ OUR TAMPINES HUB SINGAPORE 528523","postal":"528523"}},{"type":"Feature","geometry":{"type":"Point","coordinates":[103.940525443768,1.35330030677679]},"properties":{"searchval":"1, TAMPINES WALK, #B1-29, OUR TAMPINES HUB, SG(528523)","blk_no":"1","road_name":"TAMPINES WALK","building":"HDB TAMPINES BRANCH","building_name":"Guardian Pharmacy (Our Tampines Hub)","building_type":"PHARMACY","address":"1 TAMPINES WALK HDB TAMPINES BRANCH SINGAPORE 528523","postal":"528523"}},{"type":"Feature","geometry":{"type":"Point","coordinates":[103.940200303358,1.35270292681435]},"properties":{"searchval":"1, TAMPINES WALK, #B1-29, OUR TAMPINES HUB, SG(528523)","blk_no":"1","road_name":"TAMPINES WALK","building":"LEARNING SPROUTS","building_name":"Guardian Pharmacy (Our Tampines Hub)","building_type":"PHARMACY","address":"1 TAMPINES WALK LEARNING SPROUTS SINGAPORE 528523","postal":"528523"}},{"type":"Feature","geometry":{"type":"Point","coordinates":[103.940197935055,1.35291588606932]},"properties":{"searchval":"1, TAMPINES WALK, #B1-29, OUR TAMPINES HUB, SG(528523)","blk_no":"1","road_name":"TAMPINES WALK","building":"NORTH EAST COMMUNITY DEVELOPMENT COUNCIL","building_name":"Guardian Pharmacy (Our Tampines Hub)","building_type":"PHARMACY","address":"1 TAMPINES WALK NORTH EAST COMMUNITY DEVELOPMENT COUNCIL SINGAPORE 528523","postal":"528523"}},{"type":"Feature","geometry":{"type":"Point","coordinates":[103.940408135311,1.35313359828812]},"properties":{"searchval":"1, TAMPINES WALK, #B1-29, OUR TAMPINES HUB, SG(528523)","blk_no":"1","road_name":"TAMPINES WALK","building":"OUR TAMPINES HUB","building_name":"Guardian Pharmacy (Our Tampines Hub)","building_type":"PHARMACY","address":"1 TAMPINES WALK OUR TAMPINES HUB SINGAPORE 528523","postal":"528523"}},{"type":"Feature","geometry":{"type":"Point","coordinates":[103.94067811682,1.3535902118724]},"properties":{"searchval":"1, TAMPINES WALK, #B1-29, OUR TAMPINES HUB, SG(528523)","blk_no":"1","road_name":"TAMPINES WALK","building":"TAMPINES CENTRAL COMMUNITY CLUB","building_name":"Guardian Pharmacy (Our Tampines Hub)","building_type":"PHARMACY","address":"1 TAMPINES WALK TAMPINES CENTRAL COMMUNITY CLUB SINGAPORE 528523","postal":"528523"}},{"type":"Feature","geometry":{"type":"Point","coordinates":[103.94026899384,1.35338700757403]},"properties":{"searchval":"1, TAMPINES WALK, #B1-29, OUR TAMPINES HUB, SG(528523)","blk_no":"1","road_name":"TAMPINES WALK","building":"TAMPINES REGIONAL LIBRARY","building_name":"Guardian Pharmacy (Our Tampines Hub)","building_type":"PHARMACY","address":"1 TAMPINES WALK TAMPINES REGIONAL LIBRARY SINGAPORE 528523","postal":"528523"}},{"type":"Feature","geometry":{"type":"Point","coordinates":[103.939790591016,1.3538120070574]},"properties":{"searchval":"1, TAMPINES WALK, #B1-29, OUR TAMPINES HUB, SG(528523)","blk_no":"1","road_name":"TAMPINES WALK","building":"TAMPINES SPORTS CENTRE","building_name":"Guardian Pharmacy (Our Tampines Hub)","building_type":"PHARMACY","address":"1 TAMPINES WALK TAMPINES SPORTS CENTRE SINGAPORE 528523","postal":"528523"}},{"type":"Feature","geometry":{"type":"Point","coordinates":[103.939683591892,1.35349616237034]},"properties":{"searchval":"1, TAMPINES WALK, #B1-29, OUR TAMPINES HUB, SG(528523)","blk_no":"1","road_name":"TAMPINES WALK","building":"TAMPINES SWIMMING COMPLEX","building_name":"Guardian Pharmacy (Our Tampines Hub)","building_type":"PHARMACY","address":"1 TAMPINES WALK TAMPINES SWIMMING COMPLEX SINGAPORE 528523","postal":"528523"}},{"type":"Feature","geometry":{"type":"Point","coordinates":[103.940313582307,1.35271129663429]},"properties":{"searchval":"1, TAMPINES WALK, #B1-29, OUR TAMPINES HUB, SG(528523)","blk_no":"1","road_name":"TAMPINES WALK","building":"TOWN SQUARE","building_name":"Guardian Pharmacy (Our Tampines Hub)","building_type":"PHARMACY","address":"1 TAMPINES WALK TOWN SQUARE SINGAPORE 528523","postal":"528523"}},{"type":"Feature","geometry":{"type":"Point","coordinates":[103.83524031199,1.30372322368856]},"properties":{"searchval":"290, ORCHARD ROAD, #B1-20/24, THE PARAGON, SG(238859)","blk_no":"290","road_name":"ORCHARD ROAD","building":"MINDCHAMPS PRESCHOOL @ PARAGON PTE. LIMITED","building_name":"Guardian Pharmacy (Paragon)","building_type":"PHARMACY","address":"290 ORCHARD ROAD MINDCHAMPS PRESCHOOL @ PARAGON PTE. LIMITED SINGAPORE 238859","postal":"238859"}},{"type":"Feature","geometry":{"type":"Point","coordinates":[103.835940962553,1.30418212572574]},"properties":{"searchval":"290, ORCHARD ROAD, #B1-20/24, THE PARAGON, SG(238859)","blk_no":"290","road_name":"ORCHARD ROAD","building":"PARAGON MEDICAL","building_name":"Guardian Pharmacy (Paragon)","building_type":"PHARMACY","address":"290 ORCHARD ROAD PARAGON MEDICAL SINGAPORE 238859","postal":"238859"}},{"type":"Feature","geometry":{"type":"Point","coordinates":[103.835857545469,1.30387230879994]},"properties":{"searchval":"290, ORCHARD ROAD, #B1-20/24, THE PARAGON, SG(238859)","blk_no":"290","road_name":"ORCHARD ROAD","building":"THE PARAGON","building_name":"Guardian Pharmacy (Paragon)","building_type":"PHARMACY","address":"290 ORCHARD ROAD THE PARAGON SINGAPORE 238859","postal":"238859"}},{"type":"Feature","geometry":{"type":"Point","coordinates":[103.905505005847,1.301041960873]},"properties":{"searchval":"80, MARINE PARADE ROAD, #B1-147-149/155A, PARKWAY PARADE, SG(449269)","blk_no":"80","road_name":"MARINE PARADE ROAD","building":"MARINE PARADE POST OFFICE","building_name":"Guardian Pharmacy (Parkway Parade)","building_type":"PHARMACY","address":"80 MARINE PARADE ROAD MARINE PARADE POST OFFICE SINGAPORE 449269","postal":"449269"}},{"type":"Feature","geometry":{"type":"Point","coordinates":[103.905113590527,1.30119131468839]},"properties":{"searchval":"80, MARINE PARADE ROAD, #B1-147-149/155A, PARKWAY PARADE, SG(449269)","blk_no":"80","road_name":"MARINE PARADE ROAD","building":"MY FIRST SKOOL","building_name":"Guardian Pharmacy (Parkway Parade)","building_type":"PHARMACY","address":"80 MARINE PARADE ROAD MY FIRST SKOOL SINGAPORE 449269","postal":"449269"}},{"type":"Feature","geometry":{"type":"Point","coordinates":[103.905279491524,1.30106975506311]},"properties":{"searchval":"80, MARINE PARADE ROAD, #B1-147-149/155A, PARKWAY PARADE, SG(449269)","blk_no":"80","road_name":"MARINE PARADE ROAD","building":"PARKWAY PARADE","building_name":"Guardian Pharmacy (Parkway Parade)","building_type":"PHARMACY","address":"80 MARINE PARADE ROAD PARKWAY PARADE SINGAPORE 449269","postal":"449269"}},{"type":"Feature","geometry":{"type":"Point","coordinates":[103.948748873616,1.37382437779468]},"properties":{"searchval":"7, PASIR RIS CENTRAL, #B1-29, SG(519612)","blk_no":"7","road_name":"PASIR RIS CENTRAL","building":"PASIR RIS MALL","building_name":"Guardian Pharmacy (Pasir Ris Mall)","building_type":"PHARMACY","address":"7 PASIR RIS CENTRAL PASIR RIS MALL SINGAPORE 519612","postal":"519612"}},{"type":"Feature","geometry":{"type":"Point","coordinates":[103.893414663597,1.31770886898996]},"properties":{"searchval":"10, PAYA LEBAR ROAD, #B2-01 & 35, PLQ MALL, SG(409057)","blk_no":"10","road_name":"PAYA LEBAR ROAD","building":"PAYA LEBAR QUARTER","building_name":"Guardian Pharmacy (Paya Lebar Quarter)","building_type":"PHARMACY","address":"10 PAYA LEBAR ROAD PAYA LEBAR QUARTER SINGAPORE 409057","postal":"409057"}},{"type":"Feature","geometry":{"type":"Point","coordinates":[103.892836694432,1.31756115921]},"properties":{"searchval":"10, PAYA LEBAR ROAD, #B2-01 & 35, PLQ MALL, SG(409057)","blk_no":"10","road_name":"PAYA LEBAR ROAD","building":"PLQ MALL","building_name":"Guardian Pharmacy (Paya Lebar Quarter)","building_type":"PHARMACY","address":"10 PAYA LEBAR ROAD PLQ MALL SINGAPORE 409057","postal":"409057"}},{"type":"Feature","geometry":{"type":"Point","coordinates":[103.892724428994,1.31752384637596]},"properties":{"searchval":"10, PAYA LEBAR ROAD, #B2-01 & 35, PLQ MALL, SG(409057)","blk_no":"10","road_name":"PAYA LEBAR ROAD","building":"SHAW THEATRES PAYA LEBAR QUARTER","building_name":"Guardian Pharmacy (Paya Lebar Quarter)","building_type":"PHARMACY","address":"10 PAYA LEBAR ROAD SHAW THEATRES PAYA LEBAR QUARTER SINGAPORE 409057","postal":"409057"}},{"type":"Feature","geometry":{"type":"Point","coordinates":[103.734174851203,1.35759319436135]},"properties":{"searchval":"127, PLANTATION CRESCENT, #B1-16, PLANTATION PLAZA, SG(690127)","blk_no":"127","road_name":"PLANTATION CRESCENT","building":"PLANTATION PLAZA","building_name":"Guardian Pharmacy (Plantation Plaza)","building_type":"PHARMACY","address":"127 PLANTATION CRESCENT PLANTATION PLAZA SINGAPORE 690127","postal":"690127"}},{"type":"Feature","geometry":{"type":"Point","coordinates":[103.853119904656,1.29389357863312]},"properties":{"searchval":"252, NORTH BRIDGE ROAD, #B1-01, RAFFLES CITY SHOPPING CENTRE, SG(179103)","blk_no":"252","road_name":"NORTH BRIDGE ROAD","building":"RAFFLES CITY SHOPPING CENTRE","building_name":"Guardian Pharmacy (Raffles City)","building_type":"PHARMACY","address":"252 NORTH BRIDGE ROAD RAFFLES CITY SHOPPING CENTRE SINGAPORE 179103","postal":"179103"}},{"type":"Feature","geometry":{"type":"Point","coordinates":[103.853331827088,1.29407644483073]},"properties":{"searchval":"252, NORTH BRIDGE ROAD, #B1-01, RAFFLES CITY SHOPPING CENTRE, SG(179103)","blk_no":"252","road_name":"NORTH BRIDGE ROAD","building":"RAFFLES CITY TOWER","building_name":"Guardian Pharmacy (Raffles City)","building_type":"PHARMACY","address":"252 NORTH BRIDGE ROAD RAFFLES CITY TOWER SINGAPORE 179103","postal":"179103"}},{"type":"Feature","geometry":{"type":"Point","coordinates":[103.851463066212,1.28393326234538]},"properties":{"searchval":"5, RAFFLES PLACE, #B1-37-40/43-45, RAFFLES PLACE MRT STATION, SG(048618)","blk_no":"5","road_name":"RAFFLES PLACE","building":"RAFFLES PLACE","building_name":"Guardian Pharmacy (Raffles Place MRT 3)","building_type":"PHARMACY","address":"5 RAFFLES PLACE RAFFLES PLACE SINGAPORE 048618","postal":"048618"}},{"type":"Feature","geometry":{"type":"Point","coordinates":[103.851463066212,1.28393326234538]},"properties":{"searchval":"5, RAFFLES PLACE, #B1-37-40/43-45, RAFFLES PLACE MRT STATION, SG(048618)","blk_no":"5","road_name":"RAFFLES PLACE","building":"RAFFLES PLACE MRT STATION","building_name":"Guardian Pharmacy (Raffles Place MRT 3)","building_type":"PHARMACY","address":"5 RAFFLES PLACE RAFFLES PLACE MRT STATION SINGAPORE 048618","postal":"048618"}},{"type":"Feature","geometry":{"type":"Point","coordinates":[103.851461712342,1.28412561043658]},"properties":{"searchval":"5, RAFFLES PLACE, #B1-37-40/43-45, RAFFLES PLACE MRT STATION, SG(048618)","blk_no":"5","road_name":"RAFFLES PLACE","building":"RAFFLES PLACE MRT STATION (EW14 / NS26)","building_name":"Guardian Pharmacy (Raffles Place MRT 3)","building_type":"PHARMACY","address":"5 RAFFLES PLACE RAFFLES PLACE MRT STATION (EW14 / NS26) SINGAPORE 048618","postal":"048618"}},{"type":"Feature","geometry":{"type":"Point","coordinates":[103.851453398901,1.28422133137157]},"properties":{"searchval":"5, RAFFLES PLACE, #B1-37-40/43-45, RAFFLES PLACE MRT STATION, SG(048618)","blk_no":"5","road_name":"RAFFLES PLACE","building":"RAFFLES XCHANGE","building_name":"Guardian Pharmacy (Raffles Place MRT 3)","building_type":"PHARMACY","address":"5 RAFFLES PLACE RAFFLES XCHANGE SINGAPORE 048618","postal":"048618"}},{"type":"Feature","geometry":{"type":"Point","coordinates":[103.876085067727,1.39130622992517]},"properties":{"searchval":"33, SENGKANG WEST AVENUE, #B1-10/11, THE SELETAR MALL, SG(797653)","blk_no":"33","road_name":"SENGKANG WEST AVENUE","building":"SHAW THEATRES SELETAR","building_name":"Guardian Pharmacy (Seletar Mall)","building_type":"PHARMACY","address":"33 SENGKANG WEST AVENUE SHAW THEATRES SELETAR SINGAPORE 797653","postal":"797653"}},{"type":"Feature","geometry":{"type":"Point","coordinates":[103.876125507257,1.39147015374628]},"properties":{"searchval":"33, SENGKANG WEST AVENUE, #B1-10/11, THE SELETAR MALL, SG(797653)","blk_no":"33","road_name":"SENGKANG WEST AVENUE","building":"THE SELETAR MALL","building_name":"Guardian Pharmacy (Seletar Mall)","building_type":"PHARMACY","address":"33 SENGKANG WEST AVENUE THE SELETAR MALL SINGAPORE 797653","postal":"797653"}},{"type":"Feature","geometry":{"type":"Point","coordinates":[103.865452649616,1.36414324369488]},"properties":{"searchval":"66, SERANGOON GARDEN WAY, #00-00, SERANGOON GARDEN ESTATE, SG(555962)","blk_no":"66","road_name":"SERANGOON GARDEN WAY","building":"SERANGOON GARDEN ESTATE","building_name":"Guardian Pharmacy (Serangoon Garden)","building_type":"PHARMACY","address":"66 SERANGOON GARDEN WAY SERANGOON GARDEN ESTATE SINGAPORE 555962","postal":"555962"}},{"type":"Feature","geometry":{"type":"Point","coordinates":[103.872296143862,1.35076935257845]},"properties":{"searchval":"23, SERANGOON CENTRAL, #B1-62/63, NEX, SG(556083)","blk_no":"23","road_name":"SERANGOON CENTRAL","building":"NEX","building_name":"Guardian Pharmacy (Serangoon NEX)","building_type":"PHARMACY","address":"23 SERANGOON CENTRAL NEX SINGAPORE 556083","postal":"556083"}},{"type":"Feature","geometry":{"type":"Point","coordinates":[103.872296143318,1.3507693523047]},"properties":{"searchval":"23, SERANGOON CENTRAL, #B1-62/63, NEX, SG(556083)","blk_no":"23","road_name":"SERANGOON CENTRAL","building":"SERANGOON BUS INTERCHANGE","building_name":"Guardian Pharmacy (Serangoon NEX)","building_type":"PHARMACY","address":"23 SERANGOON CENTRAL SERANGOON BUS INTERCHANGE SINGAPORE 556083","postal":"556083"}},{"type":"Feature","geometry":{"type":"Point","coordinates":[103.872929470122,1.35031308387652]},"properties":{"searchval":"23, SERANGOON CENTRAL, #B1-62/63, NEX, SG(556083)","blk_no":"23","road_name":"SERANGOON CENTRAL","building":"SERANGOON PUBLIC LIBRARY","building_name":"Guardian Pharmacy (Serangoon NEX)","building_type":"PHARMACY","address":"23 SERANGOON CENTRAL SERANGOON PUBLIC LIBRARY SINGAPORE 556083","postal":"556083"}},{"type":"Feature","geometry":{"type":"Point","coordinates":[103.872313208185,1.35073185391846]},"properties":{"searchval":"23, SERANGOON CENTRAL, #B1-62/63, NEX, SG(556083)","blk_no":"23","road_name":"SERANGOON CENTRAL","building":"SHAW THEATRRES NEX","building_name":"Guardian Pharmacy (Serangoon NEX)","building_type":"PHARMACY","address":"23 SERANGOON CENTRAL SHAW THEATRRES NEX SINGAPORE 556083","postal":"556083"}},{"type":"Feature","geometry":{"type":"Point","coordinates":[103.87211567247,1.35088882151724]},"properties":{"searchval":"23, SERANGOON CENTRAL, #B1-62/63, NEX, SG(556083)","blk_no":"23","road_name":"SERANGOON CENTRAL","building":"THE VETERINARY CLINIC PTE LTD (NEX MALL BRANCH)","building_name":"Guardian Pharmacy (Serangoon NEX)","building_type":"PHARMACY","address":"23 SERANGOON CENTRAL THE VETERINARY CLINIC PTE LTD (NEX MALL BRANCH) SINGAPORE 556083","postal":"556083"}},{"type":"Feature","geometry":{"type":"Point","coordinates":[103.788287276561,1.30695082420353]},"properties":{"searchval":"1, VISTA EXCHANGE GREEN, #B1-16, THE STAR, SG(138617)","blk_no":"1","road_name":"VISTA EXCHANGE GREEN","building":"NEW CREATION CHURCH","building_name":"Guardian Pharmacy (Star Vista)","building_type":"PHARMACY","address":"1 VISTA EXCHANGE GREEN NEW CREATION CHURCH SINGAPORE 138617","postal":"138617"}},{"type":"Feature","geometry":{"type":"Point","coordinates":[103.788474398043,1.3068719300898]},"properties":{"searchval":"1, VISTA EXCHANGE GREEN, #B1-16, THE STAR, SG(138617)","blk_no":"1","road_name":"VISTA EXCHANGE GREEN","building":"THE STAR","building_name":"Guardian Pharmacy (Star Vista)","building_type":"PHARMACY","address":"1 VISTA EXCHANGE GREEN THE STAR SINGAPORE 138617","postal":"138617"}},{"type":"Feature","geometry":{"type":"Point","coordinates":[103.788214531279,1.30684881988629]},"properties":{"searchval":"1, VISTA EXCHANGE GREEN, #B1-16, THE STAR, SG(138617)","blk_no":"1","road_name":"VISTA EXCHANGE GREEN","building":"THE STAR PERFORMING ART CENTRE","building_name":"Guardian Pharmacy (Star Vista)","building_type":"PHARMACY","address":"1 VISTA EXCHANGE GREEN THE STAR PERFORMING ART CENTRE SINGAPORE 138617","postal":"138617"}},{"type":"Feature","geometry":{"type":"Point","coordinates":[103.788420274115,1.30697044038323]},"properties":{"searchval":"1, VISTA EXCHANGE GREEN, #B1-16, THE STAR, SG(138617)","blk_no":"1","road_name":"VISTA EXCHANGE GREEN","building":"THE STAR VISTA","building_name":"Guardian Pharmacy (Star Vista)","building_type":"PHARMACY","address":"1 VISTA EXCHANGE GREEN THE STAR VISTA SINGAPORE 138617","postal":"138617"}},{"type":"Feature","geometry":{"type":"Point","coordinates":[103.819498634275,1.44819666623789]},"properties":{"searchval":"30, SEMBAWANG DRIVE, #B1-11, SUN PLAZA, SG(757713)","blk_no":"30","road_name":"SEMBAWANG DRIVE","building":"SEMBAWANG PUBLIC LIBRARY","building_name":"Guardian Pharmacy (Sun Plaza 2)","building_type":"PHARMACY","address":"30 SEMBAWANG DRIVE SEMBAWANG PUBLIC LIBRARY SINGAPORE 757713","postal":"757713"}},{"type":"Feature","geometry":{"type":"Point","coordinates":[103.819502127155,1.44819535371132]},"properties":{"searchval":"30, SEMBAWANG DRIVE, #B1-11, SUN PLAZA, SG(757713)","blk_no":"30","road_name":"SEMBAWANG DRIVE","building":"SUN PLAZA","building_name":"Guardian Pharmacy (Sun Plaza 2)","building_type":"PHARMACY","address":"30 SEMBAWANG DRIVE SUN PLAZA SINGAPORE 757713","postal":"757713"}},{"type":"Feature","geometry":{"type":"Point","coordinates":[103.860333693777,1.29485990186642]},"properties":{"searchval":"3, TEMASEK BOULEVARD, #B1-154/155/156, SUNTEC CITY MALL, SG(038983)","blk_no":"3","road_name":"TEMASEK BOULEVARD","building":"GOLDEN VILLAGE (GV SUNTEC CITY)","building_name":"Guardian Pharmacy (Suntec Fountain)","building_type":"PHARMACY","address":"3 TEMASEK BOULEVARD GOLDEN VILLAGE (GV SUNTEC CITY) SINGAPORE 038983","postal":"038983"}},{"type":"Feature","geometry":{"type":"Point","coordinates":[103.857761676467,1.29501962804526]},"properties":{"searchval":"3, TEMASEK BOULEVARD, #B1-154/155/156, SUNTEC CITY MALL, SG(038983)","blk_no":"3","road_name":"TEMASEK BOULEVARD","building":"JOSIAH MONTESSORI : CITY CHILDCARE CENTRE","building_name":"Guardian Pharmacy (Suntec Fountain)","building_type":"PHARMACY","address":"3 TEMASEK BOULEVARD JOSIAH MONTESSORI : CITY CHILDCARE CENTRE SINGAPORE 038983","postal":"038983"}},{"type":"Feature","geometry":{"type":"Point","coordinates":[103.859014406736,1.29593189477195]},"properties":{"searchval":"3, TEMASEK BOULEVARD, #B1-154/155/156, SUNTEC CITY MALL, SG(038983)","blk_no":"3","road_name":"TEMASEK BOULEVARD","building":"SUNTEC CITY MALL","building_name":"Guardian Pharmacy (Suntec Fountain)","building_type":"PHARMACY","address":"3 TEMASEK BOULEVARD SUNTEC CITY MALL SINGAPORE 038983","postal":"038983"}},{"type":"Feature","geometry":{"type":"Point","coordinates":[103.835181912297,1.30224168528687]},"properties":{"searchval":"391, ORCHARD ROAD, #B2-15-23, NGEE ANN CITY, SG(238872)","blk_no":"391","road_name":"ORCHARD ROAD","building":"NGEE ANN CITY","building_name":"Guardian Pharmacy (Takashimaya S. C. )","building_type":"PHARMACY","address":"391 ORCHARD ROAD NGEE ANN CITY SINGAPORE 238872","postal":"238872"}},{"type":"Feature","geometry":{"type":"Point","coordinates":[103.834749804244,1.30230881694097]},"properties":{"searchval":"391, ORCHARD ROAD, #B2-15-23, NGEE ANN CITY, SG(238872)","blk_no":"391","road_name":"ORCHARD ROAD","building":"TAKASHIMAYA SHOPPING CENTRE","building_name":"Guardian Pharmacy (Takashimaya S. C. )","building_type":"PHARMACY","address":"391 ORCHARD ROAD TAKASHIMAYA SHOPPING CENTRE SINGAPORE 238872","postal":"238872"}},{"type":"Feature","geometry":{"type":"Point","coordinates":[103.945042729998,1.35369188683393]},"properties":{"searchval":"20, TAMPINES CENTRAL 1, #01-01, TAMPINES MRT STATION, SG(529538)","blk_no":"20","road_name":"TAMPINES CENTRAL 1","building":"NIL","building_name":"Guardian Pharmacy (Tampines MRT)","building_type":"PHARMACY","address":"20 TAMPINES CENTRAL 1 SINGAPORE 529538","postal":"529538"}},{"type":"Feature","geometry":{"type":"Point","coordinates":[103.944682574769,1.35250468330971]},"properties":{"searchval":"4, TAMPINES CENTRAL 5, #B1-18/19, TAMPINES MALL, SG(529510)","blk_no":"4","road_name":"TAMPINES CENTRAL 5","building":"GOLDEN VILLAGE (GV TAMPINES)","building_name":"Guardian Pharmacy (Tampines Mall)","building_type":"PHARMACY","address":"4 TAMPINES CENTRAL 5 GOLDEN VILLAGE (GV TAMPINES) SINGAPORE 529510","postal":"529510"}},{"type":"Feature","geometry":{"type":"Point","coordinates":[103.944698751072,1.35252737278519]},"properties":{"searchval":"4, TAMPINES CENTRAL 5, #B1-18/19, TAMPINES MALL, SG(529510)","blk_no":"4","road_name":"TAMPINES CENTRAL 5","building":"TAMPINES MALL","building_name":"Guardian Pharmacy (Tampines Mall)","building_type":"PHARMACY","address":"4 TAMPINES CENTRAL 5 TAMPINES MALL SINGAPORE 529510","postal":"529510"}},{"type":"Feature","geometry":{"type":"Point","coordinates":[103.823852794772,1.30484344196915]},"properties":{"searchval":"163, TANGLIN ROAD, #01-121/122, TANGLIN MALL, SG(247933)","blk_no":"163","road_name":"TANGLIN ROAD","building":"TANGLIN MALL","building_name":"Guardian Pharmacy (Tanglin Mall)","building_type":"PHARMACY","address":"163 TANGLIN ROAD TANGLIN MALL SINGAPORE 247933","postal":"247933"}},{"type":"Feature","geometry":{"type":"Point","coordinates":[103.986211815854,1.35640628728788]},"properties":{"searchval":"65, AIRPORT BOULEVARD, #02-66, CHANGI AIRPORT TERMINAL 3, SG(819663)","blk_no":"65","road_name":"AIRPORT BOULEVARD","building":"CHANGI AIRPORT BUS TERMINAL 3","building_name":"Guardian Pharmacy (Terminal 3 Transit Lounge North )","building_type":"PHARMACY","address":"65 AIRPORT BOULEVARD CHANGI AIRPORT BUS TERMINAL 3 SINGAPORE 819663","postal":"819663"}},{"type":"Feature","geometry":{"type":"Point","coordinates":[103.986562208495,1.35662609413487]},"properties":{"searchval":"65, AIRPORT BOULEVARD, #02-66, CHANGI AIRPORT TERMINAL 3, SG(819663)","blk_no":"65","road_name":"AIRPORT BOULEVARD","building":"CHANGI AIRPORT TERMINAL 3 BUILDING","building_name":"Guardian Pharmacy (Terminal 3 Transit Lounge North )","building_type":"PHARMACY","address":"65 AIRPORT BOULEVARD CHANGI AIRPORT TERMINAL 3 BUILDING SINGAPORE 819663","postal":"819663"}},{"type":"Feature","geometry":{"type":"Point","coordinates":[103.986102024462,1.35622640396404]},"properties":{"searchval":"65, AIRPORT BOULEVARD, #02-66, CHANGI AIRPORT TERMINAL 3, SG(819663)","blk_no":"65","road_name":"AIRPORT BOULEVARD","building":"RAFFLES MEDICAL 24-HR CLINIC (CHANGI AIRPORT)","building_name":"Guardian Pharmacy (Terminal 3 Transit Lounge North )","building_type":"PHARMACY","address":"65 AIRPORT BOULEVARD RAFFLES MEDICAL 24-HR CLINIC (CHANGI AIRPORT) SINGAPORE 819663","postal":"819663"}},{"type":"Feature","geometry":{"type":"Point","coordinates":[103.839747911252,1.30210727048041]},"properties":{"searchval":"176, ORCHARD ROAD, #B1-01/02/03/04, THE CENTREPOINT, SG(238843)","blk_no":"176","road_name":"ORCHARD ROAD","building":"49 SEATS THE CENTREPOINT","building_name":"Guardian Pharmacy (The Centrepoint)","building_type":"PHARMACY","address":"176 ORCHARD ROAD 49 SEATS THE CENTREPOINT SINGAPORE 238843","postal":"238843"}},{"type":"Feature","geometry":{"type":"Point","coordinates":[103.83979800004,1.30169400006089]},"properties":{"searchval":"176, ORCHARD ROAD, #B1-01/02/03/04, THE CENTREPOINT, SG(238843)","blk_no":"176","road_name":"ORCHARD ROAD","building":"BOTTLES & BOTTLES THE CENTREPOINT","building_name":"Guardian Pharmacy (The Centrepoint)","building_type":"PHARMACY","address":"176 ORCHARD ROAD BOTTLES & BOTTLES THE CENTREPOINT SINGAPORE 238843","postal":"238843"}},{"type":"Feature","geometry":{"type":"Point","coordinates":[103.839760967277,1.30179471199624]},"properties":{"searchval":"176, ORCHARD ROAD, #B1-01/02/03/04, THE CENTREPOINT, SG(238843)","blk_no":"176","road_name":"ORCHARD ROAD","building":"BRATPACK THE CENTREPOINT","building_name":"Guardian Pharmacy (The Centrepoint)","building_type":"PHARMACY","address":"176 ORCHARD ROAD BRATPACK THE CENTREPOINT SINGAPORE 238843","postal":"238843"}},{"type":"Feature","geometry":{"type":"Point","coordinates":[103.839447293931,1.3017899358669]},"properties":{"searchval":"176, ORCHARD ROAD, #B1-01/02/03/04, THE CENTREPOINT, SG(238843)","blk_no":"176","road_name":"ORCHARD ROAD","building":"CARDBOARD COLLECTIBLE THE CENTREPOINT","building_name":"Guardian Pharmacy (The Centrepoint)","building_type":"PHARMACY","address":"176 ORCHARD ROAD CARDBOARD COLLECTIBLE THE CENTREPOINT SINGAPORE 238843","postal":"238843"}},{"type":"Feature","geometry":{"type":"Point","coordinates":[103.839635362939,1.30181755095322]},"properties":{"searchval":"176, ORCHARD ROAD, #B1-01/02/03/04, THE CENTREPOINT, SG(238843)","blk_no":"176","road_name":"ORCHARD ROAD","building":"HAKKA THE CENTREPOINT","building_name":"Guardian Pharmacy (The Centrepoint)","building_type":"PHARMACY","address":"176 ORCHARD ROAD HAKKA THE CENTREPOINT SINGAPORE 238843","postal":"238843"}},{"type":"Feature","geometry":{"type":"Point","coordinates":[103.839955368755,1.30208893092554]},"properties":{"searchval":"176, ORCHARD ROAD, #B1-01/02/03/04, THE CENTREPOINT, SG(238843)","blk_no":"176","road_name":"ORCHARD ROAD","building":"HEALING TOUCH SPA THE CENTREPOINT","building_name":"Guardian Pharmacy (The Centrepoint)","building_type":"PHARMACY","address":"176 ORCHARD ROAD HEALING TOUCH SPA THE CENTREPOINT SINGAPORE 238843","postal":"238843"}},{"type":"Feature","geometry":{"type":"Point","coordinates":[103.839805895931,1.30137825999029]},"properties":{"searchval":"176, ORCHARD ROAD, #B1-01/02/03/04, THE CENTREPOINT, SG(238843)","blk_no":"176","road_name":"ORCHARD ROAD","building":"JI XIANG KUEH THE CENTREPOINT","building_name":"Guardian Pharmacy (The Centrepoint)","building_type":"PHARMACY","address":"176 ORCHARD ROAD JI XIANG KUEH THE CENTREPOINT SINGAPORE 238843","postal":"238843"}},{"type":"Feature","geometry":{"type":"Point","coordinates":[103.839718297372,1.30179446738805]},"properties":{"searchval":"176, ORCHARD ROAD, #B1-01/02/03/04, THE CENTREPOINT, SG(238843)","blk_no":"176","road_name":"ORCHARD ROAD","building":"JM BALLET & DANCE THE CENTREPOINT","building_name":"Guardian Pharmacy (The Centrepoint)","building_type":"PHARMACY","address":"176 ORCHARD ROAD JM BALLET & DANCE THE CENTREPOINT SINGAPORE 238843","postal":"238843"}},{"type":"Feature","geometry":{"type":"Point","coordinates":[103.83949287521,1.30175635501377]},"properties":{"searchval":"176, ORCHARD ROAD, #B1-01/02/03/04, THE CENTREPOINT, SG(238843)","blk_no":"176","road_name":"ORCHARD ROAD","building":"JUNIOR PAGE THE CENTREPOINT","building_name":"Guardian Pharmacy (The Centrepoint)","building_type":"PHARMACY","address":"176 ORCHARD ROAD JUNIOR PAGE THE CENTREPOINT SINGAPORE 238843","postal":"238843"}},{"type":"Feature","geometry":{"type":"Point","coordinates":[103.839789615889,1.301555331879]},"properties":{"searchval":"176, ORCHARD ROAD, #B1-01/02/03/04, THE CENTREPOINT, SG(238843)","blk_no":"176","road_name":"ORCHARD ROAD","building":"JUSTCO THE CENTREPOINT","building_name":"Guardian Pharmacy (The Centrepoint)","building_type":"PHARMACY","address":"176 ORCHARD ROAD JUSTCO THE CENTREPOINT SINGAPORE 238843","postal":"238843"}},{"type":"Feature","geometry":{"type":"Point","coordinates":[103.871750105256,1.33869419209869]},"properties":{"searchval":"11, BIDADARI PARK DRIVE, #B1-36, THE WOODLEIGH MALL, SG(367803)","blk_no":"11","road_name":"BIDADARI PARK DRIVE","building":"BIDADARI COMMUNITY CENTRE","building_name":"Guardian Pharmacy (The Woodleigh Mall)","building_type":"PHARMACY","address":"11 BIDADARI PARK DRIVE BIDADARI COMMUNITY CENTRE SINGAPORE 367803","postal":"367803"}},{"type":"Feature","geometry":{"type":"Point","coordinates":[103.871670008192,1.33873066388191]},"properties":{"searchval":"11, BIDADARI PARK DRIVE, #B1-36, THE WOODLEIGH MALL, SG(367803)","blk_no":"11","road_name":"BIDADARI PARK DRIVE","building":"THE WOODLEIGH MALL","building_name":"Guardian Pharmacy (The Woodleigh Mall)","building_type":"PHARMACY","address":"11 BIDADARI PARK DRIVE THE WOODLEIGH MALL SINGAPORE 367803","postal":"367803"}},{"type":"Feature","geometry":{"type":"Point","coordinates":[103.830919782333,1.35466902496424]},"properties":{"searchval":"301, UPPER THOMSON ROAD, #03-28, THOMSON PLAZA, SG(574408)","blk_no":"301","road_name":"UPPER THOMSON ROAD","building":"THOMSON PLAZA","building_name":"Guardian Pharmacy (Thomson)","building_type":"PHARMACY","address":"301 UPPER THOMSON ROAD THOMSON PLAZA SINGAPORE 574408","postal":"574408"}},{"type":"Feature","geometry":{"type":"Point","coordinates":[103.826935079694,1.28646345355064]},"properties":{"searchval":"302, TIONG BAHRU ROAD, #B1-125, TIONG BAHRU PLAZA, SG(168732)","blk_no":"302","road_name":"TIONG BAHRU ROAD","building":"GOLDEN VILLAGE (GV TIONG BAHRU)","building_name":"Guardian Pharmacy (Tiong Bahru Plaza)","building_type":"PHARMACY","address":"302 TIONG BAHRU ROAD GOLDEN VILLAGE (GV TIONG BAHRU) SINGAPORE 168732","postal":"168732"}},{"type":"Feature","geometry":{"type":"Point","coordinates":[103.827015256194,1.28645889472825]},"properties":{"searchval":"302, TIONG BAHRU ROAD, #B1-125, TIONG BAHRU PLAZA, SG(168732)","blk_no":"302","road_name":"TIONG BAHRU ROAD","building":"TIONG BAHRU PLAZA","building_name":"Guardian Pharmacy (Tiong Bahru Plaza)","building_type":"PHARMACY","address":"302 TIONG BAHRU ROAD TIONG BAHRU PLAZA SINGAPORE 168732","postal":"168732"}},{"type":"Feature","geometry":{"type":"Point","coordinates":[103.848832062985,1.33297850244995]},"properties":{"searchval":"190, LORONG 6 TOA PAYOH, #01-578, SG(310190)","blk_no":"190","road_name":"LORONG 6 TOA PAYOH","building":"CARE 24-HR MEDICAL CENTRE","building_name":"Guardian Pharmacy (Toa Payoh Blk 190)","building_type":"PHARMACY","address":"190 LORONG 6 TOA PAYOH CARE 24-HR MEDICAL CENTRE SINGAPORE 310190","postal":"310190"}},{"type":"Feature","geometry":{"type":"Point","coordinates":[103.848761042692,1.33297850289872]},"properties":{"searchval":"190, LORONG 6 TOA PAYOH, #01-578, SG(310190)","blk_no":"190","road_name":"LORONG 6 TOA PAYOH","building":"HDB TOA PAYOH BRANCH","building_name":"Guardian Pharmacy (Toa Payoh Blk 190)","building_type":"PHARMACY","address":"190 LORONG 6 TOA PAYOH HDB TOA PAYOH BRANCH SINGAPORE 310190","postal":"310190"}},{"type":"Feature","geometry":{"type":"Point","coordinates":[103.848704963894,1.33297913475343]},"properties":{"searchval":"190, LORONG 6 TOA PAYOH, #01-578, SG(310190)","blk_no":"190","road_name":"LORONG 6 TOA PAYOH","building":"TOA PAYOH CENTRAL","building_name":"Guardian Pharmacy (Toa Payoh Blk 190)","building_type":"PHARMACY","address":"190 LORONG 6 TOA PAYOH TOA PAYOH CENTRAL SINGAPORE 310190","postal":"310190"}},{"type":"Feature","geometry":{"type":"Point","coordinates":[103.843670754851,1.31742800767635]},"properties":{"searchval":"101, THOMSON ROAD, #B1-28, UNITED SQUARE, SG(307591)","blk_no":"101","road_name":"THOMSON ROAD","building":"CONSULATE OF THE REPUBLIC OF VANUATU","building_name":"Guardian Pharmacy (United Square 2)","building_type":"PHARMACY","address":"101 THOMSON ROAD CONSULATE OF THE REPUBLIC OF VANUATU SINGAPORE 307591","postal":"307591"}},{"type":"Feature","geometry":{"type":"Point","coordinates":[103.843773665257,1.31717838140911]},"properties":{"searchval":"101, THOMSON ROAD, #B1-28, UNITED SQUARE, SG(307591)","blk_no":"101","road_name":"THOMSON ROAD","building":"EMBASSY OF FINLAND","building_name":"Guardian Pharmacy (United Square 2)","building_type":"PHARMACY","address":"101 THOMSON ROAD EMBASSY OF FINLAND SINGAPORE 307591","postal":"307591"}},{"type":"Feature","geometry":{"type":"Point","coordinates":[103.843483874437,1.31717838261386]},"properties":{"searchval":"101, THOMSON ROAD, #B1-28, UNITED SQUARE, SG(307591)","blk_no":"101","road_name":"THOMSON ROAD","building":"EMBASSY OF ITALY","building_name":"Guardian Pharmacy (United Square 2)","building_type":"PHARMACY","address":"101 THOMSON ROAD EMBASSY OF ITALY SINGAPORE 307591","postal":"307591"}},{"type":"Feature","geometry":{"type":"Point","coordinates":[103.84359772147,1.31733463164923]},"properties":{"searchval":"101, THOMSON ROAD, #B1-28, UNITED SQUARE, SG(307591)","blk_no":"101","road_name":"THOMSON ROAD","building":"EMBASSY OF THE FEDERATIVE REPUBLIC OF BRAZIL","building_name":"Guardian Pharmacy (United Square 2)","building_type":"PHARMACY","address":"101 THOMSON ROAD EMBASSY OF THE FEDERATIVE REPUBLIC OF BRAZIL SINGAPORE 307591","postal":"307591"}},{"type":"Feature","geometry":{"type":"Point","coordinates":[103.843467873787,1.3174681648649]},"properties":{"searchval":"101, THOMSON ROAD, #B1-28, UNITED SQUARE, SG(307591)","blk_no":"101","road_name":"THOMSON ROAD","building":"EMBASSY OF THE REPUBLIC OF MALDIVES","building_name":"Guardian Pharmacy (United Square 2)","building_type":"PHARMACY","address":"101 THOMSON ROAD EMBASSY OF THE REPUBLIC OF MALDIVES SINGAPORE 307591","postal":"307591"}},{"type":"Feature","geometry":{"type":"Point","coordinates":[103.843463184971,1.31733464260511]},"properties":{"searchval":"101, THOMSON ROAD, #B1-28, UNITED SQUARE, SG(307591)","blk_no":"101","road_name":"THOMSON ROAD","building":"GUG THE KINDERGARTEN","building_name":"Guardian Pharmacy (United Square 2)","building_type":"PHARMACY","address":"101 THOMSON ROAD GUG THE KINDERGARTEN SINGAPORE 307591","postal":"307591"}},{"type":"Feature","geometry":{"type":"Point","coordinates":[103.843866811519,1.31699088160901]},"properties":{"searchval":"101, THOMSON ROAD, #B1-28, UNITED SQUARE, SG(307591)","blk_no":"101","road_name":"THOMSON ROAD","building":"ITALIAN SUPPLEMENTARY SCHOOL (EMBASSY OF ITALY)","building_name":"Guardian Pharmacy (United Square 2)","building_type":"PHARMACY","address":"101 THOMSON ROAD ITALIAN SUPPLEMENTARY SCHOOL (EMBASSY OF ITALY) SINGAPORE 307591","postal":"307591"}},{"type":"Feature","geometry":{"type":"Point","coordinates":[103.843463175724,1.31733463220331]},"properties":{"searchval":"101, THOMSON ROAD, #B1-28, UNITED SQUARE, SG(307591)","blk_no":"101","road_name":"THOMSON ROAD","building":"ROYAL DANISH EMBASSY","building_name":"Guardian Pharmacy (United Square 2)","building_type":"PHARMACY","address":"101 THOMSON ROAD ROYAL DANISH EMBASSY SINGAPORE 307591","postal":"307591"}},{"type":"Feature","geometry":{"type":"Point","coordinates":[103.843611443038,1.31719450988559]},"properties":{"searchval":"101, THOMSON ROAD, #B1-28, UNITED SQUARE, SG(307591)","blk_no":"101","road_name":"THOMSON ROAD","building":"UNITED SQUARE","building_name":"Guardian Pharmacy (United Square 2)","building_type":"PHARMACY","address":"101 THOMSON ROAD UNITED SQUARE SINGAPORE 307591","postal":"307591"}},{"type":"Feature","geometry":{"type":"Point","coordinates":[103.82207343835,1.26431382492761]},"properties":{"searchval":"1, HARBOURFRONT WALK, #02-79, VIVO CITY, SG(098585)","blk_no":"1","road_name":"HARBOURFRONT WALK","building":"GOLDEN VILLAGE (GV VIVOCITY)","building_name":"Guardian Pharmacy (Vivo)","building_type":"PHARMACY","address":"1 HARBOURFRONT WALK GOLDEN VILLAGE (GV VIVOCITY) SINGAPORE 098585","postal":"098585"}},{"type":"Feature","geometry":{"type":"Point","coordinates":[103.821589247996,1.26389581240004]},"properties":{"searchval":"1, HARBOURFRONT WALK, #02-79, VIVO CITY, SG(098585)","blk_no":"1","road_name":"HARBOURFRONT WALK","building":"LIBRARY@HARBOURFRONT","building_name":"Guardian Pharmacy (Vivo)","building_type":"PHARMACY","address":"1 HARBOURFRONT WALK LIBRARY@HARBOURFRONT SINGAPORE 098585","postal":"098585"}},{"type":"Feature","geometry":{"type":"Point","coordinates":[103.822596222416,1.26427434061441]},"properties":{"searchval":"1, HARBOURFRONT WALK, #02-79, VIVO CITY, SG(098585)","blk_no":"1","road_name":"HARBOURFRONT WALK","building":"MORIAH ASSEMBLY OF GOD","building_name":"Guardian Pharmacy (Vivo)","building_type":"PHARMACY","address":"1 HARBOURFRONT WALK MORIAH ASSEMBLY OF GOD SINGAPORE 098585","postal":"098585"}},{"type":"Feature","geometry":{"type":"Point","coordinates":[103.82230469365,1.26429316783973]},"properties":{"searchval":"1, HARBOURFRONT WALK, #02-79, VIVO CITY, SG(098585)","blk_no":"1","road_name":"HARBOURFRONT WALK","building":"VIVOCITY","building_name":"Guardian Pharmacy (Vivo)","building_type":"PHARMACY","address":"1 HARBOURFRONT WALK VIVOCITY SINGAPORE 098585","postal":"098585"}},{"type":"Feature","geometry":{"type":"Point","coordinates":[103.931999887543,1.37210169874539]},"properties":{"searchval":"21, TAMPINES NORTH DRIVE 2, #01-01, GIANT, SG(528765)","blk_no":"21","road_name":"TAMPINES NORTH DRIVE 2","building":"GIANT","building_name":"Guardian Pharmacy (WRS)","building_type":"PHARMACY","address":"21 TAMPINES NORTH DRIVE 2 GIANT SINGAPORE 528765","postal":"528765"}},{"type":"Feature","geometry":{"type":"Point","coordinates":[103.749171990184,1.34992152880216]},"properties":{"searchval":"1, BUKIT BATOK CENTRAL LINK, #01-27, WEST MALL, SG(658713)","blk_no":"1","road_name":"BUKIT BATOK CENTRAL LINK","building":"BUKIT BATOK CENTRAL POST OFFICE","building_name":"Guardian Pharmacy (West Mall)","building_type":"PHARMACY","address":"1 BUKIT BATOK CENTRAL LINK BUKIT BATOK CENTRAL POST OFFICE SINGAPORE 658713","postal":"658713"}},{"type":"Feature","geometry":{"type":"Point","coordinates":[103.749206181636,1.34976579038656]},"properties":{"searchval":"1, BUKIT BATOK CENTRAL LINK, #01-27, WEST MALL, SG(658713)","blk_no":"1","road_name":"BUKIT BATOK CENTRAL LINK","building":"BUKIT BATOK PUBLIC LIBRARY","building_name":"Guardian Pharmacy (West Mall)","building_type":"PHARMACY","address":"1 BUKIT BATOK CENTRAL LINK BUKIT BATOK PUBLIC LIBRARY SINGAPORE 658713","postal":"658713"}},{"type":"Feature","geometry":{"type":"Point","coordinates":[103.749244800677,1.35001920979845]},"properties":{"searchval":"1, BUKIT BATOK CENTRAL LINK, #01-27, WEST MALL, SG(658713)","blk_no":"1","road_name":"BUKIT BATOK CENTRAL LINK","building":"WEST MALL","building_name":"Guardian Pharmacy (West Mall)","building_type":"PHARMACY","address":"1 BUKIT BATOK CENTRAL LINK WEST MALL SINGAPORE 658713","postal":"658713"}},{"type":"Feature","geometry":{"type":"Point","coordinates":[103.949763493981,1.3724564071358]},"properties":{"searchval":"1, PASIR RIS CENTRAL STREET 3, #01-12, SG(518457)","blk_no":"1","road_name":"PASIR RIS CENTRAL STREET 3","building":"PASIR RIS PUBLIC LIBRARY","building_name":"Guardian Pharmacy (White Sands Mall)","building_type":"PHARMACY","address":"1 PASIR RIS CENTRAL STREET 3 PASIR RIS PUBLIC LIBRARY SINGAPORE 518457","postal":"518457"}},{"type":"Feature","geometry":{"type":"Point","coordinates":[103.949715694737,1.37244981663527]},"properties":{"searchval":"1, PASIR RIS CENTRAL STREET 3, #01-12, SG(518457)","blk_no":"1","road_name":"PASIR RIS CENTRAL STREET 3","building":"WHITE SANDS","building_name":"Guardian Pharmacy (White Sands Mall)","building_type":"PHARMACY","address":"1 PASIR RIS CENTRAL STREET 3 WHITE SANDS SINGAPORE 518457","postal":"518457"}},{"type":"Feature","geometry":{"type":"Point","coordinates":[103.747405150236,1.39753506936297]},"properties":{"searchval":"61, CHOA CHU KANG DRIVE, #01-02A, YEW TEE MRT STATION, SG(689715)","blk_no":"61","road_name":"CHOA CHU KANG DRIVE","building":"YEW TEE MRT STATION (NS5)","building_name":"Guardian Pharmacy (Yew Tee MRT)","building_type":"PHARMACY","address":"61 CHOA CHU KANG DRIVE YEW TEE MRT STATION (NS5) SINGAPORE 689715","postal":"689715"}},{"type":"Feature","geometry":{"type":"Point","coordinates":[103.905046110228,1.30520653617341]},"properties":{"searchval":"112, EAST COAST ROAD, #B1-15/16, 112 KATONG, SG(428802)","blk_no":"112","road_name":"EAST COAST ROAD","building":"112 KATONG","building_name":"Guardian Pharmacy (i12 Katong )","building_type":"PHARMACY","address":"112 EAST COAST ROAD 112 KATONG SINGAPORE 428802","postal":"428802"}},{"type":"Feature","geometry":{"type":"Point","coordinates":[103.905101873935,1.30522461599039]},"properties":{"searchval":"112, EAST COAST ROAD, #B1-15/16, 112 KATONG, SG(428802)","blk_no":"112","road_name":"EAST COAST ROAD","building":"GOLDEN VILLAGE (GV KATONG)","building_name":"Guardian Pharmacy (i12 Katong )","building_type":"PHARMACY","address":"112 EAST COAST ROAD GOLDEN VILLAGE (GV KATONG) SINGAPORE 428802","postal":"428802"}},{"type":"Feature","geometry":{"type":"Point","coordinates":[103.836779950973,1.28197500877858]},"properties":{"searchval":"1, HOSPITAL CRESCENT, #02-00, SINGAPORE GENERAL HOSPITAL, SG(169608)","blk_no":"1","road_name":"HOSPITAL CRESCENT","building":"MORTUARY@HSA","building_name":"Haematology Pharmacy (Block 7)","building_type":"PHARMACY","address":"1 HOSPITAL CRESCENT MORTUARY@HSA SINGAPORE 169608","postal":"169608"}},{"type":"Feature","geometry":{"type":"Point","coordinates":[103.836788922432,1.28197419386318]},"properties":{"searchval":"1, HOSPITAL CRESCENT, #02-00, SINGAPORE GENERAL HOSPITAL, SG(169608)","blk_no":"1","road_name":"HOSPITAL CRESCENT","building":"MORTUARY@HSA, BLK 9","building_name":"Haematology Pharmacy (Block 7)","building_type":"PHARMACY","address":"1 HOSPITAL CRESCENT MORTUARY@HSA, BLK 9 SINGAPORE 169608","postal":"169608"}},{"type":"Feature","geometry":{"type":"Point","coordinates":[103.830721773534,1.27993968752129]},"properties":{"searchval":"1, HOSPITAL CRESCENT, #02-00, SINGAPORE GENERAL HOSPITAL, SG(169608)","blk_no":"1","road_name":"HOSPITAL CRESCENT","building":"MSCP 'H'","building_name":"Haematology Pharmacy (Block 7)","building_type":"PHARMACY","address":"1 HOSPITAL CRESCENT MSCP 'H' SINGAPORE 169608","postal":"169608"}},{"type":"Feature","geometry":{"type":"Point","coordinates":[103.835541764663,1.27964383970221]},"properties":{"searchval":"1, HOSPITAL CRESCENT, #02-00, SINGAPORE GENERAL HOSPITAL, SG(169608)","blk_no":"1","road_name":"HOSPITAL CRESCENT","building":"SINGAPORE GENERAL HOSPITAL","building_name":"Haematology Pharmacy (Block 7)","building_type":"PHARMACY","address":"1 HOSPITAL CRESCENT SINGAPORE GENERAL HOSPITAL SINGAPORE 169608","postal":"169608"}},{"type":"Feature","geometry":{"type":"Point","coordinates":[103.834043063918,1.27842873276778]},"properties":{"searchval":"1, HOSPITAL CRESCENT, #02-00, SINGAPORE GENERAL HOSPITAL, SG(169608)","blk_no":"1","road_name":"HOSPITAL CRESCENT","building":"SINGAPORE GENERAL HOSPITAL (BLK 1)","building_name":"Haematology Pharmacy (Block 7)","building_type":"PHARMACY","address":"1 HOSPITAL CRESCENT SINGAPORE GENERAL HOSPITAL (BLK 1) SINGAPORE 169608","postal":"169608"}},{"type":"Feature","geometry":{"type":"Point","coordinates":[103.83501392087,1.2791186983313]},"properties":{"searchval":"1, HOSPITAL CRESCENT, #02-00, SINGAPORE GENERAL HOSPITAL, SG(169608)","blk_no":"1","road_name":"HOSPITAL CRESCENT","building":"SINGAPORE GENERAL HOSPITAL (BLK 2)","building_name":"Haematology Pharmacy (Block 7)","building_type":"PHARMACY","address":"1 HOSPITAL CRESCENT SINGAPORE GENERAL HOSPITAL (BLK 2) SINGAPORE 169608","postal":"169608"}},{"type":"Feature","geometry":{"type":"Point","coordinates":[103.834303289652,1.27894157919189]},"properties":{"searchval":"1, HOSPITAL CRESCENT, #02-00, SINGAPORE GENERAL HOSPITAL, SG(169608)","blk_no":"1","road_name":"HOSPITAL CRESCENT","building":"SINGAPORE GENERAL HOSPITAL (BLK 3)","building_name":"Haematology Pharmacy (Block 7)","building_type":"PHARMACY","address":"1 HOSPITAL CRESCENT SINGAPORE GENERAL HOSPITAL (BLK 3) SINGAPORE 169608","postal":"169608"}},{"type":"Feature","geometry":{"type":"Point","coordinates":[103.835287765646,1.27952327665787]},"properties":{"searchval":"1, HOSPITAL CRESCENT, #02-00, SINGAPORE GENERAL HOSPITAL, SG(169608)","blk_no":"1","road_name":"HOSPITAL CRESCENT","building":"SINGAPORE GENERAL HOSPITAL (BLK 4)","building_name":"Haematology Pharmacy (Block 7)","building_type":"PHARMACY","address":"1 HOSPITAL CRESCENT SINGAPORE GENERAL HOSPITAL (BLK 4) SINGAPORE 169608","postal":"169608"}},{"type":"Feature","geometry":{"type":"Point","coordinates":[103.834549233006,1.27942106246431]},"properties":{"searchval":"1, HOSPITAL CRESCENT, #02-00, SINGAPORE GENERAL HOSPITAL, SG(169608)","blk_no":"1","road_name":"HOSPITAL CRESCENT","building":"SINGAPORE GENERAL HOSPITAL (BLK 5)","building_name":"Haematology Pharmacy (Block 7)","building_type":"PHARMACY","address":"1 HOSPITAL CRESCENT SINGAPORE GENERAL HOSPITAL (BLK 5) SINGAPORE 169608","postal":"169608"}},{"type":"Feature","geometry":{"type":"Point","coordinates":[103.836314417434,1.28055530723361]},"properties":{"searchval":"1, HOSPITAL CRESCENT, #02-00, SINGAPORE GENERAL HOSPITAL, SG(169608)","blk_no":"1","road_name":"HOSPITAL CRESCENT","building":"SINGAPORE GENERAL HOSPITAL (BLK A)","building_name":"Haematology Pharmacy (Block 7)","building_type":"PHARMACY","address":"1 HOSPITAL CRESCENT SINGAPORE GENERAL HOSPITAL (BLK A) SINGAPORE 169608","postal":"169608"}},{"type":"Feature","geometry":{"type":"Point","coordinates":[103.840355932686,1.38401946148579]},"properties":{"searchval":"17, ANG MO KIO AVENUE 9, #01-00, ANG MO KIO COMMUNITY HOSPITAL, SG(569766)","blk_no":"17","road_name":"ANG MO KIO AVENUE 9","building":"ANG MO KIO SENIOR CITIZENS HEALTH CARE CENTRE","building_name":"Healing Hub @ Ang Mo Kio - Thye Hua Kwan Hospital","building_type":"PHARMACY","address":"17 ANG MO KIO AVENUE 9 ANG MO KIO SENIOR CITIZENS HEALTH CARE CENTRE SINGAPORE 569766","postal":"569766"}},{"type":"Feature","geometry":{"type":"Point","coordinates":[103.840356912671,1.38403248432085]},"properties":{"searchval":"17, ANG MO KIO AVENUE 9, #01-00, ANG MO KIO COMMUNITY HOSPITAL, SG(569766)","blk_no":"17","road_name":"ANG MO KIO AVENUE 9","building":"ANG MO KIO-THYE HUA KWAN HOSPITAL","building_name":"Healing Hub @ Ang Mo Kio - Thye Hua Kwan Hospital","building_type":"PHARMACY","address":"17 ANG MO KIO AVENUE 9 ANG MO KIO-THYE HUA KWAN HOSPITAL SINGAPORE 569766","postal":"569766"}},{"type":"Feature","geometry":{"type":"Point","coordinates":[103.840355932686,1.38401946148579]},"properties":{"searchval":"17, ANG MO KIO AVENUE 9, #01-00, ANG MO KIO COMMUNITY HOSPITAL, SG(569766)","blk_no":"17","road_name":"ANG MO KIO AVENUE 9","building":"GENERAL OUTPATIENT CLINIC (ANG MO KIO-THYE HUA KWAN HOSPITAL)","building_name":"Healing Hub @ Ang Mo Kio - Thye Hua Kwan Hospital","building_type":"PHARMACY","address":"17 ANG MO KIO AVENUE 9 GENERAL OUTPATIENT CLINIC (ANG MO KIO-THYE HUA KWAN HOSPITAL) SINGAPORE 569766","postal":"569766"}},{"type":"Feature","geometry":{"type":"Point","coordinates":[103.840397755873,1.38416725982776]},"properties":{"searchval":"17, ANG MO KIO AVENUE 9, #01-00, ANG MO KIO COMMUNITY HOSPITAL, SG(569766)","blk_no":"17","road_name":"ANG MO KIO AVENUE 9","building":"TAN TOCK SENG HOSPITAL REHABILITATION CENTRE","building_name":"Healing Hub @ Ang Mo Kio - Thye Hua Kwan Hospital","building_type":"PHARMACY","address":"17 ANG MO KIO AVENUE 9 TAN TOCK SENG HOSPITAL REHABILITATION CENTRE SINGAPORE 569766","postal":"569766"}},{"type":"Feature","geometry":{"type":"Point","coordinates":[103.746634963937,1.33260943666141]},"properties":{"searchval":"1, JURONG EAST STREET 21, #01-01, SG(609606)","blk_no":"1","road_name":"JURONG EAST STREET 21","building":"JURONG COMMUNITY HOSPITAL","building_name":"Jurong Community Hospital Pharmacy","building_type":"PHARMACY","address":"1 JURONG EAST STREET 21 JURONG COMMUNITY HOSPITAL SINGAPORE 609606","postal":"609606"}},{"type":"Feature","geometry":{"type":"Point","coordinates":[103.745448362928,1.33360619131534]},"properties":{"searchval":"1, JURONG EAST STREET 21, #01-01, SG(609606)","blk_no":"1","road_name":"JURONG EAST STREET 21","building":"NG TENG FONG GENERAL HOSPITAL","building_name":"Jurong Community Hospital Pharmacy","building_type":"PHARMACY","address":"1 JURONG EAST STREET 21 NG TENG FONG GENERAL HOSPITAL SINGAPORE 609606","postal":"609606"}},{"type":"Feature","geometry":{"type":"Point","coordinates":[103.74422181587,1.33468279439727]},"properties":{"searchval":"1, JURONG EAST STREET 21, #01-01, SG(609606)","blk_no":"1","road_name":"JURONG EAST STREET 21","building":"NG TENG FONG GENERAL HOSPITAL (TOWER A)","building_name":"Jurong Community Hospital Pharmacy","building_type":"PHARMACY","address":"1 JURONG EAST STREET 21 NG TENG FONG GENERAL HOSPITAL (TOWER A) SINGAPORE 609606","postal":"609606"}},{"type":"Feature","geometry":{"type":"Point","coordinates":[103.745566861424,1.33346311444808]},"properties":{"searchval":"1, JURONG EAST STREET 21, #01-01, SG(609606)","blk_no":"1","road_name":"JURONG EAST STREET 21","building":"NG TENG FONG GENERAL HOSPITAL (TOWER B)","building_name":"Jurong Community Hospital Pharmacy","building_type":"PHARMACY","address":"1 JURONG EAST STREET 21 NG TENG FONG GENERAL HOSPITAL (TOWER B) SINGAPORE 609606","postal":"609606"}},{"type":"Feature","geometry":{"type":"Point","coordinates":[103.746622647549,1.33268762821723]},"properties":{"searchval":"1, JURONG EAST STREET 21, #01-01, SG(609606)","blk_no":"1","road_name":"JURONG EAST STREET 21","building":"NG TENG FONG GENERAL HOSPITAL (TOWER C)","building_name":"Jurong Community Hospital Pharmacy","building_type":"PHARMACY","address":"1 JURONG EAST STREET 21 NG TENG FONG GENERAL HOSPITAL (TOWER C) SINGAPORE 609606","postal":"609606"}},{"type":"Feature","geometry":{"type":"Point","coordinates":[103.704549717701,1.34051876831483]},"properties":{"searchval":"60, JURONG WEST CENTRAL 3, #01-08, SG(648346)","blk_no":"60","road_name":"JURONG WEST CENTRAL 3","building":"JURONG MEDICAL CENTRE","building_name":"Jurong Medical Centre Pharmacy","building_type":"PHARMACY","address":"60 JURONG WEST CENTRAL 3 JURONG MEDICAL CENTRE SINGAPORE 648346","postal":"648346"}},{"type":"Feature","geometry":{"type":"Point","coordinates":[103.704526876366,1.34056124596453]},"properties":{"searchval":"60, JURONG WEST CENTRAL 3, #01-08, SG(648346)","blk_no":"60","road_name":"JURONG WEST CENTRAL 3","building":"JURONG WEST COMMUNITY BUILDING","building_name":"Jurong Medical Centre Pharmacy","building_type":"PHARMACY","address":"60 JURONG WEST CENTRAL 3 JURONG WEST COMMUNITY BUILDING SINGAPORE 648346","postal":"648346"}},{"type":"Feature","geometry":{"type":"Point","coordinates":[103.704494894386,1.34038194995028]},"properties":{"searchval":"60, JURONG WEST CENTRAL 3, #01-08, SG(648346)","blk_no":"60","road_name":"JURONG WEST CENTRAL 3","building":"JURONG WEST PUBLIC LIBRARY","building_name":"Jurong Medical Centre Pharmacy","building_type":"PHARMACY","address":"60 JURONG WEST CENTRAL 3 JURONG WEST PUBLIC LIBRARY SINGAPORE 648346","postal":"648346"}},{"type":"Feature","geometry":{"type":"Point","coordinates":[103.704578228432,1.34075079509602]},"properties":{"searchval":"60, JURONG WEST CENTRAL 3, #01-08, SG(648346)","blk_no":"60","road_name":"JURONG WEST CENTRAL 3","building":"THE FRONTIER COMMUNITY CLUB","building_name":"Jurong Medical Centre Pharmacy","building_type":"PHARMACY","address":"60 JURONG WEST CENTRAL 3 THE FRONTIER COMMUNITY CLUB SINGAPORE 648346","postal":"648346"}},{"type":"Feature","geometry":{"type":"Point","coordinates":[103.846650072852,1.31044853126535]},"properties":{"searchval":"100, BUKIT TIMAH ROAD, #B1-0V92A, KK WOMEN'S AND CHILDREN'S HOSPITAL, SG(229899)","blk_no":"100","road_name":"BUKIT TIMAH ROAD","building":"CHILDREN'S EMERGENCY (KK WOMEN'S AND CHILDREN'S HOSPITAL)","building_name":"KK Emergency Pharmacy","building_type":"PHARMACY","address":"100 BUKIT TIMAH ROAD CHILDREN'S EMERGENCY (KK WOMEN'S AND CHILDREN'S HOSPITAL) SINGAPORE 229899","postal":"229899"}},{"type":"Feature","geometry":{"type":"Point","coordinates":[103.84681332162,1.31049007429064]},"properties":{"searchval":"100, BUKIT TIMAH ROAD, #B1-0V92A, KK WOMEN'S AND CHILDREN'S HOSPITAL, SG(229899)","blk_no":"100","road_name":"BUKIT TIMAH ROAD","building":"KK WOMEN'S AND CHILDREN'S HOSPITAL","building_name":"KK Emergency Pharmacy","building_type":"PHARMACY","address":"100 BUKIT TIMAH ROAD KK WOMEN'S AND CHILDREN'S HOSPITAL SINGAPORE 229899","postal":"229899"}},{"type":"Feature","geometry":{"type":"Point","coordinates":[103.846650072852,1.31044853126535]},"properties":{"searchval":"100, BUKIT TIMAH ROAD, #B1-0V92A, KK WOMEN'S AND CHILDREN'S HOSPITAL, SG(229899)","blk_no":"100","road_name":"BUKIT TIMAH ROAD","building":"WOMEN'S 24-HOUR CLINIC (KK WOMEN'S AND CHILDREN'S HOSPITAL)","building_name":"KK Emergency Pharmacy","building_type":"PHARMACY","address":"100 BUKIT TIMAH ROAD WOMEN'S 24-HOUR CLINIC (KK WOMEN'S AND CHILDREN'S HOSPITAL) SINGAPORE 229899","postal":"229899"}},{"type":"Feature","geometry":{"type":"Point","coordinates":[103.846650072852,1.31044853126535]},"properties":{"searchval":"100, BUKIT TIMAH ROAD, #01-1R20A, KK WOMEN'S AND CHILDREN'S HOSPITAL, SG(229899)","blk_no":"100","road_name":"BUKIT TIMAH ROAD","building":"CHILDREN'S EMERGENCY (KK WOMEN'S AND CHILDREN'S HOSPITAL)","building_name":"KK Outpatient Pharmacy","building_type":"PHARMACY","address":"100 BUKIT TIMAH ROAD CHILDREN'S EMERGENCY (KK WOMEN'S AND CHILDREN'S HOSPITAL) SINGAPORE 229899","postal":"229899"}},{"type":"Feature","geometry":{"type":"Point","coordinates":[103.84681332162,1.31049007429064]},"properties":{"searchval":"100, BUKIT TIMAH ROAD, #01-1R20A, KK WOMEN'S AND CHILDREN'S HOSPITAL, SG(229899)","blk_no":"100","road_name":"BUKIT TIMAH ROAD","building":"KK WOMEN'S AND CHILDREN'S HOSPITAL","building_name":"KK Outpatient Pharmacy","building_type":"PHARMACY","address":"100 BUKIT TIMAH ROAD KK WOMEN'S AND CHILDREN'S HOSPITAL SINGAPORE 229899","postal":"229899"}},{"type":"Feature","geometry":{"type":"Point","coordinates":[103.846650072852,1.31044853126535]},"properties":{"searchval":"100, BUKIT TIMAH ROAD, #01-1R20A, KK WOMEN'S AND CHILDREN'S HOSPITAL, SG(229899)","blk_no":"100","road_name":"BUKIT TIMAH ROAD","building":"WOMEN'S 24-HOUR CLINIC (KK WOMEN'S AND CHILDREN'S HOSPITAL)","building_name":"KK Outpatient Pharmacy","building_type":"PHARMACY","address":"100 BUKIT TIMAH ROAD WOMEN'S 24-HOUR CLINIC (KK WOMEN'S AND CHILDREN'S HOSPITAL) SINGAPORE 229899","postal":"229899"}},{"type":"Feature","geometry":{"type":"Point","coordinates":[103.83857888869,1.42408101871819]},"properties":{"searchval":"90, YISHUN CENTRAL, #LVL 1-TOWER C, KHOO TECK PUAT HOSPITAL, SG(768828)","blk_no":"90","road_name":"YISHUN CENTRAL","building":"KHOO TECK PUAT HOSPITAL","building_name":"Khoo Teck Puat Hospital Pharmacy","building_type":"PHARMACY","address":"90 YISHUN CENTRAL KHOO TECK PUAT HOSPITAL SINGAPORE 768828","postal":"768828"}},{"type":"Feature","geometry":{"type":"Point","coordinates":[103.837853665964,1.42387760839406]},"properties":{"searchval":"90, YISHUN CENTRAL, #LVL 1-TOWER C, KHOO TECK PUAT HOSPITAL, SG(768828)","blk_no":"90","road_name":"YISHUN CENTRAL","building":"THE LITTLE SKOOL-HOUSE INTERNATIONAL PTE LTD","building_name":"Khoo Teck Puat Hospital Pharmacy","building_type":"PHARMACY","address":"90 YISHUN CENTRAL THE LITTLE SKOOL-HOUSE INTERNATIONAL PTE LTD SINGAPORE 768828","postal":"768828"}},{"type":"Feature","geometry":{"type":"Point","coordinates":[103.862331661034,1.30231590504573]},"properties":{"searchval":"371, BEACH ROAD, #B1-12, CITY GATE, SG(199597)","blk_no":"371","road_name":"BEACH ROAD","building":"CITY GATE","building_name":"MANAPHARMA PHARMACY","building_type":"PHARMACY","address":"371 BEACH ROAD CITY GATE SINGAPORE 199597","postal":"199597"}},{"type":"Feature","geometry":{"type":"Point","coordinates":[103.861188606169,1.30811749102335]},"properties":{"searchval":"803, KING GEORGE'S AVENUE, #02-182, SG(200803)","blk_no":"803","road_name":"KING GEORGE'S AVENUE","building":"NIL","building_name":"MEDI-LINK PHARMACY","building_type":"PHARMACY","address":"803 KING GEORGE'S AVENUE SINGAPORE 200803","postal":"200803"}},{"type":"Feature","geometry":{"type":"Point","coordinates":[103.855002052529,1.31053493112425]},"properties":{"searchval":"145, SYED ALWI ROAD, #01-00, MUSTAFA CENTRE, SG(207704)","blk_no":"145","road_name":"SYED ALWI ROAD","building":"NIL","building_name":"MOHAMED MUSTAFA & SAMSUDDIN CO PTE LTD (MUSTAFA CENTRE)","building_type":"PHARMACY","address":"145 SYED ALWI ROAD SINGAPORE 207704","postal":"207704"}},{"type":"Feature","geometry":{"type":"Point","coordinates":[103.835473484678,1.30540799662074]},"properties":{"searchval":"3, MOUNT ELIZABETH, #02-01, MOUNT ELIZABETH HOSPITAL, SG(228510)","blk_no":"3","road_name":"MOUNT ELIZABETH","building":"MOUNT ELIZABETH HOSPITAL","building_name":"MOUNT ELIZABETH HOSPITAL PHARMACY","building_type":"PHARMACY","address":"3 MOUNT ELIZABETH MOUNT ELIZABETH HOSPITAL SINGAPORE 228510","postal":"228510"}},{"type":"Feature","geometry":{"type":"Point","coordinates":[103.835432938605,1.30515487138921]},"properties":{"searchval":"3, MOUNT ELIZABETH, #02-01, MOUNT ELIZABETH HOSPITAL, SG(228510)","blk_no":"3","road_name":"MOUNT ELIZABETH","building":"MOUNT ELIZABETH HOSPITAL/MEDICAL CENTRE","building_name":"MOUNT ELIZABETH HOSPITAL PHARMACY","building_type":"PHARMACY","address":"3 MOUNT ELIZABETH MOUNT ELIZABETH HOSPITAL/MEDICAL CENTRE SINGAPORE 228510","postal":"228510"}},{"type":"Feature","geometry":{"type":"Point","coordinates":[103.835473484678,1.30540799662074]},"properties":{"searchval":"3, MOUNT ELIZABETH, #02-01, MOUNT ELIZABETH HOSPITAL, SG(228510)","blk_no":"3","road_name":"MOUNT ELIZABETH","building":"OUTPATIENT CLINIC (MOUNT ELIZABETH HOSPITAL)","building_name":"MOUNT ELIZABETH HOSPITAL PHARMACY","building_type":"PHARMACY","address":"3 MOUNT ELIZABETH OUTPATIENT CLINIC (MOUNT ELIZABETH HOSPITAL) SINGAPORE 228510","postal":"228510"}},{"type":"Feature","geometry":{"type":"Point","coordinates":[103.844317495607,1.32210979381602]},"properties":{"searchval":"38, IRRAWADDY ROAD, #04-00, SG(329563)","blk_no":"38","road_name":"IRRAWADDY ROAD","building":"24-HOUR WALK-IN CLINIC (MOUNT ELIZABETH NOVENA HOSPITAL)","building_name":"MOUNT ELIZABETH NOVENA HOSPITAL PHARMACY","building_type":"PHARMACY","address":"38 IRRAWADDY ROAD 24-HOUR WALK-IN CLINIC (MOUNT ELIZABETH NOVENA HOSPITAL) SINGAPORE 329563","postal":"329563"}},{"type":"Feature","geometry":{"type":"Point","coordinates":[103.844212383833,1.32214005436305]},"properties":{"searchval":"38, IRRAWADDY ROAD, #04-00, SG(329563)","blk_no":"38","road_name":"IRRAWADDY ROAD","building":"MOUNT ELIZABETH NOVENA HOSPITAL","building_name":"MOUNT ELIZABETH NOVENA HOSPITAL PHARMACY","building_type":"PHARMACY","address":"38 IRRAWADDY ROAD MOUNT ELIZABETH NOVENA HOSPITAL SINGAPORE 329563","postal":"329563"}},{"type":"Feature","geometry":{"type":"Point","coordinates":[103.837774442377,1.34149897479709]},"properties":{"searchval":"820, THOMSON ROAD, #01-00 MAIN BLGD, MOUNT ALVERNIA HOSPITAL, SG(574623)","blk_no":"820","road_name":"THOMSON ROAD","building":"24-HOUR WALK-IN CLINIC (MOUNT ALVERNIA HOSPITAL)","building_name":"MT ALVERNIA HOSPITAL RETAIL PHARMACY","building_type":"PHARMACY","address":"820 THOMSON ROAD 24-HOUR WALK-IN CLINIC (MOUNT ALVERNIA HOSPITAL) SINGAPORE 574623","postal":"574623"}},{"type":"Feature","geometry":{"type":"Point","coordinates":[103.837593772832,1.34181992530127]},"properties":{"searchval":"820, THOMSON ROAD, #01-00 MAIN BLGD, MOUNT ALVERNIA HOSPITAL, SG(574623)","blk_no":"820","road_name":"THOMSON ROAD","building":"MOUNT ALVERNIA HOSPITAL","building_name":"MT ALVERNIA HOSPITAL RETAIL PHARMACY","building_type":"PHARMACY","address":"820 THOMSON ROAD MOUNT ALVERNIA HOSPITAL SINGAPORE 574623","postal":"574623"}},{"type":"Feature","geometry":{"type":"Point","coordinates":[103.856508100995,1.30906470036101]},"properties":{"searchval":"171, SYED ALWI ROAD, #01-00, MUSTAFA CENTRE, SG(207713)","blk_no":"171","road_name":"SYED ALWI ROAD","building":"NIL","building_name":"MUSTAFA PHARMACY","building_type":"PHARMACY","address":"171 SYED ALWI ROAD SINGAPORE 207713","postal":"207713"}},{"type":"Feature","geometry":{"type":"Point","coordinates":[103.837774442377,1.34149897479709]},"properties":{"searchval":"820, THOMSON ROAD, #02-29, MOUNT ALVERNIA HOSPITAL, SG(574623)","blk_no":"820","road_name":"THOMSON ROAD","building":"24-HOUR WALK-IN CLINIC (MOUNT ALVERNIA HOSPITAL)","building_name":"Mount Alvernia Hospital (Main Pharmacy)","building_type":"PHARMACY","address":"820 THOMSON ROAD 24-HOUR WALK-IN CLINIC (MOUNT ALVERNIA HOSPITAL) SINGAPORE 574623","postal":"574623"}},{"type":"Feature","geometry":{"type":"Point","coordinates":[103.837593772832,1.34181992530127]},"properties":{"searchval":"820, THOMSON ROAD, #02-29, MOUNT ALVERNIA HOSPITAL, SG(574623)","blk_no":"820","road_name":"THOMSON ROAD","building":"MOUNT ALVERNIA HOSPITAL","building_name":"Mount Alvernia Hospital (Main Pharmacy)","building_type":"PHARMACY","address":"820 THOMSON ROAD MOUNT ALVERNIA HOSPITAL SINGAPORE 574623","postal":"574623"}}]}